evolutionary_commit,base,left,right,parent,region_change_evolutionary_commit_before,region_change_evolutionary_commit_after,region_conflict_before,region_conflict_after
3846b7182ce0eba7a43237cc8e498e5391d33102,40b84c066d4d20b61f84db3b431f8427d3b91213,dd82b7951c14d05277a265151e58461660f02b7d,ffc7bd4ae8b285cf48704df3dfba5f32b67a6247,left,"-136,4","+136,6",a/src/transaction.js,b/src/transaction.js
ffc7bd4ae8b285cf48704df3dfba5f32b67a6247,40b84c066d4d20b61f84db3b431f8427d3b91213,dd82b7951c14d05277a265151e58461660f02b7d,ffc7bd4ae8b285cf48704df3dfba5f32b67a6247,right,"-136,6","+136,2",a/src/transaction.js,b/src/transaction.js
3846b7182ce0eba7a43237cc8e498e5391d33102,e7a42abbb200aaad3f6ac0324c28af75931c0583,2acd6e5daa15e5c18a3525965d113a15187bda8a,c39f6298d204c82f2c91a49e4c8b64c4d990ce25,left,"-209,3","+205,3",a/src/client.js,b/src/client.js
3d9327a2f4b37ddf7975680eacabc36f318f3fc7,e7a42abbb200aaad3f6ac0324c28af75931c0583,2acd6e5daa15e5c18a3525965d113a15187bda8a,c39f6298d204c82f2c91a49e4c8b64c4d990ce25,right,"-211,3","+211,4",a/src/client.js,b/src/client.js
3846b7182ce0eba7a43237cc8e498e5391d33102,e7a42abbb200aaad3f6ac0324c28af75931c0583,2acd6e5daa15e5c18a3525965d113a15187bda8a,c39f6298d204c82f2c91a49e4c8b64c4d990ce25,left,"-56,5","+56,7",a/src/dialects/mssql/transaction.js,b/src/dialects/mssql/transaction.js
3d9327a2f4b37ddf7975680eacabc36f318f3fc7,e7a42abbb200aaad3f6ac0324c28af75931c0583,2acd6e5daa15e5c18a3525965d113a15187bda8a,c39f6298d204c82f2c91a49e4c8b64c4d990ce25,right,"-56,5","+56,5",a/src/dialects/mssql/transaction.js,b/src/dialects/mssql/transaction.js
3846b7182ce0eba7a43237cc8e498e5391d33102,e7a42abbb200aaad3f6ac0324c28af75931c0583,2acd6e5daa15e5c18a3525965d113a15187bda8a,c39f6298d204c82f2c91a49e4c8b64c4d990ce25,left,"-40,5","+40,5",a/src/dialects/oracle/transaction.js,b/src/dialects/oracle/transaction.js
3d9327a2f4b37ddf7975680eacabc36f318f3fc7,e7a42abbb200aaad3f6ac0324c28af75931c0583,2acd6e5daa15e5c18a3525965d113a15187bda8a,c39f6298d204c82f2c91a49e4c8b64c4d990ce25,right,"-40,5","+40,5",a/src/dialects/oracle/transaction.js,b/src/dialects/oracle/transaction.js
3846b7182ce0eba7a43237cc8e498e5391d33102,e7a42abbb200aaad3f6ac0324c28af75931c0583,2acd6e5daa15e5c18a3525965d113a15187bda8a,c39f6298d204c82f2c91a49e4c8b64c4d990ce25,left,"-156,26","+164,28",a/src/runner.js,b/src/runner.js
3d9327a2f4b37ddf7975680eacabc36f318f3fc7,e7a42abbb200aaad3f6ac0324c28af75931c0583,2acd6e5daa15e5c18a3525965d113a15187bda8a,c39f6298d204c82f2c91a49e4c8b64c4d990ce25,right,"-156,26","+156,31",a/src/runner.js,b/src/runner.js
06e344744092657a14a6fce179715bcfd08cf08a,e7a42abbb200aaad3f6ac0324c28af75931c0583,2acd6e5daa15e5c18a3525965d113a15187bda8a,c39f6298d204c82f2c91a49e4c8b64c4d990ce25,left,"-4,6","+4,6",a/src/transaction.js,b/src/transaction.js
3846b7182ce0eba7a43237cc8e498e5391d33102,e7a42abbb200aaad3f6ac0324c28af75931c0583,2acd6e5daa15e5c18a3525965d113a15187bda8a,c39f6298d204c82f2c91a49e4c8b64c4d990ce25,left,"-4,6","+4,6",a/src/transaction.js,b/src/transaction.js
82105a6045a306e5133f46f003c709385a5df4d3,e7a42abbb200aaad3f6ac0324c28af75931c0583,2acd6e5daa15e5c18a3525965d113a15187bda8a,c39f6298d204c82f2c91a49e4c8b64c4d990ce25,right,"-4,6","+4,7",a/src/transaction.js,b/src/transaction.js
3846b7182ce0eba7a43237cc8e498e5391d33102,e7a42abbb200aaad3f6ac0324c28af75931c0583,2acd6e5daa15e5c18a3525965d113a15187bda8a,c39f6298d204c82f2c91a49e4c8b64c4d990ce25,left,"-143,5","+145,3",a/src/transaction.js,b/src/transaction.js
3d9327a2f4b37ddf7975680eacabc36f318f3fc7,e7a42abbb200aaad3f6ac0324c28af75931c0583,2acd6e5daa15e5c18a3525965d113a15187bda8a,c39f6298d204c82f2c91a49e4c8b64c4d990ce25,right,"-143,5","+143,5",a/src/transaction.js,b/src/transaction.js
3846b7182ce0eba7a43237cc8e498e5391d33102,e7a42abbb200aaad3f6ac0324c28af75931c0583,2acd6e5daa15e5c18a3525965d113a15187bda8a,c39f6298d204c82f2c91a49e4c8b64c4d990ce25,left,"-239,8","+229,4",a/src/transaction.js,b/src/transaction.js
82105a6045a306e5133f46f003c709385a5df4d3,e7a42abbb200aaad3f6ac0324c28af75931c0583,2acd6e5daa15e5c18a3525965d113a15187bda8a,c39f6298d204c82f2c91a49e4c8b64c4d990ce25,right,"-239,8","+240,11",a/src/transaction.js,b/src/transaction.js
43dbdadb907687ba2b2d6966c7fc9419a9b4f507,aa6cb2eb9c1ffdbedddccbdbb18feb89dd809dfd,eed0004031450d3865964f09c61dcad33ab2b671,43dbdadb907687ba2b2d6966c7fc9419a9b4f507,right,"-43,3","+42,1",a/src/dialects/mssql/index.js,b/src/dialects/mssql/index.js
f9aab9dc76f4504143a3dba51127a2f3c7165829,c8232d11d32ef9a841c2cf8ae6c0a9b1ac29ab4c,34b6bd4076e64cccf6f31244d5c157846da0c919,f662bca81d10a4763c0e0f74392216c88e06c69b,left,"-11,1","+13,1",a/lib/dialects/mysql2/index.js,b/lib/dialects/mysql2/index.js
a812bdf0b20a9cf000e5983d9fba29a3dd12a97b,c8232d11d32ef9a841c2cf8ae6c0a9b1ac29ab4c,34b6bd4076e64cccf6f31244d5c157846da0c919,f662bca81d10a4763c0e0f74392216c88e06c69b,right,"-7,7","+7,7",a/lib/dialects/mysql2/index.js,b/lib/dialects/mysql2/index.js
d7c27fc4a5400cff2ec518757d4ebd2956e65f67,6b85f1d66f8258f478415015f47c27068ec3c85d,ad94518380c1e1bb90dab16353d5ef28f637a9dc,d6978a0dff8e47c181b9eb716fb568d961e709c4,left,"-0,0","+49,2",a/docs/assets/behavior.js,b/docs/assets/behavior.js
f344411ce208cc5b4175b175b23f03890353c7db,6b85f1d66f8258f478415015f47c27068ec3c85d,ad94518380c1e1bb90dab16353d5ef28f637a9dc,d6978a0dff8e47c181b9eb716fb568d961e709c4,right,"-19,14","+19,10",a/docs/assets/behavior.js,b/docs/assets/behavior.js
d7c27fc4a5400cff2ec518757d4ebd2956e65f67,6b85f1d66f8258f478415015f47c27068ec3c85d,ad94518380c1e1bb90dab16353d5ef28f637a9dc,d6978a0dff8e47c181b9eb716fb568d961e709c4,left,"-0,0","+54,2",a/docs/assets/behavior.js,b/docs/assets/behavior.js
f344411ce208cc5b4175b175b23f03890353c7db,6b85f1d66f8258f478415015f47c27068ec3c85d,ad94518380c1e1bb90dab16353d5ef28f637a9dc,d6978a0dff8e47c181b9eb716fb568d961e709c4,right,"-48,60","+44,52",a/docs/assets/behavior.js,b/docs/assets/behavior.js
f7ad182e68c4f4a45d46ba88294e521d78ebbdb7,6b85f1d66f8258f478415015f47c27068ec3c85d,ad94518380c1e1bb90dab16353d5ef28f637a9dc,d6978a0dff8e47c181b9eb716fb568d961e709c4,left,"-74,5","+74,5",a/docs/assets/behavior.js,b/docs/assets/behavior.js
d7c27fc4a5400cff2ec518757d4ebd2956e65f67,6b85f1d66f8258f478415015f47c27068ec3c85d,ad94518380c1e1bb90dab16353d5ef28f637a9dc,d6978a0dff8e47c181b9eb716fb568d961e709c4,left,"-0,0","+74,5",a/docs/assets/behavior.js,b/docs/assets/behavior.js
f344411ce208cc5b4175b175b23f03890353c7db,6b85f1d66f8258f478415015f47c27068ec3c85d,ad94518380c1e1bb90dab16353d5ef28f637a9dc,d6978a0dff8e47c181b9eb716fb568d961e709c4,right,"-127,5","+112,4",a/docs/assets/behavior.js,b/docs/assets/behavior.js
f7ad182e68c4f4a45d46ba88294e521d78ebbdb7,6b85f1d66f8258f478415015f47c27068ec3c85d,ad94518380c1e1bb90dab16353d5ef28f637a9dc,d6978a0dff8e47c181b9eb716fb568d961e709c4,left,"-104,5","+104,5",a/docs/assets/behavior.js,b/docs/assets/behavior.js
d7c27fc4a5400cff2ec518757d4ebd2956e65f67,6b85f1d66f8258f478415015f47c27068ec3c85d,ad94518380c1e1bb90dab16353d5ef28f637a9dc,d6978a0dff8e47c181b9eb716fb568d961e709c4,left,"-0,0","+104,5",a/docs/assets/behavior.js,b/docs/assets/behavior.js
f344411ce208cc5b4175b175b23f03890353c7db,6b85f1d66f8258f478415015f47c27068ec3c85d,ad94518380c1e1bb90dab16353d5ef28f637a9dc,d6978a0dff8e47c181b9eb716fb568d961e709c4,right,"-157,5","+138,4",a/docs/assets/behavior.js,b/docs/assets/behavior.js
d7c27fc4a5400cff2ec518757d4ebd2956e65f67,6b85f1d66f8258f478415015f47c27068ec3c85d,ad94518380c1e1bb90dab16353d5ef28f637a9dc,d6978a0dff8e47c181b9eb716fb568d961e709c4,left,"-0,0","+122,1",a/docs/assets/behavior.js,b/docs/assets/behavior.js
f344411ce208cc5b4175b175b23f03890353c7db,6b85f1d66f8258f478415015f47c27068ec3c85d,ad94518380c1e1bb90dab16353d5ef28f637a9dc,d6978a0dff8e47c181b9eb716fb568d961e709c4,right,"-175,104","+155,92",a/docs/assets/behavior.js,b/docs/assets/behavior.js
f7ad182e68c4f4a45d46ba88294e521d78ebbdb7,6b85f1d66f8258f478415015f47c27068ec3c85d,ad94518380c1e1bb90dab16353d5ef28f637a9dc,d6978a0dff8e47c181b9eb716fb568d961e709c4,left,"-134,5","+134,5",a/docs/assets/behavior.js,b/docs/assets/behavior.js
d7c27fc4a5400cff2ec518757d4ebd2956e65f67,6b85f1d66f8258f478415015f47c27068ec3c85d,ad94518380c1e1bb90dab16353d5ef28f637a9dc,d6978a0dff8e47c181b9eb716fb568d961e709c4,left,"-0,0","+134,5",a/docs/assets/behavior.js,b/docs/assets/behavior.js
f344411ce208cc5b4175b175b23f03890353c7db,6b85f1d66f8258f478415015f47c27068ec3c85d,ad94518380c1e1bb90dab16353d5ef28f637a9dc,d6978a0dff8e47c181b9eb716fb568d961e709c4,right,"-290,5","+255,4",a/docs/assets/behavior.js,b/docs/assets/behavior.js
f7ad182e68c4f4a45d46ba88294e521d78ebbdb7,6b85f1d66f8258f478415015f47c27068ec3c85d,ad94518380c1e1bb90dab16353d5ef28f637a9dc,d6978a0dff8e47c181b9eb716fb568d961e709c4,left,"-164,5","+164,5",a/docs/assets/behavior.js,b/docs/assets/behavior.js
d7c27fc4a5400cff2ec518757d4ebd2956e65f67,6b85f1d66f8258f478415015f47c27068ec3c85d,ad94518380c1e1bb90dab16353d5ef28f637a9dc,d6978a0dff8e47c181b9eb716fb568d961e709c4,left,"-0,0","+164,5",a/docs/assets/behavior.js,b/docs/assets/behavior.js
f344411ce208cc5b4175b175b23f03890353c7db,6b85f1d66f8258f478415015f47c27068ec3c85d,ad94518380c1e1bb90dab16353d5ef28f637a9dc,d6978a0dff8e47c181b9eb716fb568d961e709c4,right,"-320,5","+281,4",a/docs/assets/behavior.js,b/docs/assets/behavior.js
d7c27fc4a5400cff2ec518757d4ebd2956e65f67,6b85f1d66f8258f478415015f47c27068ec3c85d,ad94518380c1e1bb90dab16353d5ef28f637a9dc,d6978a0dff8e47c181b9eb716fb568d961e709c4,left,"-0,0","+182,1",a/docs/assets/behavior.js,b/docs/assets/behavior.js
f344411ce208cc5b4175b175b23f03890353c7db,6b85f1d66f8258f478415015f47c27068ec3c85d,ad94518380c1e1bb90dab16353d5ef28f637a9dc,d6978a0dff8e47c181b9eb716fb568d961e709c4,right,"-338,34","+298,30",a/docs/assets/behavior.js,b/docs/assets/behavior.js
f7ad182e68c4f4a45d46ba88294e521d78ebbdb7,6b85f1d66f8258f478415015f47c27068ec3c85d,ad94518380c1e1bb90dab16353d5ef28f637a9dc,d6978a0dff8e47c181b9eb716fb568d961e709c4,left,"-194,5","+194,5",a/docs/assets/behavior.js,b/docs/assets/behavior.js
d7c27fc4a5400cff2ec518757d4ebd2956e65f67,6b85f1d66f8258f478415015f47c27068ec3c85d,ad94518380c1e1bb90dab16353d5ef28f637a9dc,d6978a0dff8e47c181b9eb716fb568d961e709c4,left,"-0,0","+194,5",a/docs/assets/behavior.js,b/docs/assets/behavior.js
f344411ce208cc5b4175b175b23f03890353c7db,6b85f1d66f8258f478415015f47c27068ec3c85d,ad94518380c1e1bb90dab16353d5ef28f637a9dc,d6978a0dff8e47c181b9eb716fb568d961e709c4,right,"-383,5","+336,4",a/docs/assets/behavior.js,b/docs/assets/behavior.js
f7ad182e68c4f4a45d46ba88294e521d78ebbdb7,6b85f1d66f8258f478415015f47c27068ec3c85d,ad94518380c1e1bb90dab16353d5ef28f637a9dc,d6978a0dff8e47c181b9eb716fb568d961e709c4,left,"-240,5","+240,5",a/docs/assets/behavior.js,b/docs/assets/behavior.js
d7c27fc4a5400cff2ec518757d4ebd2956e65f67,6b85f1d66f8258f478415015f47c27068ec3c85d,ad94518380c1e1bb90dab16353d5ef28f637a9dc,d6978a0dff8e47c181b9eb716fb568d961e709c4,left,"-0,0","+240,5",a/docs/assets/behavior.js,b/docs/assets/behavior.js
f344411ce208cc5b4175b175b23f03890353c7db,6b85f1d66f8258f478415015f47c27068ec3c85d,ad94518380c1e1bb90dab16353d5ef28f637a9dc,d6978a0dff8e47c181b9eb716fb568d961e709c4,right,"-413,5","+362,4",a/docs/assets/behavior.js,b/docs/assets/behavior.js
d7c27fc4a5400cff2ec518757d4ebd2956e65f67,6b85f1d66f8258f478415015f47c27068ec3c85d,ad94518380c1e1bb90dab16353d5ef28f637a9dc,d6978a0dff8e47c181b9eb716fb568d961e709c4,left,"-0,0","+258,1",a/docs/assets/behavior.js,b/docs/assets/behavior.js
f344411ce208cc5b4175b175b23f03890353c7db,6b85f1d66f8258f478415015f47c27068ec3c85d,ad94518380c1e1bb90dab16353d5ef28f637a9dc,d6978a0dff8e47c181b9eb716fb568d961e709c4,right,"-431,34","+379,30",a/docs/assets/behavior.js,b/docs/assets/behavior.js
f7ad182e68c4f4a45d46ba88294e521d78ebbdb7,6b85f1d66f8258f478415015f47c27068ec3c85d,ad94518380c1e1bb90dab16353d5ef28f637a9dc,d6978a0dff8e47c181b9eb716fb568d961e709c4,left,"-270,5","+270,5",a/docs/assets/behavior.js,b/docs/assets/behavior.js
d7c27fc4a5400cff2ec518757d4ebd2956e65f67,6b85f1d66f8258f478415015f47c27068ec3c85d,ad94518380c1e1bb90dab16353d5ef28f637a9dc,d6978a0dff8e47c181b9eb716fb568d961e709c4,left,"-0,0","+270,5",a/docs/assets/behavior.js,b/docs/assets/behavior.js
f344411ce208cc5b4175b175b23f03890353c7db,6b85f1d66f8258f478415015f47c27068ec3c85d,ad94518380c1e1bb90dab16353d5ef28f637a9dc,d6978a0dff8e47c181b9eb716fb568d961e709c4,right,"-476,5","+417,4",a/docs/assets/behavior.js,b/docs/assets/behavior.js
f7ad182e68c4f4a45d46ba88294e521d78ebbdb7,6b85f1d66f8258f478415015f47c27068ec3c85d,ad94518380c1e1bb90dab16353d5ef28f637a9dc,d6978a0dff8e47c181b9eb716fb568d961e709c4,left,"-300,5","+300,25",a/docs/assets/behavior.js,b/docs/assets/behavior.js
d7c27fc4a5400cff2ec518757d4ebd2956e65f67,6b85f1d66f8258f478415015f47c27068ec3c85d,ad94518380c1e1bb90dab16353d5ef28f637a9dc,d6978a0dff8e47c181b9eb716fb568d961e709c4,left,"-0,0","+300,5",a/docs/assets/behavior.js,b/docs/assets/behavior.js
f344411ce208cc5b4175b175b23f03890353c7db,6b85f1d66f8258f478415015f47c27068ec3c85d,ad94518380c1e1bb90dab16353d5ef28f637a9dc,d6978a0dff8e47c181b9eb716fb568d961e709c4,right,"-506,5","+443,4",a/docs/assets/behavior.js,b/docs/assets/behavior.js
f7ad182e68c4f4a45d46ba88294e521d78ebbdb7,6b85f1d66f8258f478415015f47c27068ec3c85d,ad94518380c1e1bb90dab16353d5ef28f637a9dc,d6978a0dff8e47c181b9eb716fb568d961e709c4,left,"-562,441","+602,421",a/docs/assets/behavior.js,b/docs/assets/behavior.js
d7c27fc4a5400cff2ec518757d4ebd2956e65f67,6b85f1d66f8258f478415015f47c27068ec3c85d,ad94518380c1e1bb90dab16353d5ef28f637a9dc,d6978a0dff8e47c181b9eb716fb568d961e709c4,left,"-0,0","+562,441",a/docs/assets/behavior.js,b/docs/assets/behavior.js
f344411ce208cc5b4175b175b23f03890353c7db,6b85f1d66f8258f478415015f47c27068ec3c85d,ad94518380c1e1bb90dab16353d5ef28f637a9dc,d6978a0dff8e47c181b9eb716fb568d961e709c4,right,"-593,54","+521,50",a/docs/assets/behavior.js,b/docs/assets/behavior.js
f7ad182e68c4f4a45d46ba88294e521d78ebbdb7,6b85f1d66f8258f478415015f47c27068ec3c85d,ad94518380c1e1bb90dab16353d5ef28f637a9dc,d6978a0dff8e47c181b9eb716fb568d961e709c4,left,"-1014,1","+1034,5",a/docs/assets/behavior.js,b/docs/assets/behavior.js
d7c27fc4a5400cff2ec518757d4ebd2956e65f67,6b85f1d66f8258f478415015f47c27068ec3c85d,ad94518380c1e1bb90dab16353d5ef28f637a9dc,d6978a0dff8e47c181b9eb716fb568d961e709c4,left,"-0,0","+1014,1",a/docs/assets/behavior.js,b/docs/assets/behavior.js
f344411ce208cc5b4175b175b23f03890353c7db,6b85f1d66f8258f478415015f47c27068ec3c85d,ad94518380c1e1bb90dab16353d5ef28f637a9dc,d6978a0dff8e47c181b9eb716fb568d961e709c4,right,"-658,5","+579,4",a/docs/assets/behavior.js,b/docs/assets/behavior.js
f7ad182e68c4f4a45d46ba88294e521d78ebbdb7,6b85f1d66f8258f478415015f47c27068ec3c85d,ad94518380c1e1bb90dab16353d5ef28f637a9dc,d6978a0dff8e47c181b9eb716fb568d961e709c4,left,"-1014,5","+1054,5",a/docs/assets/behavior.js,b/docs/assets/behavior.js
d7c27fc4a5400cff2ec518757d4ebd2956e65f67,6b85f1d66f8258f478415015f47c27068ec3c85d,ad94518380c1e1bb90dab16353d5ef28f637a9dc,d6978a0dff8e47c181b9eb716fb568d961e709c4,left,"-0,0","+1014,5",a/docs/assets/behavior.js,b/docs/assets/behavior.js
f344411ce208cc5b4175b175b23f03890353c7db,6b85f1d66f8258f478415015f47c27068ec3c85d,ad94518380c1e1bb90dab16353d5ef28f637a9dc,d6978a0dff8e47c181b9eb716fb568d961e709c4,right,"-698,5","+615,4",a/docs/assets/behavior.js,b/docs/assets/behavior.js
f7ad182e68c4f4a45d46ba88294e521d78ebbdb7,6b85f1d66f8258f478415015f47c27068ec3c85d,ad94518380c1e1bb90dab16353d5ef28f637a9dc,d6978a0dff8e47c181b9eb716fb568d961e709c4,left,"-1036,5","+1076,5",a/docs/assets/behavior.js,b/docs/assets/behavior.js
d7c27fc4a5400cff2ec518757d4ebd2956e65f67,6b85f1d66f8258f478415015f47c27068ec3c85d,ad94518380c1e1bb90dab16353d5ef28f637a9dc,d6978a0dff8e47c181b9eb716fb568d961e709c4,left,"-0,0","+1036,5",a/docs/assets/behavior.js,b/docs/assets/behavior.js
f344411ce208cc5b4175b175b23f03890353c7db,6b85f1d66f8258f478415015f47c27068ec3c85d,ad94518380c1e1bb90dab16353d5ef28f637a9dc,d6978a0dff8e47c181b9eb716fb568d961e709c4,right,"-720,5","+633,4",a/docs/assets/behavior.js,b/docs/assets/behavior.js
f7ad182e68c4f4a45d46ba88294e521d78ebbdb7,6b85f1d66f8258f478415015f47c27068ec3c85d,ad94518380c1e1bb90dab16353d5ef28f637a9dc,d6978a0dff8e47c181b9eb716fb568d961e709c4,left,"-1066,5","+1106,5",a/docs/assets/behavior.js,b/docs/assets/behavior.js
d7c27fc4a5400cff2ec518757d4ebd2956e65f67,6b85f1d66f8258f478415015f47c27068ec3c85d,ad94518380c1e1bb90dab16353d5ef28f637a9dc,d6978a0dff8e47c181b9eb716fb568d961e709c4,left,"-0,0","+1066,5",a/docs/assets/behavior.js,b/docs/assets/behavior.js
f344411ce208cc5b4175b175b23f03890353c7db,6b85f1d66f8258f478415015f47c27068ec3c85d,ad94518380c1e1bb90dab16353d5ef28f637a9dc,d6978a0dff8e47c181b9eb716fb568d961e709c4,right,"-750,5","+659,4",a/docs/assets/behavior.js,b/docs/assets/behavior.js
d7c27fc4a5400cff2ec518757d4ebd2956e65f67,6b85f1d66f8258f478415015f47c27068ec3c85d,ad94518380c1e1bb90dab16353d5ef28f637a9dc,d6978a0dff8e47c181b9eb716fb568d961e709c4,left,"-0,0","+1073,9",a/docs/assets/behavior.js,b/docs/assets/behavior.js
f7ad182e68c4f4a45d46ba88294e521d78ebbdb7,6b85f1d66f8258f478415015f47c27068ec3c85d,ad94518380c1e1bb90dab16353d5ef28f637a9dc,d6978a0dff8e47c181b9eb716fb568d961e709c4,left,"-1237,2","+1277,2",a/docs/assets/behavior.js,b/docs/assets/behavior.js
d7c27fc4a5400cff2ec518757d4ebd2956e65f67,6b85f1d66f8258f478415015f47c27068ec3c85d,ad94518380c1e1bb90dab16353d5ef28f637a9dc,d6978a0dff8e47c181b9eb716fb568d961e709c4,left,"-0,0","+1237,2",a/docs/assets/behavior.js,b/docs/assets/behavior.js
f344411ce208cc5b4175b175b23f03890353c7db,6b85f1d66f8258f478415015f47c27068ec3c85d,ad94518380c1e1bb90dab16353d5ef28f637a9dc,d6978a0dff8e47c181b9eb716fb568d961e709c4,right,"-810,20","+711,16",a/docs/assets/behavior.js,b/docs/assets/behavior.js
f7ad182e68c4f4a45d46ba88294e521d78ebbdb7,6b85f1d66f8258f478415015f47c27068ec3c85d,ad94518380c1e1bb90dab16353d5ef28f637a9dc,d6978a0dff8e47c181b9eb716fb568d961e709c4,left,"-1268,5","+1308,5",a/docs/assets/behavior.js,b/docs/assets/behavior.js
d7c27fc4a5400cff2ec518757d4ebd2956e65f67,6b85f1d66f8258f478415015f47c27068ec3c85d,ad94518380c1e1bb90dab16353d5ef28f637a9dc,d6978a0dff8e47c181b9eb716fb568d961e709c4,left,"-0,0","+1268,5",a/docs/assets/behavior.js,b/docs/assets/behavior.js
f344411ce208cc5b4175b175b23f03890353c7db,6b85f1d66f8258f478415015f47c27068ec3c85d,ad94518380c1e1bb90dab16353d5ef28f637a9dc,d6978a0dff8e47c181b9eb716fb568d961e709c4,right,"-860,5","+753,4",a/docs/assets/behavior.js,b/docs/assets/behavior.js
d7c27fc4a5400cff2ec518757d4ebd2956e65f67,6b85f1d66f8258f478415015f47c27068ec3c85d,ad94518380c1e1bb90dab16353d5ef28f637a9dc,d6978a0dff8e47c181b9eb716fb568d961e709c4,left,"-0,0","+1289,2",a/docs/assets/behavior.js,b/docs/assets/behavior.js
f344411ce208cc5b4175b175b23f03890353c7db,6b85f1d66f8258f478415015f47c27068ec3c85d,ad94518380c1e1bb90dab16353d5ef28f637a9dc,d6978a0dff8e47c181b9eb716fb568d961e709c4,right,"-881,14","+773,10",a/docs/assets/behavior.js,b/docs/assets/behavior.js
f7ad182e68c4f4a45d46ba88294e521d78ebbdb7,6b85f1d66f8258f478415015f47c27068ec3c85d,ad94518380c1e1bb90dab16353d5ef28f637a9dc,d6978a0dff8e47c181b9eb716fb568d961e709c4,left,"-1542,35","+1602,5",a/docs/assets/behavior.js,b/docs/assets/behavior.js
d7c27fc4a5400cff2ec518757d4ebd2956e65f67,6b85f1d66f8258f478415015f47c27068ec3c85d,ad94518380c1e1bb90dab16353d5ef28f637a9dc,d6978a0dff8e47c181b9eb716fb568d961e709c4,left,"-0,0","+1542,35",a/docs/assets/behavior.js,b/docs/assets/behavior.js
f344411ce208cc5b4175b175b23f03890353c7db,6b85f1d66f8258f478415015f47c27068ec3c85d,ad94518380c1e1bb90dab16353d5ef28f637a9dc,d6978a0dff8e47c181b9eb716fb568d961e709c4,right,"-920,5","+805,4",a/docs/assets/behavior.js,b/docs/assets/behavior.js
f7ad182e68c4f4a45d46ba88294e521d78ebbdb7,6b85f1d66f8258f478415015f47c27068ec3c85d,ad94518380c1e1bb90dab16353d5ef28f637a9dc,d6978a0dff8e47c181b9eb716fb568d961e709c4,left,"-1602,5","+1632,5",a/docs/assets/behavior.js,b/docs/assets/behavior.js
d7c27fc4a5400cff2ec518757d4ebd2956e65f67,6b85f1d66f8258f478415015f47c27068ec3c85d,ad94518380c1e1bb90dab16353d5ef28f637a9dc,d6978a0dff8e47c181b9eb716fb568d961e709c4,left,"-0,0","+1602,5",a/docs/assets/behavior.js,b/docs/assets/behavior.js
f344411ce208cc5b4175b175b23f03890353c7db,6b85f1d66f8258f478415015f47c27068ec3c85d,ad94518380c1e1bb90dab16353d5ef28f637a9dc,d6978a0dff8e47c181b9eb716fb568d961e709c4,right,"-950,5","+831,4",a/docs/assets/behavior.js,b/docs/assets/behavior.js
f7ad182e68c4f4a45d46ba88294e521d78ebbdb7,6b85f1d66f8258f478415015f47c27068ec3c85d,ad94518380c1e1bb90dab16353d5ef28f637a9dc,d6978a0dff8e47c181b9eb716fb568d961e709c4,left,"-1,1","+1,1",a/knex.js,b/knex.js
69d6cd6f8aa74f11c706280bbde45aa1d09e9cb8,6b85f1d66f8258f478415015f47c27068ec3c85d,ad94518380c1e1bb90dab16353d5ef28f637a9dc,d6978a0dff8e47c181b9eb716fb568d961e709c4,left,"-1,1","+1,1",a/knex.js,b/knex.js
f344411ce208cc5b4175b175b23f03890353c7db,6b85f1d66f8258f478415015f47c27068ec3c85d,ad94518380c1e1bb90dab16353d5ef28f637a9dc,d6978a0dff8e47c181b9eb716fb568d961e709c4,right,"-1,1","+1,1",a/knex.js,b/knex.js
dfdc426751f2d6b75cf8722a61f3547557ab51b0,6b85f1d66f8258f478415015f47c27068ec3c85d,ad94518380c1e1bb90dab16353d5ef28f637a9dc,d6978a0dff8e47c181b9eb716fb568d961e709c4,left,"-118,1","+104,1",a/knex.js,b/knex.js
f344411ce208cc5b4175b175b23f03890353c7db,6b85f1d66f8258f478415015f47c27068ec3c85d,ad94518380c1e1bb90dab16353d5ef28f637a9dc,d6978a0dff8e47c181b9eb716fb568d961e709c4,right,"-82,18","+82,18",a/knex.js,b/knex.js
d7c27fc4a5400cff2ec518757d4ebd2956e65f67,8902ef4c8e2ad9000b93a8a0f4ac0166fcca3020,5111370503b61a863a2b091e37c7dd3767fbcbfa,9580e7c7c6c8ae146dfcc4cf6df03681067be4d5,left,"-0,0","+49,2",a/docs/assets/behavior.js,b/docs/assets/behavior.js
738afaaf01088d8036738f56aa59991f3aa0dffa,8902ef4c8e2ad9000b93a8a0f4ac0166fcca3020,5111370503b61a863a2b091e37c7dd3767fbcbfa,9580e7c7c6c8ae146dfcc4cf6df03681067be4d5,right,"-19,14","+19,14",a/docs/assets/behavior.js,b/docs/assets/behavior.js
d7c27fc4a5400cff2ec518757d4ebd2956e65f67,8902ef4c8e2ad9000b93a8a0f4ac0166fcca3020,5111370503b61a863a2b091e37c7dd3767fbcbfa,9580e7c7c6c8ae146dfcc4cf6df03681067be4d5,left,"-0,0","+54,2",a/docs/assets/behavior.js,b/docs/assets/behavior.js
738afaaf01088d8036738f56aa59991f3aa0dffa,8902ef4c8e2ad9000b93a8a0f4ac0166fcca3020,5111370503b61a863a2b091e37c7dd3767fbcbfa,9580e7c7c6c8ae146dfcc4cf6df03681067be4d5,right,"-48,60","+48,60",a/docs/assets/behavior.js,b/docs/assets/behavior.js
d7c27fc4a5400cff2ec518757d4ebd2956e65f67,8902ef4c8e2ad9000b93a8a0f4ac0166fcca3020,5111370503b61a863a2b091e37c7dd3767fbcbfa,9580e7c7c6c8ae146dfcc4cf6df03681067be4d5,left,"-0,0","+74,5",a/docs/assets/behavior.js,b/docs/assets/behavior.js
738afaaf01088d8036738f56aa59991f3aa0dffa,8902ef4c8e2ad9000b93a8a0f4ac0166fcca3020,5111370503b61a863a2b091e37c7dd3767fbcbfa,9580e7c7c6c8ae146dfcc4cf6df03681067be4d5,right,"-127,5","+127,5",a/docs/assets/behavior.js,b/docs/assets/behavior.js
d7c27fc4a5400cff2ec518757d4ebd2956e65f67,8902ef4c8e2ad9000b93a8a0f4ac0166fcca3020,5111370503b61a863a2b091e37c7dd3767fbcbfa,9580e7c7c6c8ae146dfcc4cf6df03681067be4d5,left,"-0,0","+104,5",a/docs/assets/behavior.js,b/docs/assets/behavior.js
738afaaf01088d8036738f56aa59991f3aa0dffa,8902ef4c8e2ad9000b93a8a0f4ac0166fcca3020,5111370503b61a863a2b091e37c7dd3767fbcbfa,9580e7c7c6c8ae146dfcc4cf6df03681067be4d5,right,"-157,5","+157,5",a/docs/assets/behavior.js,b/docs/assets/behavior.js
d7c27fc4a5400cff2ec518757d4ebd2956e65f67,8902ef4c8e2ad9000b93a8a0f4ac0166fcca3020,5111370503b61a863a2b091e37c7dd3767fbcbfa,9580e7c7c6c8ae146dfcc4cf6df03681067be4d5,left,"-0,0","+122,1",a/docs/assets/behavior.js,b/docs/assets/behavior.js
738afaaf01088d8036738f56aa59991f3aa0dffa,8902ef4c8e2ad9000b93a8a0f4ac0166fcca3020,5111370503b61a863a2b091e37c7dd3767fbcbfa,9580e7c7c6c8ae146dfcc4cf6df03681067be4d5,right,"-175,104","+175,104",a/docs/assets/behavior.js,b/docs/assets/behavior.js
d7c27fc4a5400cff2ec518757d4ebd2956e65f67,8902ef4c8e2ad9000b93a8a0f4ac0166fcca3020,5111370503b61a863a2b091e37c7dd3767fbcbfa,9580e7c7c6c8ae146dfcc4cf6df03681067be4d5,left,"-0,0","+134,5",a/docs/assets/behavior.js,b/docs/assets/behavior.js
738afaaf01088d8036738f56aa59991f3aa0dffa,8902ef4c8e2ad9000b93a8a0f4ac0166fcca3020,5111370503b61a863a2b091e37c7dd3767fbcbfa,9580e7c7c6c8ae146dfcc4cf6df03681067be4d5,right,"-290,5","+290,5",a/docs/assets/behavior.js,b/docs/assets/behavior.js
d7c27fc4a5400cff2ec518757d4ebd2956e65f67,8902ef4c8e2ad9000b93a8a0f4ac0166fcca3020,5111370503b61a863a2b091e37c7dd3767fbcbfa,9580e7c7c6c8ae146dfcc4cf6df03681067be4d5,left,"-0,0","+164,5",a/docs/assets/behavior.js,b/docs/assets/behavior.js
738afaaf01088d8036738f56aa59991f3aa0dffa,8902ef4c8e2ad9000b93a8a0f4ac0166fcca3020,5111370503b61a863a2b091e37c7dd3767fbcbfa,9580e7c7c6c8ae146dfcc4cf6df03681067be4d5,right,"-320,5","+320,5",a/docs/assets/behavior.js,b/docs/assets/behavior.js
d7c27fc4a5400cff2ec518757d4ebd2956e65f67,8902ef4c8e2ad9000b93a8a0f4ac0166fcca3020,5111370503b61a863a2b091e37c7dd3767fbcbfa,9580e7c7c6c8ae146dfcc4cf6df03681067be4d5,left,"-0,0","+182,1",a/docs/assets/behavior.js,b/docs/assets/behavior.js
738afaaf01088d8036738f56aa59991f3aa0dffa,8902ef4c8e2ad9000b93a8a0f4ac0166fcca3020,5111370503b61a863a2b091e37c7dd3767fbcbfa,9580e7c7c6c8ae146dfcc4cf6df03681067be4d5,right,"-338,34","+338,34",a/docs/assets/behavior.js,b/docs/assets/behavior.js
d7c27fc4a5400cff2ec518757d4ebd2956e65f67,8902ef4c8e2ad9000b93a8a0f4ac0166fcca3020,5111370503b61a863a2b091e37c7dd3767fbcbfa,9580e7c7c6c8ae146dfcc4cf6df03681067be4d5,left,"-0,0","+194,5",a/docs/assets/behavior.js,b/docs/assets/behavior.js
738afaaf01088d8036738f56aa59991f3aa0dffa,8902ef4c8e2ad9000b93a8a0f4ac0166fcca3020,5111370503b61a863a2b091e37c7dd3767fbcbfa,9580e7c7c6c8ae146dfcc4cf6df03681067be4d5,right,"-383,5","+383,5",a/docs/assets/behavior.js,b/docs/assets/behavior.js
d7c27fc4a5400cff2ec518757d4ebd2956e65f67,8902ef4c8e2ad9000b93a8a0f4ac0166fcca3020,5111370503b61a863a2b091e37c7dd3767fbcbfa,9580e7c7c6c8ae146dfcc4cf6df03681067be4d5,left,"-0,0","+240,5",a/docs/assets/behavior.js,b/docs/assets/behavior.js
738afaaf01088d8036738f56aa59991f3aa0dffa,8902ef4c8e2ad9000b93a8a0f4ac0166fcca3020,5111370503b61a863a2b091e37c7dd3767fbcbfa,9580e7c7c6c8ae146dfcc4cf6df03681067be4d5,right,"-413,5","+413,5",a/docs/assets/behavior.js,b/docs/assets/behavior.js
d7c27fc4a5400cff2ec518757d4ebd2956e65f67,8902ef4c8e2ad9000b93a8a0f4ac0166fcca3020,5111370503b61a863a2b091e37c7dd3767fbcbfa,9580e7c7c6c8ae146dfcc4cf6df03681067be4d5,left,"-0,0","+258,1",a/docs/assets/behavior.js,b/docs/assets/behavior.js
738afaaf01088d8036738f56aa59991f3aa0dffa,8902ef4c8e2ad9000b93a8a0f4ac0166fcca3020,5111370503b61a863a2b091e37c7dd3767fbcbfa,9580e7c7c6c8ae146dfcc4cf6df03681067be4d5,right,"-431,34","+431,34",a/docs/assets/behavior.js,b/docs/assets/behavior.js
d7c27fc4a5400cff2ec518757d4ebd2956e65f67,8902ef4c8e2ad9000b93a8a0f4ac0166fcca3020,5111370503b61a863a2b091e37c7dd3767fbcbfa,9580e7c7c6c8ae146dfcc4cf6df03681067be4d5,left,"-0,0","+270,5",a/docs/assets/behavior.js,b/docs/assets/behavior.js
738afaaf01088d8036738f56aa59991f3aa0dffa,8902ef4c8e2ad9000b93a8a0f4ac0166fcca3020,5111370503b61a863a2b091e37c7dd3767fbcbfa,9580e7c7c6c8ae146dfcc4cf6df03681067be4d5,right,"-476,5","+476,5",a/docs/assets/behavior.js,b/docs/assets/behavior.js
d7c27fc4a5400cff2ec518757d4ebd2956e65f67,8902ef4c8e2ad9000b93a8a0f4ac0166fcca3020,5111370503b61a863a2b091e37c7dd3767fbcbfa,9580e7c7c6c8ae146dfcc4cf6df03681067be4d5,left,"-0,0","+300,5",a/docs/assets/behavior.js,b/docs/assets/behavior.js
738afaaf01088d8036738f56aa59991f3aa0dffa,8902ef4c8e2ad9000b93a8a0f4ac0166fcca3020,5111370503b61a863a2b091e37c7dd3767fbcbfa,9580e7c7c6c8ae146dfcc4cf6df03681067be4d5,right,"-506,5","+506,5",a/docs/assets/behavior.js,b/docs/assets/behavior.js
d7c27fc4a5400cff2ec518757d4ebd2956e65f67,8902ef4c8e2ad9000b93a8a0f4ac0166fcca3020,5111370503b61a863a2b091e37c7dd3767fbcbfa,9580e7c7c6c8ae146dfcc4cf6df03681067be4d5,left,"-0,0","+547,938",a/docs/assets/behavior.js,b/docs/assets/behavior.js
d7c27fc4a5400cff2ec518757d4ebd2956e65f67,8902ef4c8e2ad9000b93a8a0f4ac0166fcca3020,5111370503b61a863a2b091e37c7dd3767fbcbfa,9580e7c7c6c8ae146dfcc4cf6df03681067be4d5,left,"-0,0","+1488,1",a/docs/assets/behavior.js,b/docs/assets/behavior.js
738afaaf01088d8036738f56aa59991f3aa0dffa,8902ef4c8e2ad9000b93a8a0f4ac0166fcca3020,5111370503b61a863a2b091e37c7dd3767fbcbfa,9580e7c7c6c8ae146dfcc4cf6df03681067be4d5,right,"-596,51","+596,51",a/docs/assets/behavior.js,b/docs/assets/behavior.js
d7c27fc4a5400cff2ec518757d4ebd2956e65f67,8902ef4c8e2ad9000b93a8a0f4ac0166fcca3020,5111370503b61a863a2b091e37c7dd3767fbcbfa,9580e7c7c6c8ae146dfcc4cf6df03681067be4d5,left,"-0,0","+1500,5",a/docs/assets/behavior.js,b/docs/assets/behavior.js
738afaaf01088d8036738f56aa59991f3aa0dffa,8902ef4c8e2ad9000b93a8a0f4ac0166fcca3020,5111370503b61a863a2b091e37c7dd3767fbcbfa,9580e7c7c6c8ae146dfcc4cf6df03681067be4d5,right,"-658,5","+658,5",a/docs/assets/behavior.js,b/docs/assets/behavior.js
d7c27fc4a5400cff2ec518757d4ebd2956e65f67,8902ef4c8e2ad9000b93a8a0f4ac0166fcca3020,5111370503b61a863a2b091e37c7dd3767fbcbfa,9580e7c7c6c8ae146dfcc4cf6df03681067be4d5,left,"-0,0","+1520,5",a/docs/assets/behavior.js,b/docs/assets/behavior.js
738afaaf01088d8036738f56aa59991f3aa0dffa,8902ef4c8e2ad9000b93a8a0f4ac0166fcca3020,5111370503b61a863a2b091e37c7dd3767fbcbfa,9580e7c7c6c8ae146dfcc4cf6df03681067be4d5,right,"-698,5","+698,5",a/docs/assets/behavior.js,b/docs/assets/behavior.js
d7c27fc4a5400cff2ec518757d4ebd2956e65f67,8902ef4c8e2ad9000b93a8a0f4ac0166fcca3020,5111370503b61a863a2b091e37c7dd3767fbcbfa,9580e7c7c6c8ae146dfcc4cf6df03681067be4d5,left,"-0,0","+1542,5",a/docs/assets/behavior.js,b/docs/assets/behavior.js
738afaaf01088d8036738f56aa59991f3aa0dffa,8902ef4c8e2ad9000b93a8a0f4ac0166fcca3020,5111370503b61a863a2b091e37c7dd3767fbcbfa,9580e7c7c6c8ae146dfcc4cf6df03681067be4d5,right,"-720,35","+720,35",a/docs/assets/behavior.js,b/docs/assets/behavior.js
d7c27fc4a5400cff2ec518757d4ebd2956e65f67,8902ef4c8e2ad9000b93a8a0f4ac0166fcca3020,5111370503b61a863a2b091e37c7dd3767fbcbfa,9580e7c7c6c8ae146dfcc4cf6df03681067be4d5,left,"-0,0","+1572,5",a/docs/assets/behavior.js,b/docs/assets/behavior.js
738afaaf01088d8036738f56aa59991f3aa0dffa,8902ef4c8e2ad9000b93a8a0f4ac0166fcca3020,5111370503b61a863a2b091e37c7dd3767fbcbfa,9580e7c7c6c8ae146dfcc4cf6df03681067be4d5,right,"-780,5","+780,5",a/docs/assets/behavior.js,b/docs/assets/behavior.js
d7c27fc4a5400cff2ec518757d4ebd2956e65f67,8902ef4c8e2ad9000b93a8a0f4ac0166fcca3020,5111370503b61a863a2b091e37c7dd3767fbcbfa,9580e7c7c6c8ae146dfcc4cf6df03681067be4d5,left,"-0,0","+1602,8",a/docs/assets/behavior.js,b/docs/assets/behavior.js
738afaaf01088d8036738f56aa59991f3aa0dffa,8902ef4c8e2ad9000b93a8a0f4ac0166fcca3020,5111370503b61a863a2b091e37c7dd3767fbcbfa,9580e7c7c6c8ae146dfcc4cf6df03681067be4d5,right,"-810,158","+810,158",a/docs/assets/behavior.js,b/docs/assets/behavior.js
69d6cd6f8aa74f11c706280bbde45aa1d09e9cb8,8902ef4c8e2ad9000b93a8a0f4ac0166fcca3020,5111370503b61a863a2b091e37c7dd3767fbcbfa,9580e7c7c6c8ae146dfcc4cf6df03681067be4d5,left,"-1,1","+1,1",a/knex.js,b/knex.js
738afaaf01088d8036738f56aa59991f3aa0dffa,8902ef4c8e2ad9000b93a8a0f4ac0166fcca3020,5111370503b61a863a2b091e37c7dd3767fbcbfa,9580e7c7c6c8ae146dfcc4cf6df03681067be4d5,right,"-1,1","+1,1",a/knex.js,b/knex.js
dfdc426751f2d6b75cf8722a61f3547557ab51b0,8902ef4c8e2ad9000b93a8a0f4ac0166fcca3020,5111370503b61a863a2b091e37c7dd3767fbcbfa,9580e7c7c6c8ae146dfcc4cf6df03681067be4d5,left,"-118,1","+104,1",a/knex.js,b/knex.js
738afaaf01088d8036738f56aa59991f3aa0dffa,8902ef4c8e2ad9000b93a8a0f4ac0166fcca3020,5111370503b61a863a2b091e37c7dd3767fbcbfa,9580e7c7c6c8ae146dfcc4cf6df03681067be4d5,right,"-82,18","+82,18",a/knex.js,b/knex.js
76dfc1348bae97a823222e35da1c88ae5908bc2e,f27c0e60fa518e04ff858a4ad828cf5a71c214bc,76dfc1348bae97a823222e35da1c88ae5908bc2e,6c76cc5cf0f5800bd07a568614f6ffdb4d2b84aa,left,"-1,18","+1,19",a/lib/query/compiler.js,b/lib/query/compiler.js
0de9513a78fc5bfbc4449ab851ad9e97e7d3e819,f27c0e60fa518e04ff858a4ad828cf5a71c214bc,76dfc1348bae97a823222e35da1c88ae5908bc2e,6c76cc5cf0f5800bd07a568614f6ffdb4d2b84aa,right,"-1,26","+1,27",a/lib/query/compiler.js,b/lib/query/compiler.js
4dee91551ac1889ac9867be48a4f0c909ae2f904,f27c0e60fa518e04ff858a4ad828cf5a71c214bc,76dfc1348bae97a823222e35da1c88ae5908bc2e,6c76cc5cf0f5800bd07a568614f6ffdb4d2b84aa,right,"-1,25","+1,26",a/lib/query/compiler.js,b/lib/query/compiler.js
a62ca4f7ee17392950753759cf8336e0aa3029ce,f27c0e60fa518e04ff858a4ad828cf5a71c214bc,76dfc1348bae97a823222e35da1c88ae5908bc2e,6c76cc5cf0f5800bd07a568614f6ffdb4d2b84aa,right,"-1,23","+1,25",a/lib/query/compiler.js,b/lib/query/compiler.js
9be8b41efa1652b7a31f1e20b85ab0b2b95f681c,f27c0e60fa518e04ff858a4ad828cf5a71c214bc,76dfc1348bae97a823222e35da1c88ae5908bc2e,6c76cc5cf0f5800bd07a568614f6ffdb4d2b84aa,right,"-1,21","+1,23",a/lib/query/compiler.js,b/lib/query/compiler.js
dfdc426751f2d6b75cf8722a61f3547557ab51b0,f27c0e60fa518e04ff858a4ad828cf5a71c214bc,76dfc1348bae97a823222e35da1c88ae5908bc2e,6c76cc5cf0f5800bd07a568614f6ffdb4d2b84aa,right,"-1,24","+1,21",a/lib/query/compiler.js,b/lib/query/compiler.js
c06d787fd75c2c4c1879b0ad5cc8884e00ceadc8,f27c0e60fa518e04ff858a4ad828cf5a71c214bc,76dfc1348bae97a823222e35da1c88ae5908bc2e,6c76cc5cf0f5800bd07a568614f6ffdb4d2b84aa,right,"-1,23","+1,24",a/lib/query/compiler.js,b/lib/query/compiler.js
eeeab07c42f16fbca56ff6e1fff30996fb1bc7ac,f27c0e60fa518e04ff858a4ad828cf5a71c214bc,76dfc1348bae97a823222e35da1c88ae5908bc2e,6c76cc5cf0f5800bd07a568614f6ffdb4d2b84aa,right,"-1,18","+1,23",a/lib/query/compiler.js,b/lib/query/compiler.js
76dfc1348bae97a823222e35da1c88ae5908bc2e,f27c0e60fa518e04ff858a4ad828cf5a71c214bc,76dfc1348bae97a823222e35da1c88ae5908bc2e,6c76cc5cf0f5800bd07a568614f6ffdb4d2b84aa,left,"-21,175","+22,152",a/lib/query/compiler.js,b/lib/query/compiler.js
6c76cc5cf0f5800bd07a568614f6ffdb4d2b84aa,f27c0e60fa518e04ff858a4ad828cf5a71c214bc,76dfc1348bae97a823222e35da1c88ae5908bc2e,6c76cc5cf0f5800bd07a568614f6ffdb4d2b84aa,right,"-35,108","+35,106",a/lib/query/compiler.js,b/lib/query/compiler.js
0de9513a78fc5bfbc4449ab851ad9e97e7d3e819,f27c0e60fa518e04ff858a4ad828cf5a71c214bc,76dfc1348bae97a823222e35da1c88ae5908bc2e,6c76cc5cf0f5800bd07a568614f6ffdb4d2b84aa,right,"-34,101","+35,108",a/lib/query/compiler.js,b/lib/query/compiler.js
a62ca4f7ee17392950753759cf8336e0aa3029ce,f27c0e60fa518e04ff858a4ad828cf5a71c214bc,76dfc1348bae97a823222e35da1c88ae5908bc2e,6c76cc5cf0f5800bd07a568614f6ffdb4d2b84aa,right,"-27,85","+29,101",a/lib/query/compiler.js,b/lib/query/compiler.js
9be8b41efa1652b7a31f1e20b85ab0b2b95f681c,f27c0e60fa518e04ff858a4ad828cf5a71c214bc,76dfc1348bae97a823222e35da1c88ae5908bc2e,6c76cc5cf0f5800bd07a568614f6ffdb4d2b84aa,right,"-23,85","+27,85",a/lib/query/compiler.js,b/lib/query/compiler.js
dfdc426751f2d6b75cf8722a61f3547557ab51b0,f27c0e60fa518e04ff858a4ad828cf5a71c214bc,76dfc1348bae97a823222e35da1c88ae5908bc2e,6c76cc5cf0f5800bd07a568614f6ffdb4d2b84aa,right,"-26,202","+23,85",a/lib/query/compiler.js,b/lib/query/compiler.js
c06d787fd75c2c4c1879b0ad5cc8884e00ceadc8,f27c0e60fa518e04ff858a4ad828cf5a71c214bc,76dfc1348bae97a823222e35da1c88ae5908bc2e,6c76cc5cf0f5800bd07a568614f6ffdb4d2b84aa,right,"-25,204","+26,202",a/lib/query/compiler.js,b/lib/query/compiler.js
eeeab07c42f16fbca56ff6e1fff30996fb1bc7ac,f27c0e60fa518e04ff858a4ad828cf5a71c214bc,76dfc1348bae97a823222e35da1c88ae5908bc2e,6c76cc5cf0f5800bd07a568614f6ffdb4d2b84aa,right,"-20,176","+25,204",a/lib/query/compiler.js,b/lib/query/compiler.js
0de9513a78fc5bfbc4449ab851ad9e97e7d3e819,f27c0e60fa518e04ff858a4ad828cf5a71c214bc,76dfc1348bae97a823222e35da1c88ae5908bc2e,6c76cc5cf0f5800bd07a568614f6ffdb4d2b84aa,right,"-136,59","+144,58",a/lib/query/compiler.js,b/lib/query/compiler.js
a62ca4f7ee17392950753759cf8336e0aa3029ce,f27c0e60fa518e04ff858a4ad828cf5a71c214bc,76dfc1348bae97a823222e35da1c88ae5908bc2e,6c76cc5cf0f5800bd07a568614f6ffdb4d2b84aa,right,"-113,57","+131,59",a/lib/query/compiler.js,b/lib/query/compiler.js
9be8b41efa1652b7a31f1e20b85ab0b2b95f681c,f27c0e60fa518e04ff858a4ad828cf5a71c214bc,76dfc1348bae97a823222e35da1c88ae5908bc2e,6c76cc5cf0f5800bd07a568614f6ffdb4d2b84aa,right,"-109,57","+113,57",a/lib/query/compiler.js,b/lib/query/compiler.js
dfdc426751f2d6b75cf8722a61f3547557ab51b0,f27c0e60fa518e04ff858a4ad828cf5a71c214bc,76dfc1348bae97a823222e35da1c88ae5908bc2e,6c76cc5cf0f5800bd07a568614f6ffdb4d2b84aa,right,"-229,21","+109,57",a/lib/query/compiler.js,b/lib/query/compiler.js
c06d787fd75c2c4c1879b0ad5cc8884e00ceadc8,f27c0e60fa518e04ff858a4ad828cf5a71c214bc,76dfc1348bae97a823222e35da1c88ae5908bc2e,6c76cc5cf0f5800bd07a568614f6ffdb4d2b84aa,right,"-230,29","+229,21",a/lib/query/compiler.js,b/lib/query/compiler.js
eeeab07c42f16fbca56ff6e1fff30996fb1bc7ac,f27c0e60fa518e04ff858a4ad828cf5a71c214bc,76dfc1348bae97a823222e35da1c88ae5908bc2e,6c76cc5cf0f5800bd07a568614f6ffdb4d2b84aa,right,"-197,7","+230,29",a/lib/query/compiler.js,b/lib/query/compiler.js
4c589cc9604a8d277937e4d91801d2d60f070752,db2f9e7f08aacf01a29f078d2a51437fd0c6ae97,0de9513a78fc5bfbc4449ab851ad9e97e7d3e819,0eb5ad8e781307ba4f15788d5b0edc90c6c13147,left,"-1,1","+1,1",a/knex.js,b/knex.js
af643d9abb9323842020c9b5986cd9d8e61587bc,db2f9e7f08aacf01a29f078d2a51437fd0c6ae97,0de9513a78fc5bfbc4449ab851ad9e97e7d3e819,0eb5ad8e781307ba4f15788d5b0edc90c6c13147,right,"-1,1","+1,1",a/knex.js,b/knex.js
05e81f7463c6346252965149d01927d05cf8b524,db2f9e7f08aacf01a29f078d2a51437fd0c6ae97,0de9513a78fc5bfbc4449ab851ad9e97e7d3e819,0eb5ad8e781307ba4f15788d5b0edc90c6c13147,right,"-1,1","+1,1",a/knex.js,b/knex.js
f7d440d2df1d43b6cebe798d32a4e991cd5e2223,db2f9e7f08aacf01a29f078d2a51437fd0c6ae97,0de9513a78fc5bfbc4449ab851ad9e97e7d3e819,0eb5ad8e781307ba4f15788d5b0edc90c6c13147,right,"-1,1","+1,1",a/knex.js,b/knex.js
b6e5ba992e1570dc6259d7c12b287fa9558796c7,db2f9e7f08aacf01a29f078d2a51437fd0c6ae97,0de9513a78fc5bfbc4449ab851ad9e97e7d3e819,0eb5ad8e781307ba4f15788d5b0edc90c6c13147,right,"-1,1","+1,1",a/knex.js,b/knex.js
c1376817ce8a1208f588df4f57b29862da8a31c7,db2f9e7f08aacf01a29f078d2a51437fd0c6ae97,0de9513a78fc5bfbc4449ab851ad9e97e7d3e819,0eb5ad8e781307ba4f15788d5b0edc90c6c13147,right,"-1,1","+1,1",a/knex.js,b/knex.js
52beeb55b772ea724d1fda0e99d8ae5cb2736e25,db2f9e7f08aacf01a29f078d2a51437fd0c6ae97,0de9513a78fc5bfbc4449ab851ad9e97e7d3e819,0eb5ad8e781307ba4f15788d5b0edc90c6c13147,right,"-1,1","+1,1",a/knex.js,b/knex.js
d00c6e3682488a87c09b9f95f8f89e8fd698cf2c,db2f9e7f08aacf01a29f078d2a51437fd0c6ae97,0de9513a78fc5bfbc4449ab851ad9e97e7d3e819,0eb5ad8e781307ba4f15788d5b0edc90c6c13147,right,"-1,1","+1,1",a/knex.js,b/knex.js
5b63334b6881a171b228a1b1f1592b7413f70838,db2f9e7f08aacf01a29f078d2a51437fd0c6ae97,0de9513a78fc5bfbc4449ab851ad9e97e7d3e819,0eb5ad8e781307ba4f15788d5b0edc90c6c13147,right,"-1,1","+1,1",a/knex.js,b/knex.js
df77d81ac273d51f78eec2201321cc3c5510ae6b,db2f9e7f08aacf01a29f078d2a51437fd0c6ae97,0de9513a78fc5bfbc4449ab851ad9e97e7d3e819,0eb5ad8e781307ba4f15788d5b0edc90c6c13147,right,"-1,1","+1,1",a/knex.js,b/knex.js
cc04badfc0d53a6be7acc7762442c54adbfdb183,db2f9e7f08aacf01a29f078d2a51437fd0c6ae97,0de9513a78fc5bfbc4449ab851ad9e97e7d3e819,0eb5ad8e781307ba4f15788d5b0edc90c6c13147,right,"-1,1","+1,1",a/knex.js,b/knex.js
ba5a934948d8a26361a02201c1bfcb6a2c0cb5c9,db2f9e7f08aacf01a29f078d2a51437fd0c6ae97,0de9513a78fc5bfbc4449ab851ad9e97e7d3e819,0eb5ad8e781307ba4f15788d5b0edc90c6c13147,right,"-1,1","+1,1",a/knex.js,b/knex.js
dfdc426751f2d6b75cf8722a61f3547557ab51b0,db2f9e7f08aacf01a29f078d2a51437fd0c6ae97,0de9513a78fc5bfbc4449ab851ad9e97e7d3e819,0eb5ad8e781307ba4f15788d5b0edc90c6c13147,left,"-118,1","+104,1",a/knex.js,b/knex.js
af643d9abb9323842020c9b5986cd9d8e61587bc,db2f9e7f08aacf01a29f078d2a51437fd0c6ae97,0de9513a78fc5bfbc4449ab851ad9e97e7d3e819,0eb5ad8e781307ba4f15788d5b0edc90c6c13147,right,"-82,18","+82,18",a/knex.js,b/knex.js
05e81f7463c6346252965149d01927d05cf8b524,db2f9e7f08aacf01a29f078d2a51437fd0c6ae97,0de9513a78fc5bfbc4449ab851ad9e97e7d3e819,0eb5ad8e781307ba4f15788d5b0edc90c6c13147,right,"-82,18","+82,18",a/knex.js,b/knex.js
f7d440d2df1d43b6cebe798d32a4e991cd5e2223,db2f9e7f08aacf01a29f078d2a51437fd0c6ae97,0de9513a78fc5bfbc4449ab851ad9e97e7d3e819,0eb5ad8e781307ba4f15788d5b0edc90c6c13147,right,"-82,18","+82,18",a/knex.js,b/knex.js
b6e5ba992e1570dc6259d7c12b287fa9558796c7,db2f9e7f08aacf01a29f078d2a51437fd0c6ae97,0de9513a78fc5bfbc4449ab851ad9e97e7d3e819,0eb5ad8e781307ba4f15788d5b0edc90c6c13147,right,"-82,18","+82,18",a/knex.js,b/knex.js
c1376817ce8a1208f588df4f57b29862da8a31c7,db2f9e7f08aacf01a29f078d2a51437fd0c6ae97,0de9513a78fc5bfbc4449ab851ad9e97e7d3e819,0eb5ad8e781307ba4f15788d5b0edc90c6c13147,right,"-82,18","+82,18",a/knex.js,b/knex.js
52beeb55b772ea724d1fda0e99d8ae5cb2736e25,db2f9e7f08aacf01a29f078d2a51437fd0c6ae97,0de9513a78fc5bfbc4449ab851ad9e97e7d3e819,0eb5ad8e781307ba4f15788d5b0edc90c6c13147,right,"-82,18","+82,18",a/knex.js,b/knex.js
d00c6e3682488a87c09b9f95f8f89e8fd698cf2c,db2f9e7f08aacf01a29f078d2a51437fd0c6ae97,0de9513a78fc5bfbc4449ab851ad9e97e7d3e819,0eb5ad8e781307ba4f15788d5b0edc90c6c13147,right,"-82,18","+82,18",a/knex.js,b/knex.js
5b63334b6881a171b228a1b1f1592b7413f70838,db2f9e7f08aacf01a29f078d2a51437fd0c6ae97,0de9513a78fc5bfbc4449ab851ad9e97e7d3e819,0eb5ad8e781307ba4f15788d5b0edc90c6c13147,right,"-82,18","+82,18",a/knex.js,b/knex.js
df77d81ac273d51f78eec2201321cc3c5510ae6b,db2f9e7f08aacf01a29f078d2a51437fd0c6ae97,0de9513a78fc5bfbc4449ab851ad9e97e7d3e819,0eb5ad8e781307ba4f15788d5b0edc90c6c13147,right,"-82,18","+82,18",a/knex.js,b/knex.js
cc04badfc0d53a6be7acc7762442c54adbfdb183,db2f9e7f08aacf01a29f078d2a51437fd0c6ae97,0de9513a78fc5bfbc4449ab851ad9e97e7d3e819,0eb5ad8e781307ba4f15788d5b0edc90c6c13147,right,"-82,18","+82,18",a/knex.js,b/knex.js
ba5a934948d8a26361a02201c1bfcb6a2c0cb5c9,db2f9e7f08aacf01a29f078d2a51437fd0c6ae97,0de9513a78fc5bfbc4449ab851ad9e97e7d3e819,0eb5ad8e781307ba4f15788d5b0edc90c6c13147,right,"-82,18","+82,18",a/knex.js,b/knex.js
eeeab07c42f16fbca56ff6e1fff30996fb1bc7ac,db2f9e7f08aacf01a29f078d2a51437fd0c6ae97,0de9513a78fc5bfbc4449ab851ad9e97e7d3e819,0eb5ad8e781307ba4f15788d5b0edc90c6c13147,left,"-15,1","+15,1",a/lib/promise.js,b/lib/promise.js
4c589cc9604a8d277937e4d91801d2d60f070752,db2f9e7f08aacf01a29f078d2a51437fd0c6ae97,0de9513a78fc5bfbc4449ab851ad9e97e7d3e819,0eb5ad8e781307ba4f15788d5b0edc90c6c13147,left,"-20,1","+15,1",a/lib/promise.js,b/lib/promise.js
716e3c30198c23e8a96af9896130f0558303f6a2,db2f9e7f08aacf01a29f078d2a51437fd0c6ae97,0de9513a78fc5bfbc4449ab851ad9e97e7d3e819,0eb5ad8e781307ba4f15788d5b0edc90c6c13147,right,"-20,1","+21,1",a/lib/promise.js,b/lib/promise.js
48096b1468ad15dbd5e150abdb3c13ecdf88fdb5,d01dd8a9a11fee69691c63904fde4e356aaff2c3,8b2ef4eef1a7ee5c5395b6a44a03518347dd964e,17d09f2655d47e9e857851afcfc3c924f47efd08,right,"-80,2","+80,3",a/lib/builder.js,b/lib/builder.js
a88024af8fc2f01adac80264263b25ba668138c9,86a1a24a1a2475afae0d2978f4779401386337b7,d98c0b1abc44b8090f426a3d62e0541a394142d8,3efa857e1734d3120ef536f4859404393cd27f70,left,"-95,12","+83,4",a/knex.js,b/knex.js
01c4a83d35dda836087e3a2e1a9e819e18f19359,86a1a24a1a2475afae0d2978f4779401386337b7,d98c0b1abc44b8090f426a3d62e0541a394142d8,3efa857e1734d3120ef536f4859404393cd27f70,left,"-83,13","+93,12",a/knex.js,b/knex.js
faa2497ef135ea1ef0a2d82a190c5a499dbc747a,86a1a24a1a2475afae0d2978f4779401386337b7,d98c0b1abc44b8090f426a3d62e0541a394142d8,3efa857e1734d3120ef536f4859404393cd27f70,left,"-81,14","+83,13",a/knex.js,b/knex.js
2bf076f15a7bca57a57eb07c3838c12df430479d,86a1a24a1a2475afae0d2978f4779401386337b7,d98c0b1abc44b8090f426a3d62e0541a394142d8,3efa857e1734d3120ef536f4859404393cd27f70,left,"-64,78","+81,14",a/knex.js,b/knex.js
a59baeb01f9abb6269ca6c89ea59f0ec8dcd175b,86a1a24a1a2475afae0d2978f4779401386337b7,d98c0b1abc44b8090f426a3d62e0541a394142d8,3efa857e1734d3120ef536f4859404393cd27f70,left,"-64,74","+64,78",a/knex.js,b/knex.js
f3a59a867b932a87fef5e265ee87750cb6125187,86a1a24a1a2475afae0d2978f4779401386337b7,d98c0b1abc44b8090f426a3d62e0541a394142d8,3efa857e1734d3120ef536f4859404393cd27f70,left,"-95,113","+64,74",a/knex.js,b/knex.js
3deabd8ee7e1dafbe7c1c5ad6d1d9f72cd31cb0e,86a1a24a1a2475afae0d2978f4779401386337b7,d98c0b1abc44b8090f426a3d62e0541a394142d8,3efa857e1734d3120ef536f4859404393cd27f70,left,"-95,115","+95,113",a/knex.js,b/knex.js
b18ef3d371c501dcc674d86171ab3df2452d43fe,86a1a24a1a2475afae0d2978f4779401386337b7,d98c0b1abc44b8090f426a3d62e0541a394142d8,3efa857e1734d3120ef536f4859404393cd27f70,left,"-95,116","+95,115",a/knex.js,b/knex.js
32917a622ebd7e58f8acf5b80f919a49fd242961,86a1a24a1a2475afae0d2978f4779401386337b7,d98c0b1abc44b8090f426a3d62e0541a394142d8,3efa857e1734d3120ef536f4859404393cd27f70,left,"-95,115","+95,116",a/knex.js,b/knex.js
5f31aedfe1cf819cc64a1a254cc283936b0885a0,86a1a24a1a2475afae0d2978f4779401386337b7,d98c0b1abc44b8090f426a3d62e0541a394142d8,3efa857e1734d3120ef536f4859404393cd27f70,left,"-603,116","+95,115",a/knex.js,b/knex.js
10940cd0c3c7041f019aad3359c1a1e49108e25e,86a1a24a1a2475afae0d2978f4779401386337b7,d98c0b1abc44b8090f426a3d62e0541a394142d8,3efa857e1734d3120ef536f4859404393cd27f70,left,"-1001,634","+603,116",a/knex.js,b/knex.js
01c4a83d35dda836087e3a2e1a9e819e18f19359,86a1a24a1a2475afae0d2978f4779401386337b7,d98c0b1abc44b8090f426a3d62e0541a394142d8,3efa857e1734d3120ef536f4859404393cd27f70,left,"-98,2","+108,2",a/knex.js,b/knex.js
2bf076f15a7bca57a57eb07c3838c12df430479d,86a1a24a1a2475afae0d2978f4779401386337b7,d98c0b1abc44b8090f426a3d62e0541a394142d8,3efa857e1734d3120ef536f4859404393cd27f70,left,"-144,9","+97,2",a/knex.js,b/knex.js
4df8d8b4c5452b33f59466eb4cfcc408b5e0d9b6,86a1a24a1a2475afae0d2978f4779401386337b7,d98c0b1abc44b8090f426a3d62e0541a394142d8,3efa857e1734d3120ef536f4859404393cd27f70,right,"-996,651","+996,672",a/knex.js,b/knex.js
f05e556c1b98bce112bcacbdb220723d6000b727,56d78d71722b43faeee4b0a26fe72305748d23c2,66ea8d713786773282a466bcdfb74a31b3013c8e,a88024af8fc2f01adac80264263b25ba668138c9,left,"-50,9","+50,11",a/clients/server/base.js,b/clients/server/base.js
9cf602de1b4cccd51d576a52c716b6b200717ba1,56d78d71722b43faeee4b0a26fe72305748d23c2,66ea8d713786773282a466bcdfb74a31b3013c8e,a88024af8fc2f01adac80264263b25ba668138c9,right,"-3,3","+4,4",a/clients/server/base.js,b/clients/server/base.js
634f4751a12e65ee3eeade3b89a8528a23cbdb62,56d78d71722b43faeee4b0a26fe72305748d23c2,66ea8d713786773282a466bcdfb74a31b3013c8e,a88024af8fc2f01adac80264263b25ba668138c9,right,"-1,2","+3,3",a/clients/server/base.js,b/clients/server/base.js
01c4a83d35dda836087e3a2e1a9e819e18f19359,56d78d71722b43faeee4b0a26fe72305748d23c2,66ea8d713786773282a466bcdfb74a31b3013c8e,a88024af8fc2f01adac80264263b25ba668138c9,right,"-1,3","+1,2",a/clients/server/base.js,b/clients/server/base.js
5ca81a5cb51dd29d737d37ba404433fa485c8adb,56d78d71722b43faeee4b0a26fe72305748d23c2,66ea8d713786773282a466bcdfb74a31b3013c8e,a88024af8fc2f01adac80264263b25ba668138c9,right,"-39,29","+39,27",a/clients/server/base.js,b/clients/server/base.js
48563dfd3186fe0d849f4e49eda65ed8a1b0d1fd,56d78d71722b43faeee4b0a26fe72305748d23c2,66ea8d713786773282a466bcdfb74a31b3013c8e,a88024af8fc2f01adac80264263b25ba668138c9,right,"-43,28","+43,29",a/clients/server/base.js,b/clients/server/base.js
522c8fff63457da62f0a46accf050e53a8cb9a26,56d78d71722b43faeee4b0a26fe72305748d23c2,66ea8d713786773282a466bcdfb74a31b3013c8e,a88024af8fc2f01adac80264263b25ba668138c9,right,"-43,28","+43,28",a/clients/server/base.js,b/clients/server/base.js
634f4751a12e65ee3eeade3b89a8528a23cbdb62,56d78d71722b43faeee4b0a26fe72305748d23c2,66ea8d713786773282a466bcdfb74a31b3013c8e,a88024af8fc2f01adac80264263b25ba668138c9,right,"-28,7","+43,28",a/clients/server/base.js,b/clients/server/base.js
01c4a83d35dda836087e3a2e1a9e819e18f19359,56d78d71722b43faeee4b0a26fe72305748d23c2,66ea8d713786773282a466bcdfb74a31b3013c8e,a88024af8fc2f01adac80264263b25ba668138c9,right,"-66,5","+28,7",a/clients/server/base.js,b/clients/server/base.js
0d1593373f4e8c0d484d2bc5a2b9429f33a349f8,56d78d71722b43faeee4b0a26fe72305748d23c2,66ea8d713786773282a466bcdfb74a31b3013c8e,a88024af8fc2f01adac80264263b25ba668138c9,left,"-1,71","+1,71",a/clients/server/mysql.js,b/clients/server/mysql.js
9cf602de1b4cccd51d576a52c716b6b200717ba1,56d78d71722b43faeee4b0a26fe72305748d23c2,66ea8d713786773282a466bcdfb74a31b3013c8e,a88024af8fc2f01adac80264263b25ba668138c9,right,"-1,34","+1,33",a/clients/server/mysql.js,b/clients/server/mysql.js
3d7c52e28ceb77cc756fbe61b37b819a985d167b,56d78d71722b43faeee4b0a26fe72305748d23c2,66ea8d713786773282a466bcdfb74a31b3013c8e,a88024af8fc2f01adac80264263b25ba668138c9,right,"-1,33","+1,34",a/clients/server/mysql.js,b/clients/server/mysql.js
71b47e925b9995093dfc944760f6ec4578a9cc63,56d78d71722b43faeee4b0a26fe72305748d23c2,66ea8d713786773282a466bcdfb74a31b3013c8e,a88024af8fc2f01adac80264263b25ba668138c9,right,"-1,32","+1,33",a/clients/server/mysql.js,b/clients/server/mysql.js
48563dfd3186fe0d849f4e49eda65ed8a1b0d1fd,56d78d71722b43faeee4b0a26fe72305748d23c2,66ea8d713786773282a466bcdfb74a31b3013c8e,a88024af8fc2f01adac80264263b25ba668138c9,right,"-1,27","+1,32",a/clients/server/mysql.js,b/clients/server/mysql.js
634f4751a12e65ee3eeade3b89a8528a23cbdb62,56d78d71722b43faeee4b0a26fe72305748d23c2,66ea8d713786773282a466bcdfb74a31b3013c8e,a88024af8fc2f01adac80264263b25ba668138c9,right,"-1,28","+1,27",a/clients/server/mysql.js,b/clients/server/mysql.js
01c4a83d35dda836087e3a2e1a9e819e18f19359,56d78d71722b43faeee4b0a26fe72305748d23c2,66ea8d713786773282a466bcdfb74a31b3013c8e,a88024af8fc2f01adac80264263b25ba668138c9,right,"-1,71","+1,28",a/clients/server/mysql.js,b/clients/server/mysql.js
faa2497ef135ea1ef0a2d82a190c5a499dbc747a,56d78d71722b43faeee4b0a26fe72305748d23c2,66ea8d713786773282a466bcdfb74a31b3013c8e,a88024af8fc2f01adac80264263b25ba668138c9,right,"-1,71","+1,71",a/clients/server/mysql.js,b/clients/server/mysql.js
5ca81a5cb51dd29d737d37ba404433fa485c8adb,56d78d71722b43faeee4b0a26fe72305748d23c2,66ea8d713786773282a466bcdfb74a31b3013c8e,a88024af8fc2f01adac80264263b25ba668138c9,right,"-43,11","+43,17",a/clients/server/mysql.js,b/clients/server/mysql.js
48563dfd3186fe0d849f4e49eda65ed8a1b0d1fd,56d78d71722b43faeee4b0a26fe72305748d23c2,66ea8d713786773282a466bcdfb74a31b3013c8e,a88024af8fc2f01adac80264263b25ba668138c9,right,"-37,13","+42,11",a/clients/server/mysql.js,b/clients/server/mysql.js
0d1593373f4e8c0d484d2bc5a2b9429f33a349f8,56d78d71722b43faeee4b0a26fe72305748d23c2,66ea8d713786773282a466bcdfb74a31b3013c8e,a88024af8fc2f01adac80264263b25ba668138c9,left,"-18,55","+18,55",a/clients/server/postgres.js,b/clients/server/postgres.js
3d7c52e28ceb77cc756fbe61b37b819a985d167b,56d78d71722b43faeee4b0a26fe72305748d23c2,66ea8d713786773282a466bcdfb74a31b3013c8e,a88024af8fc2f01adac80264263b25ba668138c9,right,"-27,8","+27,9",a/clients/server/postgres.js,b/clients/server/postgres.js
b1787cbb1071e611915ba8548cd71a29eb838b17,56d78d71722b43faeee4b0a26fe72305748d23c2,66ea8d713786773282a466bcdfb74a31b3013c8e,a88024af8fc2f01adac80264263b25ba668138c9,right,"-27,3","+27,8",a/clients/server/postgres.js,b/clients/server/postgres.js
71b47e925b9995093dfc944760f6ec4578a9cc63,56d78d71722b43faeee4b0a26fe72305748d23c2,66ea8d713786773282a466bcdfb74a31b3013c8e,a88024af8fc2f01adac80264263b25ba668138c9,right,"-27,2","+27,3",a/clients/server/postgres.js,b/clients/server/postgres.js
634f4751a12e65ee3eeade3b89a8528a23cbdb62,56d78d71722b43faeee4b0a26fe72305748d23c2,66ea8d713786773282a466bcdfb74a31b3013c8e,a88024af8fc2f01adac80264263b25ba668138c9,right,"-26,1","+28,2",a/clients/server/postgres.js,b/clients/server/postgres.js
a87164b71e2c28bc71b88b188e286b1931c2c84a,56d78d71722b43faeee4b0a26fe72305748d23c2,66ea8d713786773282a466bcdfb74a31b3013c8e,a88024af8fc2f01adac80264263b25ba668138c9,left,"-70,2","+70,2",a/lib/builder.js,b/lib/builder.js
80c03073c75860569444942b5d244555e969bbd9,56d78d71722b43faeee4b0a26fe72305748d23c2,66ea8d713786773282a466bcdfb74a31b3013c8e,a88024af8fc2f01adac80264263b25ba668138c9,right,"-68,2","+68,2",a/lib/builder.js,b/lib/builder.js
a87164b71e2c28bc71b88b188e286b1931c2c84a,56d78d71722b43faeee4b0a26fe72305748d23c2,66ea8d713786773282a466bcdfb74a31b3013c8e,a88024af8fc2f01adac80264263b25ba668138c9,left,"-89,3","+89,3",a/lib/builder.js,b/lib/builder.js
0d1593373f4e8c0d484d2bc5a2b9429f33a349f8,56d78d71722b43faeee4b0a26fe72305748d23c2,66ea8d713786773282a466bcdfb74a31b3013c8e,a88024af8fc2f01adac80264263b25ba668138c9,left,"-89,2","+89,3",a/lib/builder.js,b/lib/builder.js
80c03073c75860569444942b5d244555e969bbd9,56d78d71722b43faeee4b0a26fe72305748d23c2,66ea8d713786773282a466bcdfb74a31b3013c8e,a88024af8fc2f01adac80264263b25ba668138c9,right,"-87,2","+87,1",a/lib/builder.js,b/lib/builder.js
0d1593373f4e8c0d484d2bc5a2b9429f33a349f8,56d78d71722b43faeee4b0a26fe72305748d23c2,66ea8d713786773282a466bcdfb74a31b3013c8e,a88024af8fc2f01adac80264263b25ba668138c9,left,"-99,25","+99,26",a/lib/common.js,b/lib/common.js
01c4a83d35dda836087e3a2e1a9e819e18f19359,56d78d71722b43faeee4b0a26fe72305748d23c2,66ea8d713786773282a466bcdfb74a31b3013c8e,a88024af8fc2f01adac80264263b25ba668138c9,right,"-102,31","+114,2",a/lib/common.js,b/lib/common.js
faa2497ef135ea1ef0a2d82a190c5a499dbc747a,56d78d71722b43faeee4b0a26fe72305748d23c2,66ea8d713786773282a466bcdfb74a31b3013c8e,a88024af8fc2f01adac80264263b25ba668138c9,right,"-98,27","+102,31",a/lib/common.js,b/lib/common.js
0d1593373f4e8c0d484d2bc5a2b9429f33a349f8,56d78d71722b43faeee4b0a26fe72305748d23c2,66ea8d713786773282a466bcdfb74a31b3013c8e,a88024af8fc2f01adac80264263b25ba668138c9,left,"-10,3","+10,4",a/lib/raw.js,b/lib/raw.js
71b47e925b9995093dfc944760f6ec4578a9cc63,56d78d71722b43faeee4b0a26fe72305748d23c2,66ea8d713786773282a466bcdfb74a31b3013c8e,a88024af8fc2f01adac80264263b25ba668138c9,right,"-10,3","+10,4",a/lib/raw.js,b/lib/raw.js
dc312f322b9570f4c687795f261341611ac4aa33,56d78d71722b43faeee4b0a26fe72305748d23c2,66ea8d713786773282a466bcdfb74a31b3013c8e,a88024af8fc2f01adac80264263b25ba668138c9,right,"-10,3","+10,3",a/lib/raw.js,b/lib/raw.js
48563dfd3186fe0d849f4e49eda65ed8a1b0d1fd,56d78d71722b43faeee4b0a26fe72305748d23c2,66ea8d713786773282a466bcdfb74a31b3013c8e,a88024af8fc2f01adac80264263b25ba668138c9,right,"-10,2","+10,3",a/lib/raw.js,b/lib/raw.js
faa2497ef135ea1ef0a2d82a190c5a499dbc747a,56d78d71722b43faeee4b0a26fe72305748d23c2,66ea8d713786773282a466bcdfb74a31b3013c8e,a88024af8fc2f01adac80264263b25ba668138c9,right,"-10,3","+10,2",a/lib/raw.js,b/lib/raw.js
d0573d99d9b4051393de44fe38abfb9a32df3115,2a0074b275624706b7512328657043893aff0f03,d0573d99d9b4051393de44fe38abfb9a32df3115,e5fd8df44ab6c5d6266e2c9cc54c907c190a23dd,left,"-41,2","+41,2",a/knex.js,b/knex.js
9928af4682c1fb0bfbd1f4220a15eacf180bec7a,2a0074b275624706b7512328657043893aff0f03,d0573d99d9b4051393de44fe38abfb9a32df3115,e5fd8df44ab6c5d6266e2c9cc54c907c190a23dd,right,"-41,2","+45,2",a/knex.js,b/knex.js
e0cafbb9277eac6e844fbf0f1573122775fc9c0f,2a0074b275624706b7512328657043893aff0f03,d0573d99d9b4051393de44fe38abfb9a32df3115,e5fd8df44ab6c5d6266e2c9cc54c907c190a23dd,right,"-41,2","+41,2",a/knex.js,b/knex.js
d0573d99d9b4051393de44fe38abfb9a32df3115,2a0074b275624706b7512328657043893aff0f03,d0573d99d9b4051393de44fe38abfb9a32df3115,e5fd8df44ab6c5d6266e2c9cc54c907c190a23dd,left,"-47,2","+51,2",a/knex.js,b/knex.js
9928af4682c1fb0bfbd1f4220a15eacf180bec7a,2a0074b275624706b7512328657043893aff0f03,d0573d99d9b4051393de44fe38abfb9a32df3115,e5fd8df44ab6c5d6266e2c9cc54c907c190a23dd,right,"-51,2","+55,2",a/knex.js,b/knex.js
e0cafbb9277eac6e844fbf0f1573122775fc9c0f,2a0074b275624706b7512328657043893aff0f03,d0573d99d9b4051393de44fe38abfb9a32df3115,e5fd8df44ab6c5d6266e2c9cc54c907c190a23dd,right,"-47,2","+51,2",a/knex.js,b/knex.js
4ff2bc890adb54b3e7b68c93468d5fd156ec9a71,bd4256de4f14b159a24d0b1f37d33c9a33ac1ad1,4ff2bc890adb54b3e7b68c93468d5fd156ec9a71,d41e19609f729dba8a96cedefcb85589442c9696,left,"-51,4","+61,1",a/clients/mysql.js,b/clients/mysql.js
3de0a50e11aba645958824d7ac39525832e748c7,bd4256de4f14b159a24d0b1f37d33c9a33ac1ad1,4ff2bc890adb54b3e7b68c93468d5fd156ec9a71,d41e19609f729dba8a96cedefcb85589442c9696,right,"-51,6","+51,10",a/clients/mysql.js,b/clients/mysql.js
779030e7e75c299a2b92ac4672b30cd307d23726,bd4256de4f14b159a24d0b1f37d33c9a33ac1ad1,4ff2bc890adb54b3e7b68c93468d5fd156ec9a71,d41e19609f729dba8a96cedefcb85589442c9696,right,"-51,4","+51,6",a/clients/mysql.js,b/clients/mysql.js
4ff2bc890adb54b3e7b68c93468d5fd156ec9a71,bd4256de4f14b159a24d0b1f37d33c9a33ac1ad1,4ff2bc890adb54b3e7b68c93468d5fd156ec9a71,d41e19609f729dba8a96cedefcb85589442c9696,left,"-71,11","+83,11",a/clients/mysql.js,b/clients/mysql.js
3de0a50e11aba645958824d7ac39525832e748c7,bd4256de4f14b159a24d0b1f37d33c9a33ac1ad1,4ff2bc890adb54b3e7b68c93468d5fd156ec9a71,d41e19609f729dba8a96cedefcb85589442c9696,right,"-73,16","+77,17",a/clients/mysql.js,b/clients/mysql.js
3c28a90cb5c582a234f62fdc7f9933c039842bf2,bd4256de4f14b159a24d0b1f37d33c9a33ac1ad1,4ff2bc890adb54b3e7b68c93468d5fd156ec9a71,d41e19609f729dba8a96cedefcb85589442c9696,right,"-73,2","+73,16",a/clients/mysql.js,b/clients/mysql.js
4ff2bc890adb54b3e7b68c93468d5fd156ec9a71,bd4256de4f14b159a24d0b1f37d33c9a33ac1ad1,4ff2bc890adb54b3e7b68c93468d5fd156ec9a71,d41e19609f729dba8a96cedefcb85589442c9696,left,"-354,6","+314,6",a/knex.js,b/knex.js
a91208c0709075601e667727251dd761c3db2ad5,bd4256de4f14b159a24d0b1f37d33c9a33ac1ad1,4ff2bc890adb54b3e7b68c93468d5fd156ec9a71,d41e19609f729dba8a96cedefcb85589442c9696,right,"-353,8","+346,2",a/knex.js,b/knex.js
4ff2bc890adb54b3e7b68c93468d5fd156ec9a71,bd4256de4f14b159a24d0b1f37d33c9a33ac1ad1,4ff2bc890adb54b3e7b68c93468d5fd156ec9a71,d41e19609f729dba8a96cedefcb85589442c9696,left,"-660,10","+616,8",a/knex.js,b/knex.js
696859937f4fabcf2658f67175b3b77d198af40f,bd4256de4f14b159a24d0b1f37d33c9a33ac1ad1,4ff2bc890adb54b3e7b68c93468d5fd156ec9a71,d41e19609f729dba8a96cedefcb85589442c9696,right,"-643,5","+643,8",a/knex.js,b/knex.js
779030e7e75c299a2b92ac4672b30cd307d23726,bd4256de4f14b159a24d0b1f37d33c9a33ac1ad1,4ff2bc890adb54b3e7b68c93468d5fd156ec9a71,d41e19609f729dba8a96cedefcb85589442c9696,right,"-643,6","+643,5",a/knex.js,b/knex.js
a91208c0709075601e667727251dd761c3db2ad5,bd4256de4f14b159a24d0b1f37d33c9a33ac1ad1,4ff2bc890adb54b3e7b68c93468d5fd156ec9a71,d41e19609f729dba8a96cedefcb85589442c9696,right,"-660,10","+643,6",a/knex.js,b/knex.js
4ff2bc890adb54b3e7b68c93468d5fd156ec9a71,bd4256de4f14b159a24d0b1f37d33c9a33ac1ad1,4ff2bc890adb54b3e7b68c93468d5fd156ec9a71,d41e19609f729dba8a96cedefcb85589442c9696,left,"-789,2","+743,2",a/knex.js,b/knex.js
3c28a90cb5c582a234f62fdc7f9933c039842bf2,bd4256de4f14b159a24d0b1f37d33c9a33ac1ad1,4ff2bc890adb54b3e7b68c93468d5fd156ec9a71,d41e19609f729dba8a96cedefcb85589442c9696,right,"-792,4","+792,2",a/knex.js,b/knex.js
4ff2bc890adb54b3e7b68c93468d5fd156ec9a71,bd4256de4f14b159a24d0b1f37d33c9a33ac1ad1,4ff2bc890adb54b3e7b68c93468d5fd156ec9a71,d41e19609f729dba8a96cedefcb85589442c9696,left,"-1359,2","+1310,3",a/knex.js,b/knex.js
3de0a50e11aba645958824d7ac39525832e748c7,bd4256de4f14b159a24d0b1f37d33c9a33ac1ad1,4ff2bc890adb54b3e7b68c93468d5fd156ec9a71,d41e19609f729dba8a96cedefcb85589442c9696,right,"-1394,2","+1402,3",a/knex.js,b/knex.js
