74786e8a254b3ae6bebdfb6408c8962a2925b895,f2eee8896cb70ff876a3aad8f7bcd0412cbf3d2a,eeb4ede60d8d5934e7825b56a7ac7d433c44f9ff
860aa65d109388db84a63228783b0760f7e9f763,2e5e279a14bef1b76652666100ee3da4492e4893,34bc182c22eb8626a2e56570762f246120d7f24d
263c04aeb254da0487f13b9a131c7e58b11141a8,7e3dd2b8ccf649191c0974a488e58492435715cd,8f2b5e195e766ef56aa05b72f2a7e76cd43a7f69
49c027537e5e4e120ef2b6c721f3d867b7400399,5f7dcc9b78051775789fbfffb0fdadd66a0eecef,a1a609529525ee27650658397e08ea5f173f9242
ab43c4cf2a0c6ff179321602b0a2ea87f2b9d260,1631ceedb34204887fbfd196a53e3f09b27d53ea,d781e2dfb85d8a9075030bef399a2080ce2332b8
d781e2dfb85d8a9075030bef399a2080ce2332b8,2a1e0636419594ea6581c3363c03d410321846ee,968ef1560f18a7f098ee27d4dfedd96000f53a9c
62b3120ffd6650d0d652cb6b41620259851b1fbc,ea17b3d7c9fdb70466d7f2f39348ead7c0901530,f3e98fc71c511ec9b06d25d50d997ad820f4e8d7
f3e98fc71c511ec9b06d25d50d997ad820f4e8d7,27afb02482fc471e86f48f4bdf0685a7a53a5971,10e53509bddcc6648740a2f1f4e9ecc140468c60
5034e11f22715d48653a5c577d53796a09e83fbd,560473d70b593847e472a13d30a895040a791661,27afb02482fc471e86f48f4bdf0685a7a53a5971
27afb02482fc471e86f48f4bdf0685a7a53a5971,d7c38aea502ff5149161cbf178b62ae161857fbd,07fd0989ea04f8bd5da29d7619613cc7f47dd4af
c128c029f3c398d933213c506913b7225706ccbf,3c5655fc3d7a97879f63dc6baf5e774c150f9aab,a58ad5006fea418a0ae25ec35f89071b78c2aab0
1020637d79ccaa52f5a8adac60534d0dde15d7da,ff673f053bad196ddc6f87bf53f760f0bbbe032c,9c30d69d55d1bc8ffa3dc8cb895a2acfb6b79653
0341399e54352f86c3798c82dd0d4fd59e8b0c2a,dbb48cf086230028053495f235650b408a44da8a,1dcf3585fbbc7f46e5d5f2ffece95dc52c9d27a8
0ab5d6a7b8fc60e904771acedd8c37da9f39bd65,c85150aaeafd976d7b63543d4eff43db7d2e1c7c,66599e57708bf3f830aa5013ff00932713fa9e5d
66599e57708bf3f830aa5013ff00932713fa9e5d,ace64cf50fec40155081f1092f2d74b88d30518f,d7c7463380deab3fb6a23c7b7b1082cddc3d2bd2
c85150aaeafd976d7b63543d4eff43db7d2e1c7c,c7ba6d2a82a13a0748cec0d1fa5aaef5883179cd,ace64cf50fec40155081f1092f2d74b88d30518f
ace64cf50fec40155081f1092f2d74b88d30518f,cd6d4f6f47406c66316941f1fe4f4659ca200e84,1bdf74951a9cb4cf96a1b2fbcbcb16458c651428
cd6d4f6f47406c66316941f1fe4f4659ca200e84,ce01d696a0731d77b53406fd61548d5c8b1d8a6c,eda2b38f462812ef8a0e9d796734432823a474d4
b009b232458675caff915724ad686d46b0175842,154e57748f722eb3541b539b2fb1c0bcb86ce3b9,f276f1e2f5ad2851d2d9e8d6f2e824227ae0b635
876621f8af92dda11bd6384e17e37d9835e1fa3a,dadde52c40b6fe2097093952fde8ad622cb47927,8a908b720f1eae33493cc2e0699242eb23e094f2
d1e1a90d08af5cc6469725d7034d9472e5147956,d56de091f6fbd10a68a56ba0230bb8c041684057,e983f938594a177f731a2afe714c84864b052edc
d026024e8c778e6d5c2c0ff8c94148fde8f88dfd,692f64a78aab14d01df79ef610dd2e117b618374,25d1491e6b0578dfff46660f0b5928471412db38
25d1491e6b0578dfff46660f0b5928471412db38,b20b8af5a61e4584213e52a5a9db76fe17929860,4e1415faf2ff73a617cff184593e1148a515e13a
1d8b152758d90e502517fb311aef1382e985858b,1c4652448cbb7985fac96742f959e41e3914c79c,3a34e606b83a9a2f4f0a8c8802b148ad0f1ecfae
8b9521649398c8753d98eea2f8bc1986ec10a2d4,f9553091394e4faa3ebbdc05d3a40c5478825577,f933fa8c789ae6b1fb8ed613c720ae02a8be0657
7d49699e5fa8ff5ccb87d0ba5720c3e4f0c331b3,b34a239096f78ba9da87252889a0f94dbc31e7b8,02d1251fe4a9fc908c759e2743751cfae1079c38
02d1251fe4a9fc908c759e2743751cfae1079c38,1cb2704f1b30687b56ff5150ecfa1cbe4e1df577,95e58ebb9fe5114b5c436551c5f5d49104eb2ec9
764299ea8aa5f1d05619336c458479de17572122,c2972fcaa0a1dddfbf9a980041e2752693ffeaf7,2abc87a1f26a63f9fce4b4be7057024e44399518
f97f32df0f9d4774417cf0c012d591f7df64d376,79eecd6db451f08b3f38fdb9e961cdd78113a560,5a75d8e7880d6d6e36abfdd058584995c344b7e9
86b1ff512510abcd4b72522c4f2cb0c51b1c9603,2c8c96149f0da5fffd56019b7b837d4cd853eaa6,82e4cc9951e87574c44692c6296cd7bd38c3e797
fe292462564bc87617dc665835a6125ee3ef7a5e,3d3c59cea699655d3f0e6971fc1baa0516602ade,84d0664112181608c848b32fabc4f22b1c2c20ff
e538da3959fd3d24d2b559acfcf0770013850a18,687a072dc8f4001736312519f2d780855b4bbd2b,5dc988124137f6c0edc7b89b4518b3b528f8860f
5dc988124137f6c0edc7b89b4518b3b528f8860f,5d77cb0396e6af1c630a7828b7aee2be0b72733e,0b3a7e2f0ff81962afaff39917cbee9e5d9193e6
81ba623423c7ba81c47ee998b4bf7680566758d9,4f6f6cca0f81c1ff0009df54282c6e4dcdeae767,edcd3f51454c88820e8d4c7aba2b73f8e1bf59f8
edcd3f51454c88820e8d4c7aba2b73f8e1bf59f8,907ac05c00d40fbed361fed3a416ec466b41b924,7acd3d52974cfa7ce6b70a84fff83724f985ae7a
2786c776e36676696c3c3e14b5a9d8867a8e5ece,4649bd3906ea79cc9481bdd65be68d25b91c1c72,23cd5b906b89838dfcff35417864f9bd2505736b
36e9cb71087b37c92c187c6ca88795047ce97f7e,42f45317207abcb131e5343b6a3fb75d59740298,d1fb379a40bdb6b6027bdfbe047d3fa9eca1598c
725746badf03351a8b0b97cc67d5fc3cfa91f4f2,9d5290de914023a762cd8da4d58994fc0565a67d,14a447b3d8376169200d6c437330aa2a398a12b8
5269a26b693d8bf53d646196db5de5790dba3a2a,757339c52d0c71db3ce42fdefe2d875efe7b977e,8dc6ad587fa8d32ed4acf536923a35e57cc6d544
2d40dfd8d4280f621fe903093c8ff808d5a93f4e,99c9bdf71d44430b7421e8a0a020acee87a2b681,4fcd25ec88518578021426cc147af0ef7381fe3d
4fcd25ec88518578021426cc147af0ef7381fe3d,510c41440abc16046aef8a19d82e4abc742bb928,fefdb9fc8ddcfb6e149b92668017cfeb8d549d2d
afbe5aa5409e43dd29a49c4a15a37651ff6fb34d,324afd2d6cfe5054b92664887288a80cc2436437,a99f3f217a9e79362f863c13ba3e9fb0ec4acb60
282110807cfa9e6e072e0a7f82977dedffee6f1d,db29699927980ee536fa172c67d2e19e8e0efc18,25e5f43d1cff25626e56a048f8e4624250b524fb
c8517c0ec9b5a8da363e35f9a1607856470b0686,98eccf223afda8dcaf97d3bacd7696493120d511,20b226454b49718a75cc0eb8d27bb86cc3e8e31f
2b23020695f5bafb2e598e994304a5a0c6dea834,316caf7e8cb7ca2d000380b967f2f458f74fba36,8d43c6b1a8ad83a08263074c33df8518ea6959ad
8d43c6b1a8ad83a08263074c33df8518ea6959ad,87dc6631eee78d43bc66b03b727ec9a9fef8ec50,7362dd1a7c054aaa280951e6f2560e94828d359c
680798c28fc2c370f6a902f302ee729e8c46412a,0ac97f467f789910ac988db2b70bb78b8dc44800,9f0cc45c4536a5b2829d7347020692d83d44ad69
9f0cc45c4536a5b2829d7347020692d83d44ad69,897b85b6075bea9fad52ce266dcdd760131b4e70,eccd6463f65607ed49f28af25162dccc08a6004b
0ac97f467f789910ac988db2b70bb78b8dc44800,647746ea72492c709eb75eb60c328c56ce779dec,897b85b6075bea9fad52ce266dcdd760131b4e70
897b85b6075bea9fad52ce266dcdd760131b4e70,5c55cf0efb75ea1bd925117e08cf47982bba8788,bba18cd56b1477e5a622a865c2bb781e0b2982c1
b2af8da9a2882d3391ee8e6bc71f8a4ea892d569,05dbf41fdc9ca49a3059a2c91ded7c6b138a9f22,4def1ea1dc09f0a69e325133e87a03ade0f99a23
069fc1f97bcfdf94e1d628f40f792173650e6865,8684f75254461a0933fcaeeba2f3b5d61c80c001,e2fd0cfc4edb211a4a5c48b368b1c3dea35fbb66
07e7bca9ebf17d76d22114e466c6166472ea4c49,e1f442be90fec7b4426257f06fd29afcab7af9de,5271c2e08f5ac96d699f4f0c1b3fea891b34b79c
e2b8e530c9758c69c73797ffda348819c2796e16,4b31921eb48e24dfaf1b9351517789f765b57ffa,e9f752bd67da4bd04a3917f35b102ee0912e71a9
e9f752bd67da4bd04a3917f35b102ee0912e71a9,b57fe466cef58b62eef5abb3b14d5bce11655e3a,4b31921eb48e24dfaf1b9351517789f765b57ffa
9d4618a223fd328bed8c054e763c68a09566f53e,c88b80d2a09c40106d74845c539d9013178fa427,93636180dfd3870e6d116218b56d93b5d4375dd7
11343d469e4fb580471b31c93d596049e97259e1,d7c8041aa1553fcae2bd4211df18cbc98b2b75fe,9587e30af8a842c4d5ecd2c0958b3d210ad41140
f4c16825925c2d98dfc1405695c629e6811c359c,16ab179e1d9fc1cef0abf48e7672570ec5672654,28ac6623c710a54344edab1970a63502b5b16f1c
cae29941ea810694953e5bf21d6620a499d53b31,15cf2ad076a17cfb595016f5d035b3c9e4a29d5b,e82b2f0cbeb39a726f4a552ef7a194d7189727c6
e82b2f0cbeb39a726f4a552ef7a194d7189727c6,15f5b1f830667db0b96056d36b4115747b763d96,73e64f3e4a63de4748563db1f1ead38aa38b9177
6452e5976b9af0e0675b6b47e7a62a5117fea765,de3e5042fbb1a44da59b50977afeb51ade5da2a5,2383dff317fca7adb04e4002758fc4bbb7910825
de3e5042fbb1a44da59b50977afeb51ade5da2a5,0dcc35152c37d8abc08bdc1d17604bace6a82c14,8eecfcbfaf0d98feea88e436eb7bd0bb8a480941
691a561a95591ee1c78789909f4b623b258e28e1,fd790566b25e278ae4107367d33cb5c2b17bd6ce,aaaac93bd04c12ec3c3cf2f16cbe169f5f6ce059
c25fb4c743de079972bea37889bfb7f5ffdb3f4a,09d5222b1f5c3ca43ccf6894210d897ed32ff498,a77a0945feaa22043e76064a948ada1a5f69160f
5e592fbf29124c0116a864e53500ce995835d5f6,ad4101bc99394adc02d588f6fa2ecb3bed6fe0c4,2d057d92cf8004aa6625af32f38355d37a739b3e
2d057d92cf8004aa6625af32f38355d37a739b3e,81b28d005d391877cb107be52b8c1ba65bafce14,00d1cc9bf84355f35268d24201e02feaec6a00b1
d5be43695a72fce063ffb70824bd16ca45e4a4a5,0a93b81ae7100f7ae6b482190d03db8b83107d0f,addad04c441b81631929080d353fabf5aa189700
3d2428b27877229feb5c30968e4626f998eb2b07,35d5704e3f192f91fd497ee2e447ca25bb807c1b,c1860d30d648217b036c0e963d3442682077c094
c8f3b128cb2edcb6529b691e8a3a5ac4482205b0,b32ed955979718b67a7fe35aa4eddd319d283040,c910a95ee452dec3d8e2145685f547cb62e5e921
dcb62a3df5f981228fe79ac55dbe82ae2a1bea33,59c26957bbf9c29ead71fdabbf78782b9910524f,09d8561b3c20cd785d2774b825b5dda1b366de94
aebc8bda4dc074b74d845f7427ba4abb5966d84e,efff2a63c3214b0e8b3c5c184c5631dbec8b2740,0d77d292e50a153f5b5c5f7da8fc025a5223b7b6
588c6b978bafc8619d18f077cbfdc220cba0502f,faf91688516e04122ee55aaeaaa960f5a3d2043a,4c7989743a15d09861dc651a461ea72c0a08ca3b
9a65fa200d49ba5ab95a8ac0b49ac26ed279910e,93ecbe6ab863b1ee2074877927b381dff3cefbc0,599d31101b7a7b896ff73e338d26ae698833f878
2f4e926e34630556a72a6e487440fad46abf9f96,c33e1506f48c6a37b27daa5fa6bc3edb7c19609c,6f50830b25c41a22c1d5a165bc13a71a65b9d934
93ecbe6ab863b1ee2074877927b381dff3cefbc0,159830ed630beb3f629ff063dfadf96fe1101f44,c33e1506f48c6a37b27daa5fa6bc3edb7c19609c
c33e1506f48c6a37b27daa5fa6bc3edb7c19609c,f081bf6f11447b31e6e905f45cfbd208f6ab590f,f27aa2ff5427a2d6a4986a1d389e30fcfcac5c3b
f27aa2ff5427a2d6a4986a1d389e30fcfcac5c3b,1ca3e6b073392563a0c63fbec6fb114a7bf31ee9,9392d3df186c753cfaf5b31fb4c6f25294fcc8ed
1ca3e6b073392563a0c63fbec6fb114a7bf31ee9,8cfb076c9b47c18d15c5cefc5652ccb9eb6119b4,f50690f67e6f333f7c213b7f646a30ddeba07348
d40574ef48b66498611ad5545d7f84498007121f,73e6e87858fdbfa32fe8a41684be3ab6d01ae4d4,a40001a358a185b4da8a2836381ce5a5a5d29eb6
110523f9cf80606eb740f1219e752cce1757613a,4620eb7b617d3be2de3917e8e0c8ca78be0fab36,b3eb4a5fcbc22c4bf4e15a09229edf6221676a2a
62114126d96cbd18b4bbc81cfc87f888be30e1d3,6f5489fcabd510ca5b0e62ae04e549775da32e2d,c8ec654e6bbd4ea15872c6f65681f5a469330019
18ba865009f651227f700c8720da69f6acc75121,719cd24aa9c40990294d607ce2f5bad65b7aac7c,ee86820473b355af0a7fede78d7d948083a4ea46
4fa0a9f4d53b44bfde27d8022d791f28abff62c9,180b8b0c833dd8b81c024b2a59402706a5a74894,7c9523784555f10d65f894a66e03f71b71ce96a0
180b8b0c833dd8b81c024b2a59402706a5a74894,d60489501843515e714a21153a579471e370bbfb,6b8a99ba395c6b53fdec24c8d134861b47a09d65
60adb34d0c1738782c3dc44eeea29504a6ef13dd,dc55088cd6d7b160c67214bbab9bd5d6e02ef93d,e4c4300a064b9bf21bfcf112088fe9cd0f46a049
dc55088cd6d7b160c67214bbab9bd5d6e02ef93d,548baddd31ad9c9df04fc3dbf776825157ba73ca,d84410bbe6f6f07d2c359f3f449561bcfda61d2e
548baddd31ad9c9df04fc3dbf776825157ba73ca,db7d198a55c2af27785ee0b80d1ea5b84581b11f,00ed5d70c8142556530c8459f3af0ddffc0e7875
00ed5d70c8142556530c8459f3af0ddffc0e7875,c46cd354c2660600dc3e5394f63da94c52a64b62,2c0ccf03ef1b5d0d54b267341f57fd7f8161b75c
5d468b9622319db642c557cb73ea78710f133734,d84410bbe6f6f07d2c359f3f449561bcfda61d2e,0d935b0427be9dc30804aceb29938ba29c91472e
c46cd354c2660600dc3e5394f63da94c52a64b62,ebb9db4e8e62a8760d8d24cbda6b7c66dc211d0e,85672298d9f90f7aea038aa3d439227412e3ac53
594f1e201635d4a136571962705d68bf2eeb32fe,33be5c62b8fe39b185024ea7d4e8b0e196f29d6b,4c2a85f9c5f38ce466e9b827c2f7e3024196b579
384f38b193168bf43acf6efef09f58757027483d,a2a35c10cec12fac562ca39b692b0eaec225e20e,9a27b1b083f8651e95f3622bfe5a338f36f7511a
a2a35c10cec12fac562ca39b692b0eaec225e20e,984f29ad5800737642a72c1d756b5435fee698fe,5545a3b68da905b7cc956c1070f45cf9127ec045
984f29ad5800737642a72c1d756b5435fee698fe,ba3e31b53ef5752b40cfb2d71f594536fefbe916,f5eb4b09157384c69f28e5cda38c620af8200c41
ba3e31b53ef5752b40cfb2d71f594536fefbe916,144dcb18283d0810f9e952139971ec37c538e9eb,826e743262792c8cca93c38d2c774a34c81c7cdd
144dcb18283d0810f9e952139971ec37c538e9eb,34305bc85d76abf1291ae12bc601f6ea4a443dc2,414fafb1f4e5daf4d22bfaa1f4e50ee190cf24c4
34305bc85d76abf1291ae12bc601f6ea4a443dc2,c99cfca75e850702ceeadd65ccd2ae543f58f4ab,5677a0c6ebcae6e3f7915dcfed43175618629a5e
c99cfca75e850702ceeadd65ccd2ae543f58f4ab,23931b27163573f37292ff8849e38be62ab24a4d,8808f7d531733a0e88d31f122ffc3568d1dfce96
23931b27163573f37292ff8849e38be62ab24a4d,90431601ccdc61c7b3c79124c3e56fd55306b1e3,7c7c38decf811953dc97cad12b3bbe5d2f102d73
90431601ccdc61c7b3c79124c3e56fd55306b1e3,bb63be51671b44356a3f9f964007ae479e63ed29,c2a58725bee234dd54128ac93a58f996110fd3eb
bb63be51671b44356a3f9f964007ae479e63ed29,f4359d9684913112734793262bad7dca839f8837,ff544ae997b9f600f43c39c932f45fad533667cd
f4359d9684913112734793262bad7dca839f8837,af4b86e0a6c4504bb8f402872498b99400fcf481,64ed34f94962679bb305bf67a6b9897c62d1ea87
1bb750508d3db07e894a1e4062aa528e0c72f436,59761cedcfb120a981e7f29130422fa635161992,458e604eee649aa0ee18cadfe96cd0e2b2739cb5
59761cedcfb120a981e7f29130422fa635161992,bdb3cb21f9aacf7de53169c99563b471f985b82d,5c6abc4453f3bdf9470bd98ec79d7f22105f87e3
018efa56f28fdc3bae7900ad6fa70e7a5fb89d17,4540feaa1f672eb32fd5e8579b34fc21a7e9d565,53829cbd5c51e3319b843130890fbef0abd951c9
4540feaa1f672eb32fd5e8579b34fc21a7e9d565,3512e7fc5c1164a5f6d1f4dc450d0e3895770255,ae3720d2001c2d6b70a9759ec46fb4233aca6812
107c432439486dfb6df144ae81126931b4846c02,61e21c5dbbb886391cab575d2a203c72812ed3e8,908c0156312576433732f4a6f8db0ae229b9efdd
61e21c5dbbb886391cab575d2a203c72812ed3e8,ef5a61567a40f8bee68a16895253c3c0f794a00c,eeea70c457db3aebaef5b9251661f779844758fe
f1ecedf64aad46d3cebbafb8b438fe6e699432b6,f6a1b97426398b54bf42163fb4d1c57f2084a20f,3898597b12fc80a70e5585d5a99c66ce8b52b6d8
f6a1b97426398b54bf42163fb4d1c57f2084a20f,99c17c4a0daa23371a1fd69ad6519da5b77b8c4b,9c88b723629b8a225f79ca788d92536b1ce04e1d
9c88b723629b8a225f79ca788d92536b1ce04e1d,dd09162b8c216f3fd09dfc85446df420962c7376,978255b7780952f7603d24f78485b1d90a6e2dfa
ef5a61567a40f8bee68a16895253c3c0f794a00c,d85490fbbbeee82a806f0a665ba6a33afe1918a5,dd09162b8c216f3fd09dfc85446df420962c7376
8905ac64f9893367ec69c9abb4eea2278ee17c76,38b78e4e5235844e01b5e1d7a623423040b12abc,ce01895ab17ae8d31fd7647225371206cbee1dc3
f79c5ab3e19b0ca4b77ff0281136d234faac2eb3,69ed6177ab27382ccac35ffdb596f2f2d117e323,f7292c1566bc2f719f1a15caea64703bb5368a33
f7292c1566bc2f719f1a15caea64703bb5368a33,7157d0187f46d274804d88469b1c7479da6bc80b,6baf8e877b94046cefb0b1bb514f38511dd47719
ecef23c1cba0a4876c54dac850e941ab21a3fb42,62c814d9fee214c19cf29695ded2eaab6bbaf0f8,3a225eada5f06fd7c3e146225d61c860a8db0a82
66bb646be76425a2012fd75cc144520286c4e4d9,e58af520608517fed93c12c7fe9d38eda8b4a7b7,2206092e25f66f3a0dbb05c24509a7831b1863fe
e58af520608517fed93c12c7fe9d38eda8b4a7b7,b4a38439ce53ea80fbf008b2f44814349a135697,5ca27ffed139bb14aad12040c05f9b88a7ab8597
b4a38439ce53ea80fbf008b2f44814349a135697,b27ed66d77375accd845ec85c31a6f405f4cdb24,c8ecb47765b06c8ba39176f77162c4180352d33d
e801de0e6c69986a36ee4b1335a1a4d9a5c9caea,4aef322079f04c85e7147f388fd3a5fca0809a0d,2c5661ebb30461d7a004372318617ded7a332ae7
d8d1bd0259c4c2a2130ec3b48d132b3ebbac3bba,4a5c2ac818ed856813a7e7633f203cf186b942af,4aef322079f04c85e7147f388fd3a5fca0809a0d
4aef322079f04c85e7147f388fd3a5fca0809a0d,3df51e7004de9de948421ed4f253f13f98f4fb86,835f959d2dadbb4f31b9e5c32ea7fcada95d866a
835f959d2dadbb4f31b9e5c32ea7fcada95d866a,ed4826ca19bafb2b9ec6aba3f34ec7edafc05d40,649f629bb172f73f771b4716ef9a469199a5d531
bfa4fe8a4fc178b252d11c56d7851b105763b720,7653c5fe09f3cd6929698ca6dea5deb7bc0b537b,bf7a351fd6048f096ce2de6b6a2d486c496d940c
65ab040a7b21053b08fce1b551407c61649fbcbc,65d5d60bfa2878b7d30ef4e32c310fa0a87ba1d6,866be70a7a15b36155f5d1636e2e520538dd151e
866be70a7a15b36155f5d1636e2e520538dd151e,7c9516321cfaa6dafe23c43db0886a8c7ad58f69,55cddd94752a9ce965f92614e395559b223c6934
aafc832a7789947087c046ed3d15e14ef99c06a9,8c346141dc9687c5952991195eefe1988cf92124,5e7d75d6f63c94b84007f67ea34889616065b396
2a697e4bf528e2cc7f2634c0f879d795f00561f8,135f93e520f4dfb10aa7b5fe9178c3178449e773,efd29e12cdf9208f8ee59ed67b67efc38633d71b
e4c4d920a95923bda030baeb8f5f8d44c8c6d639,f29785a0b7871ddbc6dd86da233ae9031d57c857,5d21f2f6019341fbd2aa330312005b6ed4aac640
a7f14435b137ddb559cf1119e48c84eb5895c21f,51b8293ceed3e2db6e81f927e1f68f0ecdccae30,05c107576b0bf9ce8e0bdb4433987f70e7e82aa3
a64cc1d979ba4114fd38a1430c2727fb1adb7996,6804754cf428b0b2952c0cf20e29f5a3ba38cf07,f04c6bf779b288cf7a2bcd68840d28fb253c3438
6804754cf428b0b2952c0cf20e29f5a3ba38cf07,0acab3dcd316c71de50cd10932c77df3a74a57e4,053554503805bc0a31f313a65f2cb6a0ffc5dbea
053554503805bc0a31f313a65f2cb6a0ffc5dbea,ba96d168ec08436d01a97871bb7d2fcaefe79186,aa916b8cfe565dc206d85c4cb74fbb6c499067a7
64b69c0cfa120a20be8343c5356d185cf760e7d3,7f23d279a8704c51791375b636ff532b9d476e45,75cda30f39505c2db8973e48efaf76e1c1fbad4f
75cda30f39505c2db8973e48efaf76e1c1fbad4f,b5a058ba3929f646010f1d945dc4d06f1ce327f2,81bad47bc0067728a9f0014436ab3919578b3e83
b5a058ba3929f646010f1d945dc4d06f1ce327f2,29f4478a86c0dfcdb92ef0ef76e1fc19f18f293d,ad65e8cb03a9191203cd280290c13b49ebcd86c9
e8ec62c89409376aebf84c512da64a44a33caa34,9fcaac97b6d4d5e243c5fc9eab27979f8f5fbf59,b8322d22181a55b4255a0b50a3370cdfe2feaafa
b8322d22181a55b4255a0b50a3370cdfe2feaafa,518d650279f3215f215bba87875351491e6cbde2,bffdb50f9bb1f44252c5d5e53c48afef5065ad4a
58c88ccc59039a65d12104964039dea8f902f672,38b1fe0dd385df94016b4275743d8be7a69891b1,42e04ecc7a4c7cef44ce42076141c38dacdce6ab
9b7154878f9d1d3fd47370658e098cabef05d975,96fdf6fbac96b47c127c5908c96d3c1e640a31ad,08db9c256f2014480d9d7c9208fd1fbbd6e06dc4
08db9c256f2014480d9d7c9208fd1fbbd6e06dc4,00cd88cfa64cb81fac1a383842c172b7c180d783,4d6e2c6ed4b3b5c91d4cc4170f67e71dc948ae13
196c8066f78dea04dcc93a9fdf54166274d798e3,4b2de2e107465a1916d762fbfebede68a9c55fc9,ebca7f2a2d8c865fde4a805e417b0b17cd33aa7f
ebca7f2a2d8c865fde4a805e417b0b17cd33aa7f,3587febd8e45aa53a8eeeae61f5e04899031dfb3,6241343b33959ced28eb7744f85168ef9106c544
e68d95dcaa66734fbc5a1c4142e278e3da43f634,e6381d8ee7c82f838bfcba6cdeccfca924e65041,86eedd2a7b2d02c282ce130c508b0c4f4e494789
c30be2137c692ced5c667d64c76f5c900a79563d,e79586515c5f635650afc32976826e01463dcd1d,1054e24c4fe417f98adc3caeb8ec9cce7b39cdd1
89cf32f37af59a038458b2715a061e81c10cfabc,407b6b4916aed55dde4720190a59b170afccd5ee,2085963d190b7d69331a99fb25a93d31d002bd4c
407b6b4916aed55dde4720190a59b170afccd5ee,0ed3b65df163381f7d14184f399799985b77bcb0,69bb2e03fab1dae907a64b275204074e20f165f3
518d650279f3215f215bba87875351491e6cbde2,ab84e23ab27caff9cbc041524c20a74b64ce2f87,0ed3b65df163381f7d14184f399799985b77bcb0
ab84e23ab27caff9cbc041524c20a74b64ce2f87,254e93cb2289fd1d95200d7a1a8261e9adfa699c,dc9ec7ed389f355aced5de53d248c4599f72f192
254e93cb2289fd1d95200d7a1a8261e9adfa699c,791ac804732eaf9c12158054f11e6fd0df455d37,7304084e94841832ff00a3b4c4a7d3a79eb35e04
b501ba49e96f15bde4e54fb47cd391f91eaf30a1,ac191a28a54302613d706af1f04236af8f195e5b,34f10467b3f6c476da14bf293359f58089b2067e
921b592cd72611b72923f539b1e849d567eee7cf,d79cd48bc507e2599d722ba22b78690d4114b0c5,9996ecae5c69eb4ba153edb271ca44a039c9f159
d79cd48bc507e2599d722ba22b78690d4114b0c5,7d0e4169a9453da3c664f82327840a861244c574,e449b00a26d0bfc29c0be42f1ea98c7d8f5493b9
7760e6aa528fc60a66def3ec66e987b0b38b0f02,4fa97eb2fa7c387913bead871767912ab22d5ee2,610b3471742db0ee117e5d6117875277cc396aba
d447165ed4510d97d1efa8c15ac8ed68447d76d6,a12d0035cb33e01c6a4eb9f8507c6f4f6cffb777,bf3aa97c3614f032983afe0740813021e70a06dd
f43a7907bbf354435e700cae81b34907070e875f,03b341d0635b86124413a631c40e57d3b350cbeb,6cf647505fba5b0dc182d41cba1342cefe3acd35
03b341d0635b86124413a631c40e57d3b350cbeb,75b21957c750fef21e2e24ad6bf902b06137a619,b9307163b974991885b50e3ac09b54bd00a06153
c7d4810ed63cb3defd02839e8438f44f47d775a9,2462717424bd28a955181ddcdc7f5d8c9392e68b,9e8fc8304046bdaa46d597e4260133464ebab19f
2462717424bd28a955181ddcdc7f5d8c9392e68b,a3b8f9edb140e5fa3ce2cd094893343ae51bdf92,39b07d7b2cdbcf2f37b1239772ba58617f7c3650
779a28d59a463938fd4e6f37a980b921720b5354,7573ac775110f333a344d41f3d6a485c90207261,40af1652ebb1b07ae1dc7e754e9872b1db5a5a5f
0b52dfbbef79247a30ffeb607be052e8eb2bbdfe,96dbdaf9295f5598b631411d1553b04b43594152,9ab3ac44bbb39d21bb0ec1334fe9901e5b3f42bc
96dbdaf9295f5598b631411d1553b04b43594152,dd31d36ec270203ef5d5007fdabd8510d3874fbb,42487bf47dff4b0732977af2c6297b67ecec70af
dd31d36ec270203ef5d5007fdabd8510d3874fbb,cf6cc16f4308a7055bff8140f3fe33518c01ffd7,b949d0345f11f67310cc06ff72a926f7814942a3
379d177a7eb3b1741e06199cb62d942207fced24,1331d814f9f27e45feefd8ca4f5ca4fd09391160,72c5558471000615d17a9e744684ac20453ab77e
7bc1c9fb0d18fd6cacd392833f1fb857bf502a57,057da5bc82f823562f7642f19bd8d2dce58c2907,efa717b09ef63f4ed5ccf18de9d0ef44aa947be1
5951d354afe0c4f42600e968f4bc4ff0eda99a66,961f554767a184658060ebea5e4a959d07705284,899000c21771120933e914da14ab8b2279a0d424
961f554767a184658060ebea5e4a959d07705284,c174663ea3b7d18d9df4f94dfb69eddc35686522,1681d250635d099fe2d7d88e275322eecb0699af
a3b8f9edb140e5fa3ce2cd094893343ae51bdf92,bf87d8997c0011030171c4b4b0d7bd8e84723129,c174663ea3b7d18d9df4f94dfb69eddc35686522
3df562f07eab75692d89fbfc11154ff36a5f52d5,8f67aa3f183bcfa3e180cd6b8554aea76841acb3,3f512c2495c7d47e588d224771433770c54d9952
c7b47edd2f02bea44200eaf66b6bb93cbbcaf762,b6c39fec74b02fc40ebc02381e8283b43f66a9ab,217a6a6a63103b35f2290134ff5bd3416a18b6e4
b6c39fec74b02fc40ebc02381e8283b43f66a9ab,5e051fb0ed7c53fae4c4a0ffc7d4870059e2b928,1fc7d4b04982b7afa221e3f5b2c81fc5547353a5
52916aad87d5e91a51cbe71f133219c9dfa07920,dfaf6a3c650ebd8a5d50548c8ba3686a61297dae,b39205b3598a6533cbf0b9876432baa7f6af2473
866cd352363bbdb9a28d87c46a62d5795ee0617e,25457982a86f22ceeaaf7a86964ba315de1ea797,1f2c9c5fc18b5a1db5a0014eda42becbd703afab
85460fef613a2cd88e1674a31c87a67c9146a5c8,78596866ab2dd17b6c7dd4ef1fa99879da48d553,095400d094aadac0f86e84a41fe894adfe331881
d0faeb53c10873a1c2ff3bc0ad18a5ed4930ba91,bdfd71021d53279ce801cd6e1580cf7e2f659ad6,7aaf3616df5734bec62886faa6909b07a5d3c931
6b4fe66f0925b90db6afd7a5fade1f940179c36a,2f369f8eca4add2e901ddc8f344c70665ba0a414,659ec2c16c35f4582f4221e4756d6ba1b7d0b953
9a9f2a85da85321d008b4cd246271645f9d65db7,cdcf18b79c8572ace463d0c5b2f35c63f0508b50,8f86e3eb67a68bc3ac675d0d7ce4d6c2067f7871
85f1c770df1a6558105c28dd79e5e315577d34f3,2120b27b22efd58622c4d2919ee5a9241bc233d3,3b916a2cf788a4588f08323c39786b6fb5ddbca6
a3106a99a61b59742de6f38d178ae1e7daa9ca57,9e3e067f5025dbe5e93ed784f93b233882ca0ffe,538fea377edaf09deaf5fab8a31b1dfc7c96c634
a08c3dbd6b578608770bb802e39bef5bcafda483,51e327f8e52511be1bb8ad434f58a7aed367f2b7,f729769d85390217c2be02697c195b2bb71e6967
974ae99e8785a28ee6540bd532b6a46fdece56cb,c5959747713133a78651cb05f4d842b3591eb1e6,c21e7b24c66af270853d8ffefa9a424d99e21a75
c5959747713133a78651cb05f4d842b3591eb1e6,31efd854f8ec754d663d87c7bcb329e5bc90b8ad,339ae67c019fe083c8ddea0e0a0b3b896f517eb1
8aeb2832eb35b97e2da11b39d65ea1b62c890b67,74d282ccc82fe9dfb340aaeef22c3d656f2e2ad4,c994dec4c0541df91ed8d6263b3a15d4dee02a46
7b25bbef4f997f32b330a5fb2c17005dc76e7839,17e21da7156ea61cb31b94ed51b4e18198fcd3c4,79600d6e9c6dab514d1713da1137009937963641
3ce6f9a93b50b7c287ddafb9aad546d1b7200c06,3505f795661139c898a66567f5b3e063df0e8591,83c7a006cbf38c493bf1f112d59a715297f6a876
2ec05e758bd0b2adfa8fc90574907e713de1aa93,a2aab7c6996835d453972b22999b80dbfe125db5,b8fd129130f0956b43d5336452b1a5f709685b55
a2aab7c6996835d453972b22999b80dbfe125db5,875633141a9344ceb69bbb494aec77129ef34abf,31f0f8c54cb5211cc48f6a1ee92fcedc4ed89a20
e863fbf285f75063a982332d55926e5cc85f1626,2ba87d6b44f6c302bbb87635a2c5164337d0fcad,76cccb6a2dc58b71811e4cc4ce5733a2b11e959f
b5f111e8d4b3bbe9ece4ebac39f91d10ea11b7db,f8e939d30ac53ba672e0f94a20f680d2b6badcfa,4ed79d5f778e8e8eb5fa0232545ac719cf4c9d42
8c15ae153aae4eb4537121fae9fc3a3bef84ded7,2b9a011e070b01cf1e6957333fcb425a638c0465,5026224597bfee903b4cadf051d22af0a2ff1620
2b9a011e070b01cf1e6957333fcb425a638c0465,f997a17c8965c9cfa9a19e932666348695712332,df2742de1767c0ded3cf37dd88d094c7d59bc882
9187fb30b34bedc4923430288eded2a23c02d07f,79c4c992d86eb8bac5f2dd1477ce4daf67e04c38,df2742de1767c0ded3cf37dd88d094c7d59bc882