24c75e198ea98ec310b30666d6396a0865100064,c9732ea2abd7ce381ffc52394dd4926464fda233,8d03013d645ce967e6c5f89af99ba8c8a0a91c06
fe47a9da2295891392a032d746398e7dca96975d,b1b61100383bc9bfd27907c239e2f1437010e44e,59bcb1c9928952c741add2de617088054e434552
b1b61100383bc9bfd27907c239e2f1437010e44e,c7c50624fee45cf03f93f0e77f1cf85aa47286bc,4020ae0e3b823360755ff0810cd04ec5545c5c48
38b5692fbcce0c9c31c04998ad255898f33d551e,6c78cd5268fe3e3560b2ac2ff27a7c41f7dc4129,4bbaec2b1aa4ae476f8a564a8b445ec2770d1f92
bcaca21751d0e2c51a65a7bb85819983458d7842,fc8b400f84f758858a6656a5c9d79a18c57c0b8f,586581ba4ada174343d4ba3207f1feb2db6f3976
d8fcb634a3c0c7ea0eca03f48efee6b54a16b4de,407c1b6cf088477d3db58ff4d3f0627696af2a0b,800b526fc3f7c9a2738b0eada7970d71334bcba7
407c1b6cf088477d3db58ff4d3f0627696af2a0b,81304f8dd5dd0694649a3e30aa02059baf4f9e3c,ec9069f892d9564084bfc24e08cb38dc4fc9feaf
478696e0f39d289245c2f83e910b2124d0fa4eb0,110a7c448cea291afbc3114679bdf5ade5860ebc,d5650202a116ab1dbabfc09e4cd629e54352e994
110a7c448cea291afbc3114679bdf5ade5860ebc,d0d575085a2f43009a0d062d053d706b3c510d3f,c909acf097fab10b9d36fa70ae3e05679771bd8b
d0d575085a2f43009a0d062d053d706b3c510d3f,36b61b06fd644114d47b65fba4372bd31dc4c14c,ff348a8402927d8a762271517b1c618672f1b832
36b61b06fd644114d47b65fba4372bd31dc4c14c,1a6cbc6e87bf503eb6c695596accad2472c5edc1,c0a96fe46124c09f73b9a55000c3c41255cc07ee
5de8358c4d0c9a445a2ce50c52d2a5892f95f266,114164a6b1a3370cfc3ed50061a90da61543a661,75bef942f4ca427b3cef31c883a8b2390068ae5d
2e24c1ea646e3ac28a0f96ad5592715b4489b122,433c9cb2aedd03db23479b815d2f76aede9fcbc4,ae68adcc65036c8a306f76ae3be6ad382c7e6998
433c9cb2aedd03db23479b815d2f76aede9fcbc4,3ab27a004568bbafa9df4c517f10c290316a07b1,f5ef67e263161b6a567ffa16a59d5a18fac6e007
3ab27a004568bbafa9df4c517f10c290316a07b1,7157ff576cc2ca24848522e87fce4dc41ae5b81e,88a425b83387fad9ec4a024f8c27fcc837c3c359
7157ff576cc2ca24848522e87fce4dc41ae5b81e,cc7452f08b091c295add8e30dedb737aad6cb69e,c8fbcaa2b99237d6e32ba9b2cce0928375a2736c
cc7452f08b091c295add8e30dedb737aad6cb69e,8d40fbf8a0119353be6e31d76851c0851312d1cd,b84459f2aaa352887c24c355d5adc2772d780f79
8d40fbf8a0119353be6e31d76851c0851312d1cd,312f416dd0777fa104893cd3f9f2bd3e08df6c42,de17b44b5be8604edd78f4c0f053b7a8cd145a3a
312f416dd0777fa104893cd3f9f2bd3e08df6c42,e9bb1c73f9f7b48f5556aa61a4fe8c30f62b435f,462372be6ebd777c3f085cca5b41d087b9939af0
e9bb1c73f9f7b48f5556aa61a4fe8c30f62b435f,87b37f35ccedd0d1b022f86ca535f93d6e27c90c,bb37e53c5ef1e7dda72c1a1f2eb555cdfc6f851d
f71545989493d6833a8d621c6261eaf494ce4c1c,f57049824b9074e6a441882c7f98699361370f9c,7c81e2158e67d93a6894329f2e104d6ba63dba2d
f57049824b9074e6a441882c7f98699361370f9c,84a819b12f5ebd47b7d30e57afb459f9828be359,178e61e98409347b43dde939fc2981d71178a1c8
c598939a43681d88e46639221b646455b6bbf3b8,e9122727924e8209c9ed0dc7c55bf568f667b899,84a819b12f5ebd47b7d30e57afb459f9828be359
3cb174641c8ea97ebd664235eed52367658a7f71,3cce042138e3699283ed95062b4969bdbd1892e1,e9122727924e8209c9ed0dc7c55bf568f667b899
3cce042138e3699283ed95062b4969bdbd1892e1,31d3e108f4d5d0c75cb1f8b53834dbfc968f0ab6,c2de7bcb8e1222382f1c7d206a9e629184d527ea
a8826f0e401b0c57bcbce84ef992cb31d7ccf6df,797db06af0e89cfbb0bcdefaa7e272daceb88cc2,31d3e108f4d5d0c75cb1f8b53834dbfc968f0ab6
31d3e108f4d5d0c75cb1f8b53834dbfc968f0ab6,d30bf14746edbe7c7d4c9514b238eceaf7ee7df8,797db06af0e89cfbb0bcdefaa7e272daceb88cc2
d30bf14746edbe7c7d4c9514b238eceaf7ee7df8,b4c143bf53f516dfd77a8376d0f631462458c062,13b7ffd7f9701c7f7ab8ec08f99c9a370d4fbc75
b4c143bf53f516dfd77a8376d0f631462458c062,88413aae6a2c5f8970d0285982cf634ebe2601f8,d52b258218efbfff7b13526dce986a9fb30063a3
88413aae6a2c5f8970d0285982cf634ebe2601f8,448190e167ce8a663c581317836d9fa35f82c8db,ceb0e5d72fcd62897042b19ef4d9db3dba438ead
448190e167ce8a663c581317836d9fa35f82c8db,3879c39d89092c26780df642e0e6db6c2df9d4e5,e4e7e537a2c8e4c813f7ff629fdd174367611056
3879c39d89092c26780df642e0e6db6c2df9d4e5,b9c984bf1a2da3e1665190ce4da0a717946a628e,1ac0582eff5e73dcf93b14a8582ba177780af829
b9c984bf1a2da3e1665190ce4da0a717946a628e,1243bbf2efc52fa6285a228e55c4130499e72138,ca808e3e40fd6d1628b1ccc6604f9c1cf17b81d4
b1c4fb8469655abd02b050de1c5a73be23da60cc,1a7018c2b92a9f67a5aa929820021b3434da4be0,6385afb9c2a0c2498e000955893c807fb2f9c744
1a7018c2b92a9f67a5aa929820021b3434da4be0,26b6bf900b6a8dc451c828813b308082fe09242f,7dddfa507d36a14af924559fd1218612cad3a9ed
2651fbeacedefc7996dfa61a329620ca542c9f7e,d66b4e2ce4715b6ba1020a2e7a906a99354878f1,0f379c211e32ba88dc69ea42a4ac25d1e9beb513
b600a6e18e00df641c78ad1c96815e33676052af,62c27909281e4de944572f96bf79c44b50ee83d6,d66b4e2ce4715b6ba1020a2e7a906a99354878f1
1c1be77fbf0b3c5cb1e4f1b38724b951aab65ce8,f397325595ca82bfebabafb18fdc43d5a654238c,4de755bf20b02c6ce598cce6a14a3119f3d8848a
f397325595ca82bfebabafb18fdc43d5a654238c,b9491df268e99df766f233bb3d5b541cd4d220f8,179cbf2a53ed50234ae53fa28e21e569a9a3378e
b9491df268e99df766f233bb3d5b541cd4d220f8,3894a710bb2774e4ccf2f58130504e14c3ebf7b1,5eb3e14b7d29cc0dbe8ade5c6590632bd577caf0
3894a710bb2774e4ccf2f58130504e14c3ebf7b1,15dc8f02e82e21ed5bca452c72e99674ca24dc19,0553073944aeb5e08076b291bf1228550ea4d213
15dc8f02e82e21ed5bca452c72e99674ca24dc19,d56ccf91da075cc329e89c295282e5c8f413a74c,d5b6113b9e5fb91ad543b89b948b53d420adb45e
d56ccf91da075cc329e89c295282e5c8f413a74c,f1876607584d36eee062f64995b43c853847fee3,c4aa254c2c94550701bc7fb8e631fd4bbd5363c8
2a9bc050730ee7215a461604743d84b57ca65e80,0f5ddf6ab9bad7186522bf55e8eb022f918bb0d3,c941f4721d20dffcdb9c75bd34b560d3f28a93f2
c2e66cad9395daadaa239a973121bf6ad2f4b045,8d1c4d6610eb234bd593c33f3e3024434ddca3a0,bc2eafd22b98ebf25edac00eeda9780c1f38fb86
c4aa254c2c94550701bc7fb8e631fd4bbd5363c8,8d1c4d6610eb234bd593c33f3e3024434ddca3a0,8391710191539e07781a91594a8d0d3b54ac79e3
2d9b3f591f3c9c8de342f52b9105919a8773cc6e,778c807144f2c90d3704defce240bc985d7601dc,823e52dc89db91b84b01fe91dfbe1cda5f29b8ed
778c807144f2c90d3704defce240bc985d7601dc,a352c6db16fd0b064a74d97cade37db094a32685,d949700381ab6da624fd7651b3621907fb05649f
a352c6db16fd0b064a74d97cade37db094a32685,9f8195602c9b2108d8ad6e4487542549a52ed913,ddd354782cf0581785178715bd8ca5e0fc43214a
9f8195602c9b2108d8ad6e4487542549a52ed913,2a3c5aa0c10764097ed1f837f46968cb950fdd6b,cfb6949128995dc3dd1e9b903dab39d89832b4b8
2a3c5aa0c10764097ed1f837f46968cb950fdd6b,644d4546f0b3aa73e781bfead4b6e9d384e7f877,64e0b9551eeee66282e6603d985d4454408ee918
e491819eef592151966c3f584855c4c5cea63689,186c57b74fb073e61b408afe3c041f4cbba472f7,f8d8e9c29149b8c882a78e480677182e4eb27469
186c57b74fb073e61b408afe3c041f4cbba472f7,027839ff2a59099cbc7064e83a122f618bfe1120,9ae3a0c361a267520cc15a1e7541620a5fbe97d3
027839ff2a59099cbc7064e83a122f618bfe1120,f37e7f3fd2018de341966c183c79eb6dd1c0079b,c665b1fef7e8c5b1551f54fd5cbfab928a3c5365
c665b1fef7e8c5b1551f54fd5cbfab928a3c5365,cd0da918d33cbe0c226864b4ea87fc5ad17cb229,3d759325c0e5aa72b16d7ee44c08c96d0f20fdb4
cd0da918d33cbe0c226864b4ea87fc5ad17cb229,fbbca9eeadb01beed3819c017cc0643d78dbc1a9,447caca3dee4743cdd31c53bf231705109a3a52b
fbbca9eeadb01beed3819c017cc0643d78dbc1a9,8701e86e9dfb751445897b285fed716b1a25a814,751fc242e69670f5aa271c691ccd35dfe8b5645b
8701e86e9dfb751445897b285fed716b1a25a814,419a66fb798a8d95f2e7b6f39beb7205af7d27f4,ebc613083536718a1863c791eddbb6fc8e507cc7
419a66fb798a8d95f2e7b6f39beb7205af7d27f4,89e93ab78f4287daa1410f141a40938119ee2459,63bbcfda8d9dbb8ac43371980e54559f216f3b04
89e93ab78f4287daa1410f141a40938119ee2459,f7caee41fb930895fe560379d098dd5e5b05ba7b,87f2e3b054a7eb2ef6a44b049f445c185faac213
960829cc7750ef308a250c89cad34219c1957272,2f9a46d08ce74dbf317ea646c88df0e125a0c5f0,f7caee41fb930895fe560379d098dd5e5b05ba7b
25b4fc8101dcb96f96343420ea715b5c8ef28f34,174dedcaa1f988353707cab7d96d16bef44b7ada,90e2ba82ef5badea6e8115d04a0945472b42b203
174dedcaa1f988353707cab7d96d16bef44b7ada,61bc5d590ddf2f7ba05644373fdb636c9bac1f94,333f1b1a0cb8c06d112420cd246352bb5394d355
2f9a46d08ce74dbf317ea646c88df0e125a0c5f0,79397e57bbe8ca6845596471af32058df2a216e3,61bc5d590ddf2f7ba05644373fdb636c9bac1f94
d004045573f1d08c4aa59227801a662aa6fdc186,7c2d4d86e888e7d41cff9ffd902a6acd51950626,b3a5d570368af616b1687c4abda0bf5318a0c0c9
7c2d4d86e888e7d41cff9ffd902a6acd51950626,ff5bca541f49f197112d53a1399df60eb25e3f92,adceb7e0c7851c974246919697d64f0858ae5c5c
79397e57bbe8ca6845596471af32058df2a216e3,bf0306cfb86bdc8785df201454292ee9f6d49763,1477d7fffdfcba69c9188f55f3041c37ed357eeb
05bdaebd33dbe17af8d5afc612729f326d2a5991,6b399b6a46abd8892670fed00c19404a14973b89,ba6251b77c3800f1248e298fe0aa1c6029ea1fd1
3ae57ce403200e78094afc0af40f8718151a6c9a,318d556f47c5080ae27bdf162660c0d94857025c,46d33b56a208af80a366d2b350859ac5bf086700
318d556f47c5080ae27bdf162660c0d94857025c,4384f2d290e8ae5b5c991a0dbe582d786d43b50c,43324007a7bf45d62bfd529c4c140cbc800468a3
4384f2d290e8ae5b5c991a0dbe582d786d43b50c,e023b596e9569496ead0fa54d2d2b9b9a69ab0f5,d68dbde27ce8a01a994896cb4df5fafb4fa10ac8
8fac337eb38f5e8c12ec6d3235225024b2b5e659,4426e17bc47fadf454e7aee1f10113064b6c3565,2ba301f3a01fe92b1999118a66ccaa57d5a39b51
4426e17bc47fadf454e7aee1f10113064b6c3565,6729e53bc448a78371fb9d7b527a7b1f3bfac110,b0d84efd5f2b56410d28751fe833e3d859aa28fb
6729e53bc448a78371fb9d7b527a7b1f3bfac110,7864973aba19634a0f242bbbc65ee362ced5e325,afe069899ac88b36d90391e9412a8d4c4ecf866f
7864973aba19634a0f242bbbc65ee362ced5e325,e39d8b90b8c97ce244b950f07c920fda592d5fd5,7ee568ab262b8d45ffd640904cce8de02fb7eb3a
e39d8b90b8c97ce244b950f07c920fda592d5fd5,ec4939c7f667b356cec09b0cfe0b5526d460e4b4,615effecfc70576f37e10d6825bc2f2b786e01b5
bf0306cfb86bdc8785df201454292ee9f6d49763,e1e31b3048baac7079a28339399b2701b26a3d22,ec4939c7f667b356cec09b0cfe0b5526d460e4b4
e1e31b3048baac7079a28339399b2701b26a3d22,f1f79147ee7e91aed97a3ec9fbaaa8d388b61bce,a88c428d915dbb554803457bacade9506fd1a0f7
f13f0681512d6271c35e25282e6dad465e8cfa01,eb056bea0048502f87e9e2006ef47cebdce8295f,64e4c35fd038ba0c6b2662310d807bf059e68cd8
ca35634866e75e3433c0755cd99bc2b95045a5df,6b40f2d3e32afa2fdbf26db3be3f8c62523c3135,cad22f99b84dfe92748007a092cc2c237b0e99ce
6b40f2d3e32afa2fdbf26db3be3f8c62523c3135,7e912c6558a3887ed81245a2bdd637b9f217031e,0145bd21902500ebafef9da910f513ac78df81cb
ba1b020dc6979087fe056a6b3fc20d261714daeb,c34217f1ce64592b72d75b30cc38c07c8675748d,dcecda3a861ae9f1d16838dafe95bf2af795abbd
f1f79147ee7e91aed97a3ec9fbaaa8d388b61bce,04c70d7fd97a2899d23ddb4e188e414a6142f8d4,c34217f1ce64592b72d75b30cc38c07c8675748d
3fef6f2c4f8f3f6a5ee9e3eb34a4f2dd0ac6eb23,384a7ac0bc5d898329bf1b3f96c99034540b9a24,0cf8a19aaa630c0b178881ffba5f8b0724f44c83
384a7ac0bc5d898329bf1b3f96c99034540b9a24,db1492013cab4809d3486f12ee3fab7a8a475e24,e8335f4b01f517dbe1d47121a7f99382e9d5191d
db1492013cab4809d3486f12ee3fab7a8a475e24,d52e4e2f6deab47257d859e3014b78407fd762eb,aa0a9a964308ee3f987574132d8e2f622e0d34bb
04c70d7fd97a2899d23ddb4e188e414a6142f8d4,f143c763207e8dd70f1037ef7e9479c780a76293,d52e4e2f6deab47257d859e3014b78407fd762eb
a2bd2b8f168d5b3dbaa175f64dc4a96ef17f72b5,2c78157e0df6e014f614fd3cc1d39a84c33ea347,9f0d9feae2e47e1ee86766dcddc77378d393a256
2c78157e0df6e014f614fd3cc1d39a84c33ea347,6536d4863e710937ecc2f94691ad7b44293b3a45,eba565399f0b1f21f2af18ee4de0c188bea0eebe
6536d4863e710937ecc2f94691ad7b44293b3a45,cb2e96d4b57e1648c87122479fc45c7c2ceb6764,1b786a771a2662ba53941739adb1773a41468d41
cb2e96d4b57e1648c87122479fc45c7c2ceb6764,fa05e2f1f79b2210341dce8d0a1235ed6892f662,6864f2baa528ec2dc892dd085991da196ef9ae92
fa05e2f1f79b2210341dce8d0a1235ed6892f662,954d6f1afd788e7bb013bac53698f35e9b6301a8,c66d18b1b840170f4047dac88653e536379c0001
954d6f1afd788e7bb013bac53698f35e9b6301a8,0c6660a2433eaaf0f9ce3b1aef9ec74edb6f5219,100b63ec7e32ee724dc14e2f103452054002a53d
0c6660a2433eaaf0f9ce3b1aef9ec74edb6f5219,be6532e9bb09af5fd9bbd5f74d3459116cf86990,163f1fa53e64d0a4be9e401fb8540216722ead65
be6532e9bb09af5fd9bbd5f74d3459116cf86990,fa42046a46d25685152d54b4fc1dcd012158c191,a77efa6b2f509342a64c442a8807e53b4e1f1f8e
fa42046a46d25685152d54b4fc1dcd012158c191,cb1cc2ccb609d85d866029223817686fe4511499,a355a21b01570190e5a185ec6f8f1e7a31ee6c8e
a4af7be35f864385f797cc87b658817b07f18fcb,10e030d6003e6e887d4e48e61d3bed364ec379b1,e1ff1c20c4fce52658e8e8042db5b19cb53a60e3
10e030d6003e6e887d4e48e61d3bed364ec379b1,dffeaa83f8520261d4af94c4f93e1ba11d9a3563,caf13e04853210925532e66cf873deb058955860
f143c763207e8dd70f1037ef7e9479c780a76293,34c1a1becef32fd5957e746facc32c30d2c96397,dffeaa83f8520261d4af94c4f93e1ba11d9a3563
76716733545546c3978838f146231c44554778d9,a1d1ec71a1ae75227db37a7ed701b83f70a1a55f,3799a71aa15b8afcd9899c63abb851be90d79864
a1d1ec71a1ae75227db37a7ed701b83f70a1a55f,f39c2477c00241708f29df7ee2fafe1967be282a,84725eba28568460e1f6a991cb9b68ca1f7f7a82
f39c2477c00241708f29df7ee2fafe1967be282a,81517ec0edf0772c99b061c488ac4fa7ad6eb3a8,e36fce5ca967ba91c7da05f9a38589ebe4f7f187
81517ec0edf0772c99b061c488ac4fa7ad6eb3a8,24277210e8da86f5a574cf4e97dc2f05ae31dacf,5175c35ed37f013f414f2444d02af0717a89cb69
24277210e8da86f5a574cf4e97dc2f05ae31dacf,8904f389310d0fd0402bc23ba06e6d4ce51432ca,dc3d80300a2303f6302c28eca6b20c0bd2b6dc7d
8904f389310d0fd0402bc23ba06e6d4ce51432ca,4065ccfbc0afd9af057df013d0c3536f0ec80e02,bfbf9665f4d5263a02f14e860a7feacb87522e6a
4065ccfbc0afd9af057df013d0c3536f0ec80e02,dbd050a25acf7dd3ba158a6c25e5a2a6de37604a,dbdb035101cd0135def64d855104ef5ecc5cff2b
34c1a1becef32fd5957e746facc32c30d2c96397,4bc237293a82ce13c27a4e781b914f6795dfbf39,dbd050a25acf7dd3ba158a6c25e5a2a6de37604a
8bba10fc2b582de5a3338288872a7ba414335c80,483ba9ce269c69a563dd83b489a72dde7582eb39,8aa506a3c81f575786c7c5959028948e9223d7e5
8aa506a3c81f575786c7c5959028948e9223d7e5,4d291dc6bbc4094e22d7d843290887153ef98189,96bc5ced7d25786e3622b41ce06a5f2138e0b107
4d291dc6bbc4094e22d7d843290887153ef98189,ea63dc5f15154ec2319b9575a11363bb3a0dec66,6df47571b6055e2a48b8bb30f8a6bbc6c0ce139f
ea63dc5f15154ec2319b9575a11363bb3a0dec66,8e6eb50d01f872bf5d0e576da260b378e169084a,0327e26a52be8c1986337c25beb30926143ef8d7
8e6eb50d01f872bf5d0e576da260b378e169084a,daae4b1eb38134c296944bf4ce8645e4e0ceb25e,6b9af967fe38d5b516831d9a8f858e92d8b5b32c
daae4b1eb38134c296944bf4ce8645e4e0ceb25e,5bbb5e8ffab00dd272e08ae4e637cd010cd75426,e45f01d1b8518b4ad49f6ba790286c547c9eb824
5bbb5e8ffab00dd272e08ae4e637cd010cd75426,4e5206bc041e76c664ed25bbddf5321bd9cba715,ef5f94c88344c9f6b23eec91fc79f9fac2a055b7
4e5206bc041e76c664ed25bbddf5321bd9cba715,d858aab0c9184c2a85eebb876eb2f3e1d87b0cb9,4907e86925115405cf28a92c2341b9ecf7b4dd55
483ba9ce269c69a563dd83b489a72dde7582eb39,ccc72315372294192741ba6deaa69d98634a7388,d858aab0c9184c2a85eebb876eb2f3e1d87b0cb9
6eee7dce59ba5ed98336130cc568b2ed0e8beff8,4945318f51736f6908467ed11d4c793d803d7f3b,8cb804f037dcd95b4a5f4f2870e2a5428c980786
ccc72315372294192741ba6deaa69d98634a7388,a202449493a76e7f514b198addf719f48b936aee,4945318f51736f6908467ed11d4c793d803d7f3b
11d1309be895a48708d630e49be5ceca25dea633,e9859e77f3d1db0615384130208e00221c775d30,05496dc906a6c452bac8cc0a64803b1bef1fd826
e9859e77f3d1db0615384130208e00221c775d30,242f3231658207578da68d899c5f81532291ec39,f33f695499e0840268df76a5cef7f3c06175f49b
04b066d825dabc1f6dc4ed526904fb43409ada6c,738c93fd83373427ebd3456249a121312f533182,b2e96e5dea1f9de1503cc510a08f3484f573f252
738c93fd83373427ebd3456249a121312f533182,ea5c14fb19dff9de582b48fb1c006f5b207208a6,08b4d5fbd670fe7fd0c88ed741e8a64e139ece4d
ea5c14fb19dff9de582b48fb1c006f5b207208a6,ba9d1274f96619ab093b035d9a5279485d3bf789,387080f6b0ce8c46f807f28ed0c7a8f44034edac
741b9bfc3f4900660074c1116f8db0dd16a4d86f,55de626d01a855e4bf3a76e25b5d2a677c96a972,36009586bf1351692de7da36d96f0800d9963eaa
5277cb134a490a18d62cb2adc4ff941e6b1a3ab4,fbbc3621dbc642ae92a1270409f5619685c693aa,c34d682fd2558491d4133d06e0e880d3699e235b
fbbc3621dbc642ae92a1270409f5619685c693aa,2815cce509e385df6c49478bda4a0cd2b7ce3264,6187239c76e345f8b82cd091c97967f4b3a2bf0a
2815cce509e385df6c49478bda4a0cd2b7ce3264,318048539c5c7f1e3daf7c670c3df1590233c529,773ac11b827826f03be902f19e5806f8b9c77667
55de626d01a855e4bf3a76e25b5d2a677c96a972,2f68c73619cd6d2ada8838f91d8ff4b64105d7b2,318048539c5c7f1e3daf7c670c3df1590233c529
860c58a04420b6a8ccf66158fe79feea523703d7,ad767094b43f175f17c6f16417e29470576f5d4e,7bc5ca5c2bce11b5a0c1636cab91bbb6730f702d
ad767094b43f175f17c6f16417e29470576f5d4e,e1bd544472871e98c211996b90d6ce2754c8dd6d,95d02a8050883b218d363629032feed5a0ff84f3
cab508623c035516858b6be63cd68ec573ed3a31,1210ea38f15f796e9e699814efcb72e6abc9251c,3c9fe9d4167f361e3bac4965b016570f3ee7d14e
1210ea38f15f796e9e699814efcb72e6abc9251c,b2f57e10dfd32bc422394416d2d9afa803dbf999,f2e896a676a83019126b156c3bed138d82bcd524
b2f57e10dfd32bc422394416d2d9afa803dbf999,f11cf6b4815c5939cad709d6ab61f368df892db7,89c2c86e6132d7d080107a7673c27cddeccb63c4
375b72e4764c3d8b04d03434a2b58a1d773b40ed,b5105205fdb5242c5f1d8048be7896346b1ad164,1f3407463776370a5c2b2e77016493ce3182f4f8
b5105205fdb5242c5f1d8048be7896346b1ad164,2a6dbfe099554926bf8b4c692a9bc972425abab9,a9ac78ff5f3d6340d32a5637a0ace32dc93b30f7
35458905acb6ac96c92ddd1cba3ffacdd30b382c,4de80ccc8562a826a9f006965833a21e7ed50d45,2a6dbfe099554926bf8b4c692a9bc972425abab9
2a6dbfe099554926bf8b4c692a9bc972425abab9,79cdd360d8dbd1ae7b9732e65c4765d03d6d1dd9,d1bf255a88a8223eccf6b1b9f2bf0551226ad055
79cdd360d8dbd1ae7b9732e65c4765d03d6d1dd9,06c5a0ee10e5a9dfa6334ce26fd4c167c636a102,d98da1166109c552ed48737130c5b4c5296a7ba3
4de80ccc8562a826a9f006965833a21e7ed50d45,3865d76a14dc271abf551f47a46e0a37f57d1dfa,06c5a0ee10e5a9dfa6334ce26fd4c167c636a102
95f342eedc4e3d4b5906f8146bd70af4d4f31957,e22aa3b434a94afa930c82d4a3d2177c51743c71,9fe27cac97c6aadc3275f5cfb735870c928768b2
fd8b758d3a846f6b929de242498df9f12069035c,bbdfc28ddd29a4283f59813aeab1aa45012dfd89,68ca3763d40bc507e528c6c08ee6ae4f87e6f5cf
bbdfc28ddd29a4283f59813aeab1aa45012dfd89,adc70e218ab15d92e54e12713b50fd58e33bbdb4,57f0a741f102a4d0e21dd3cd70a8b2752dc65f4a
adc70e218ab15d92e54e12713b50fd58e33bbdb4,4b7fc991b1e25dc64571a276d7e4cc0cd0ce922d,ca40eab16585b5c4f6187548684c856e83a910fc
4b7fc991b1e25dc64571a276d7e4cc0cd0ce922d,d2207f85cd785c5861d886ad9e3a0542e25cecde,d436a23cdd9606846fa6fda05cff6934efecbb0a
20000b5bb7be79df1f04db7f83a4d8fa702509f5,c1a3aca0140108a3055951dfbd80b4b0b89bc456,d361f31698d6780725b220ea4f1e3daeab9395fe
392a375aec8d41528fdf07f714843d7e81040eb8,596e9cde39b6f9598f152ac4653d81028c9bf5c6,f79e5f9d2a23a328ae97378c5f369d2e99709d92
c1a3aca0140108a3055951dfbd80b4b0b89bc456,8a2d8de20c6a3b786c4e53b8b07c6888f326d522,1a3b75a906690dad23b651718dc2c49cf044175c
e2e40d09a32f68fba599d86245cb1d0a17069117,7167a8df610ff7bd6e1e41ef693fed6704cdbdde,8a2d8de20c6a3b786c4e53b8b07c6888f326d522
cf1826f85be3c2b6ab85c22b89d469f66c310aa5,da96a83b92735eeabfa272af55667413e8931702,ac90ea3e96afa3633449a700744f9bc638fdf8e8
c08740dd0e6a88d16678e6cb512fbcfb13f767b3,be8d35f031ab0c59ffa757a208823fdae308b080,14f3d33b9bdb123d96f33c67e04ea4b26b088e76
ced8196430869c09656dc114c00af7231af8c87a,9080691fb68cf6cb7d48f61fed548c5076b73595,7b9b0839863e4a60d7cb8a03fa1be2aac7688286
9080691fb68cf6cb7d48f61fed548c5076b73595,f54ac5aa1074e67c150d62f9b6195f20b45a5846,7027c71e7de01935cb02ee8143daa6d70eb760b0
f5c1e6b03eb6bfcdf42d79e940e34c6447db2dcb,153ac80d6835d986c7cc0b00787733015c5e084c,f54ac5aa1074e67c150d62f9b6195f20b45a5846
20d16d80006996a0eb1c698699ca5ff4d63b9cdc,18fcbdf1c3e3faa66faea0bef7bff381d84b3333,ce251117a12f9aee50d2c2980c8d267d1f02129b
3acaf53ecd0734d749666034d26eb028d43a4d3c,4ef518d7bce51b45f9617065b8e4ddaddd569277,753fa39d8dc85275244ba2d05178cd4e68f1f902
4ef518d7bce51b45f9617065b8e4ddaddd569277,fa9d5a1513017b4a45664e168f5ac9cb9fd0f499,709a056bc4e91b1178012f5db7608256b1036006
153ac80d6835d986c7cc0b00787733015c5e084c,563d819c5a80e34b616ceb81c3e78755506263af,709a056bc4e91b1178012f5db7608256b1036006
fa9d5a1513017b4a45664e168f5ac9cb9fd0f499,64d41aba34ddda18db457fc875fcb5172a19858a,d445feb0e79359d2cc7410d7cfe70c863aca73c4
563d819c5a80e34b616ceb81c3e78755506263af,b0425537453d35fe6a56b113b0edb34eb6dca2c5,d445feb0e79359d2cc7410d7cfe70c863aca73c4
64d41aba34ddda18db457fc875fcb5172a19858a,9df7eb08e22d6b9184886826015f978f0be9d6ad,adbc85c674fa058b03d52002b7e1bfd67aa888e4
b0425537453d35fe6a56b113b0edb34eb6dca2c5,222c8d50ad4cb3e3b704c2eb78782a77a3022c1a,adbc85c674fa058b03d52002b7e1bfd67aa888e4
4518709da095c91a868752c41e37a8a06fa034eb,6d77472cff0917a3ae7a3a113f9bd3f7a9ed4451,0e28b22d90b009963a719049afea0525e211d13e
6d77472cff0917a3ae7a3a113f9bd3f7a9ed4451,5c30ea493cd86c1758ce6e5d18bf9149e64c87ef,2f1dd2fedc11de606471218026d6cd334898fc70
5c30ea493cd86c1758ce6e5d18bf9149e64c87ef,6c5113fc8e27b1d37581c48368e155491aa58304,27d2eb49bca2458e0ff1d5dbb3667a0f676358f5
6c5113fc8e27b1d37581c48368e155491aa58304,7e0c3d988d17316cf399722a10ada441f4bb8227,f1f698420092edc61cc60f31fcbcec46f159673d
7e0c3d988d17316cf399722a10ada441f4bb8227,f28eca5d96f2f17faec4a176abbdfd898f2c98d8,873595cf267aab8fcb1f1663df556800537cf948
2f1dd2fedc11de606471218026d6cd334898fc70,d66ab38abe2385f2197807c8c6fd61bad50f85c3,772234cb002efa26855fd3f4b626848d4016f9fd
d66ab38abe2385f2197807c8c6fd61bad50f85c3,5339abe4fdcaecf4030c7896d0aed52314a412e7,f28eca5d96f2f17faec4a176abbdfd898f2c98d8
a12a2d0d2b00bf5b654cf3001715da9780078f2d,4d54095809824ea1b1cf1bd84265f20fe46c0c93,82da797f32307890919475db0b4b7757d107c4f5
4d54095809824ea1b1cf1bd84265f20fe46c0c93,076ed633bb93f0d6be391a5072b69090df352de1,a19a410ec5182d1a48945b72a1abea45ace1ad1d
5339abe4fdcaecf4030c7896d0aed52314a412e7,d33f2745c39870b424e5c6cab669adc243f2f8b9,a19a410ec5182d1a48945b72a1abea45ace1ad1d
076ed633bb93f0d6be391a5072b69090df352de1,58f4e638e273c1b1b43d9d3894ed30787e3875d9,0783af570c75c6aff940510f2c635f965394af1d
d33f2745c39870b424e5c6cab669adc243f2f8b9,2b9331558613875f692bfae323c8c6237f4a3b1c,0783af570c75c6aff940510f2c635f965394af1d
c897b2193efc7feb43ce8ba4fdfed7a75cb9f662,109f3f2e70291d381c3e4d24682ed93e7df9c747,53bc32dae2ba27be564dfda090d61d26fb364dc5
123555632f214e8354309cceabc54544fdb1ecc6,c511e9a96ede0b9775a360165d303ad401b6c0d9,327aa178f05be665f3b01dab3017001b2f791d70
14721ce4ec8b8665c770d3f55e66a8cfa799bc85,8f359e4b30d756d3fbbdcba84024b995439f8fc0,109f3f2e70291d381c3e4d24682ed93e7df9c747
423f050372710960121dda330ebf259107551268,b438f7b8b0eb99de9b2db9a31f2f15993172a02b,09585cc8e1b95e3a4da9b3d2b10ac66a94fc80f5
7b0d38970225dd6c9419384512ea0d177cd23b25,9983890504a7fde17c84b760029ab72add5ae715,77519cf08bcc933734f1b62b533ccaec81c1f0a4
e0cbb6a4c60e6dec88b0f6f2bb99a3568aceb874,c6f921166410500762444aa5dea9173ffa8e9dfd,9983890504a7fde17c84b760029ab72add5ae715
b438f7b8b0eb99de9b2db9a31f2f15993172a02b,497a3f06d2aa078136fd03db5714305f8bc236d4,80d06bf215f8c53c9e19c0e3beee284192a01367
9983890504a7fde17c84b760029ab72add5ae715,f85e8c6ad58e94fb76f795f202e4be3ffb85a839,80d06bf215f8c53c9e19c0e3beee284192a01367
497a3f06d2aa078136fd03db5714305f8bc236d4,4bc580cf99eb1b10778ec71c4df24fa7d2b6e013,7c8dc9c3f978f6db4ecf29a8f4c295c299b67f59
f85e8c6ad58e94fb76f795f202e4be3ffb85a839,73018c6d8e59c0275ac8fa491a2674c8b49d1f1a,7c8dc9c3f978f6db4ecf29a8f4c295c299b67f59
4bc580cf99eb1b10778ec71c4df24fa7d2b6e013,4bff6932c9def5a07bae2fceb7f3489ec80f60f5,edd2937615c1e3e2ec8b5aeb1f0fd95f133f9007
73018c6d8e59c0275ac8fa491a2674c8b49d1f1a,092ce528cb1c9989123e479793fa949e9e53fed6,edd2937615c1e3e2ec8b5aeb1f0fd95f133f9007
20f2e8be299548dd82e4dc37836aaaecb00ef21d,eaa7760cef37e15c597503bbd259a0cf9c07be00,81e1556863fa9a78c8cd00f571ddbbd7d6484460
eaa7760cef37e15c597503bbd259a0cf9c07be00,87de611856f319a3a193ff6ca58ddfbc567118d4,c75ed3ce6af6a99d7631eb3458149189f53d1890
c845392e83a5e74cf2b3ff3b418e588496f1a761,5b752d4d975908b860673dc6923506fc81c4a1af,67eaeeca3b4e020f88309a2efd3c38d97bce8755
c0cf552923f51ebb2949b34dce63caca0b1fa6b9,050747b438e36b2dc947c6c0fe23659861e96764,1fa378d2b43e4383b2bfeeb5f784d3c505048e0a
3569598d55c692dd9059155fad374581b7ad2c02,13a7a136039b084832293d9bd53791ab86b91a4a,1019a516da075671e22ad6ec4702be8b901d94ee
ac33abe2c6824b934f6ece9e648e026295c9f113,efd05ecc83d3990705da5ec10668804342b7af28,042f6b1aa2099ba3d99e95406e9e64dfde5d80bc
ffe3e60d72a5c19df79671bf71069edd57e91756,c23148f8cf71639d0044bde84d4e74d9592b3798,6b8fede5e6e147302a81aca9f37e6996eaa9d38d
efd05ecc83d3990705da5ec10668804342b7af28,5c5dea80120f89702916807703a39f11b7e6c359,6b8fede5e6e147302a81aca9f37e6996eaa9d38d
aef001931c69ef84cfacdd1d514278e8898b2f69,5c5dea80120f89702916807703a39f11b7e6c359,cd217eeb23014fa69d0eece2baaa2826a840471d
ba331ecb27f027331a6b8e702214270e2b4fb66c,5acde5682a4ece57a47febb5e8ecf469997a9c23,bff2f9850beb5ba258c58741932ba58de7fe2302