3201d4afdd675056b73f70c3eee14a89f8dafd76,83940e712de0e3b617248601c8f60694cfcb805f,ab2ccfac0285ae1bf82e2a40825b1c44eda46638
83940e712de0e3b617248601c8f60694cfcb805f,ff96a6cd303725e9da48a509d9d3dda1bd3967ce,06709e9e66338f5828a318621780355803287bb6
ff96a6cd303725e9da48a509d9d3dda1bd3967ce,0d45ac151566c1cf8d44f948a73c3bd8842fb774,3ff9ef79aba0a9f1290e22e5f9c88f155a325a04
0d45ac151566c1cf8d44f948a73c3bd8842fb774,216d241943c9327c3b0626c04815ec636dc96d20,1f1b404d463dbc9adfa89b12e3ec958fb6f4ed30
216d241943c9327c3b0626c04815ec636dc96d20,747f6cc88b415a2f1276b54fa4b0ba684d0c2a1b,3cae6d175fc46183489214aee19401b13b80989e
747f6cc88b415a2f1276b54fa4b0ba684d0c2a1b,63183686c1f244919cd0615355ec3ca93bb2298b,c2806026734cfbfce44deec6748c11a9073a4a0f
b1582b57f22446c1f3fea56ab86531b3fc323a4f,9692272f16d859517615ee895a16b9ccb2aade21,155c19845d0127589f4ad935e4751d8ed04273ab
155c19845d0127589f4ad935e4751d8ed04273ab,8ea21289f4ea59801f1a10cb1a13be7c2493539f,85babfb9db5d8fc7a4759ee1d79650d315491940
63183686c1f244919cd0615355ec3ca93bb2298b,ecd2e8137a4020f7881a01312d392a5a5fc6d939,4bdca7da9a2662a2d20da4703206a42dbfedf471
ecd2e8137a4020f7881a01312d392a5a5fc6d939,047dc069ca1108dd09ea81ac49f757cd21f149c6,ec206db4e5d41c6ba3366bd06160bf882777701a
047dc069ca1108dd09ea81ac49f757cd21f149c6,1e8ff7f286b199fe120cb02ff4d9822e2dad56f1,de25a6df1a00a3f96618156d309cd55b0a1c8116
1e8ff7f286b199fe120cb02ff4d9822e2dad56f1,3ee71c04efc61abce075a6a2b487b16df68ff4d6,7a0f623f0930241483f8507bb2113a3978f7ea1e
21e63855482644a53c2fb56a6f7f32fe3fe92844,c2c6ccd433bf4fdf2929b7e6a129a4c7619744a9,6b52438a1ff1b2e0445ce6fbe0fd2eaa680a9c08
e1e62b001fcd53bc36f3cdbc372e9390ac6c41d9,ff8a0644835a3d8e8382024fa0e281b9ee8ab0d3,101511944700e6ac4373b314ebfa1bf4b874170f
101511944700e6ac4373b314ebfa1bf4b874170f,d5efc85afb1371184fc8790673fad990bb87dfdb,e658e786729faa1eacadbb040d5bd8f54059dbaa
3ee71c04efc61abce075a6a2b487b16df68ff4d6,f831e955a26b5a6359e0583098bab5793def0e84,d5efc85afb1371184fc8790673fad990bb87dfdb
5dc6c1e45885db4344be4c6caa8046d26f0acd27,a9ccd7a715bda3ed8f9347db37a9997da938e701,d46f7ccbe26392fb40e18a623592a1063a96958d
f831e955a26b5a6359e0583098bab5793def0e84,09c5a67d41bd1fe10915123f4c573a263adebe96,957f1793aae5d75c36ee685c0a53057e01002b8e
09c5a67d41bd1fe10915123f4c573a263adebe96,a95be5ec92e907948913c4233a0916711582cb88,7a73073851c674cdf9b19c68189cc5ad9ce9bcf8
a95be5ec92e907948913c4233a0916711582cb88,e558fc7c8d267d826b33728b6a03dcd2756d7414,83f28a6cc12aed47d9a323f43027e9c1940b969e
e558fc7c8d267d826b33728b6a03dcd2756d7414,97bd9207f436f93f3ca44cec59a6f357ceed0241,47a81332d49bb124d3097c61191ada22ca0ad4c4
97bd9207f436f93f3ca44cec59a6f357ceed0241,0955c40e2f2006a2ae2f3eae200d5b30cf523bf3,1bfdae99e801346166eca7939031f1962225d0fa
e7a5db42711700c8a584e61b5e532a64039fe92b,fc4873f60e9f5a9f19c258ded143f4ce7fe6e71e,1bfccc545c1d165a6f0d3982467538404b50a2ed
0955c40e2f2006a2ae2f3eae200d5b30cf523bf3,a314d399049f80e8eca0cb8a20ecf08adafbe621,fc4873f60e9f5a9f19c258ded143f4ce7fe6e71e
a314d399049f80e8eca0cb8a20ecf08adafbe621,bf62492a22e5d296e63c3ed918a42fc5645a0d48,83d66e4b62938217a0ed1fc29a009f477fa12a33
bf62492a22e5d296e63c3ed918a42fc5645a0d48,9ece753a75f956d553befae8d5ba3921c4256775,48c474e366163ef341121a8c8f56aa2dc94ea60e
9ece753a75f956d553befae8d5ba3921c4256775,50790f9b2161c5f7eb826ed64c9629b0425ad942,5fad59f0ea7770eb3eb0cc29cde1846e41ff79c7
50790f9b2161c5f7eb826ed64c9629b0425ad942,9bc6e8327e55884a35e79b5da7c276f1ef3d03ef,9cc55a660d180f44bee3697f998456b982d70a3f
9bc6e8327e55884a35e79b5da7c276f1ef3d03ef,0ded7085c599c6a442551071d70ef795ea945779,9fb2c36464149e79c5689d2abe3a621b16335168
0ded7085c599c6a442551071d70ef795ea945779,189177e5d4450af62482141768f9374db3e3982c,c0c456e57777438a445b7935ae5cb2e84c7f4df0
189177e5d4450af62482141768f9374db3e3982c,cc20f6cb46dd1fdc84599ad82aff5b0412970915,d7f4194f0c98b0eb58451bb8c4dd4c234910b7e4
cc20f6cb46dd1fdc84599ad82aff5b0412970915,91ad8db86fd6ddb0c32af3d3e5800070794f66ba,1d30cf5a3427c563f955209403a1e4edb75761eb
91ad8db86fd6ddb0c32af3d3e5800070794f66ba,4058bc3d56082a4f0683fb22bd46e5c21f991c5d,c25fb330ff0448361bd725ebb406818a2147ee34
e7ab8e37b8d606be6722a6df9467657bdb897160,efe929f7485513f7762eb1b2bb22fcdafc2c092b,988c1d528e9cdcccbe6f3d57aad00e4eb84c052f
4058bc3d56082a4f0683fb22bd46e5c21f991c5d,5b62a5555d5fcce6ee487aef3cda292f5e760683,7f07915c384855735c4c9766024155a07f40d550
5b62a5555d5fcce6ee487aef3cda292f5e760683,ed9979ec5a5edcf8a8f303018e386abb19e3164a,01d8748febb213f4fc1f43db8a5249a668d4d43d
b69428cbf78b59be4e83dcf7965c838d001f2600,0b70fd21394eee62b49248dda3677df0bdafa53f,93c7828efd4987df16e288b26c950e99dc4af9b1
a8bef922715a1fed21bc662209a2b9cd349aa449,bae23a194d3680de92ed39280ef41b19fea5088a,295ba3d15d1460238bb7203b527f7725f6940304
bae23a194d3680de92ed39280ef41b19fea5088a,80667d3984725c43edbdc6c600d1054acc271d74,cec68d88f48ac444c8f1d7dae2c8801bff234f0e
ed9979ec5a5edcf8a8f303018e386abb19e3164a,7a832445d64ef52e064e0f3a30aa23da7802cccc,904ece72e265072e393096931ac918e64ec3bad8
7a832445d64ef52e064e0f3a30aa23da7802cccc,697a2143e854dd8b622ecfc25aabbb70ec29cbf2,5200b0a69c19bf02d63b5b7f39f28f21d130d7dd
697a2143e854dd8b622ecfc25aabbb70ec29cbf2,7513db603b21c10928aba5dc74477899ab1cd6e4,755a9669120724ca519ff0640aacf38806eaa965
7513db603b21c10928aba5dc74477899ab1cd6e4,fc9f06c9cf6b3d988327566f9cc17402d1d17b48,6bd8c5205896c78596d1ad00a35b86ca5a7792f8
fc9f06c9cf6b3d988327566f9cc17402d1d17b48,6115d849e578233b8a0be660df573d556b0e1431,2779d629038c29f224eea1c4c10dd45c664c7664
6115d849e578233b8a0be660df573d556b0e1431,650d52f83f3d702a8ff52673fd05a1a28cea497f,06d30debac83885f37c76dd9dfe5b7bc107ccb14
52cc060fd261eac9515ca813416b97eba18652dd,1902588a4dc8a1480f42c3b6a4c5f21a63e7d13d,2f9d3dbbd401e95d2d3100b79e8372cf21580b4a
d1baebced48d0261cf23a7b9c909ca5d4374d6f0,3a49a951e913396c22a5adf5d7c5ba23037a8e74,dffb3816143a1252cff4c29bcdc809d026d086b7
dffb3816143a1252cff4c29bcdc809d026d086b7,565650de13e7c95ccb17a4ca85d4aee2d5ce496a,e2327af0a09d828bce91d3870ff0e2f729f2233e
475f5b99a568587871c6f6b0d3125ce9538ab695,f5869a4036e265e2d5c48498d19026c8e534b84a,4642a2543f1a941e9fff63bb6b3e85f03c5a6222
4642a2543f1a941e9fff63bb6b3e85f03c5a6222,7fb5bd63216ff5524a7a47cd6f2a5c8b14601a56,a7706d459467716bee50bd9bfaabc62e302e4326
7fb5bd63216ff5524a7a47cd6f2a5c8b14601a56,8ede401868246fdd5f861294a4dc875c1a453d00,92eabadc2bc1aad58bc9385cad606148a120edcd
d1aaa1e6df04e30ee3247ecb2f3907c467ea2cce,26f97f630419674e9c398aafcff710a93c15abd3,fcf07f1e828a7543d45c1b66c27b6576070f4c29
fcf07f1e828a7543d45c1b66c27b6576070f4c29,1a60f45165b49c8e7c305a2433a46cb5d9e723e8,766d82e5cec428265bbc53e8584e82bc29ac144f
1a60f45165b49c8e7c305a2433a46cb5d9e723e8,0ae0c63dc6c3186d0457eb70abf3ff4dead395d8,394389e57f162246e9b461a1241084fad35a27e2
d68b5ac502889f92b075b11cbc9da195a5e04a27,59f014f92cb7b405105f75d4ac96cff31d58dddf,bfdc0ef5793d066af6237819fb98825b889c6863
650d52f83f3d702a8ff52673fd05a1a28cea497f,c59bf9653bb4a698e4b7bb7e95cf0d4f5e911d41,252785598061f3a3ed525660b761c2349fb17287
c59bf9653bb4a698e4b7bb7e95cf0d4f5e911d41,ca7c4321daa4b2a0c3c3f44946e9ad6ab39dbe10,004bd44d0dea8f87ebac05a14fecf7ae09a67155
ca7c4321daa4b2a0c3c3f44946e9ad6ab39dbe10,fe7ff787379754c372c4678acec841e0f95ed3b1,9719c293333c59b3cfc206aafc4ecfe58dcd9e72
a8be1d8e33019f6f9446304349a8658e0e363040,65f5f8330316ada424e184053c47d37da159f53f,526f7f3326acf2ef51232decfb29c54fd1eb7814
ca81a465e391ac58fff9f33523f174de4fa3ac84,df86b204d3ae55d31cef631f8c11acb7588fa48f,e804824e579d8db01ad712d52ae398a45cf1dad7
e804824e579d8db01ad712d52ae398a45cf1dad7,7339b5b70be61dedccc9a86f478e000e1878bbd7,814efd8a1d6824b8283204fdc89774dd34656081
7339b5b70be61dedccc9a86f478e000e1878bbd7,d40920778ab904b3a681c4a636f88b210e94f47c,4f3c103325285f68bb7bca2b656ccacc172630e3
d40920778ab904b3a681c4a636f88b210e94f47c,3bb6e492df9b740bf6e6ea4a5849add6d1e78b62,2587ef8a32c37f0a5c27d91e2038e328c4063dd3
2587ef8a32c37f0a5c27d91e2038e328c4063dd3,9da68a9f4a3742595cb5ce1ee27b17f1d6303a6d,5df8d44ee038f114aef4ebe46a041d776a4593c7
8cedc6d601588f52220ff689d60d9466b634d04c,153ebe709c2ab2ed3f8a9418fb5406716c5ce72b,99b82ddd8f018de3b664dc1adff7ffd87e3634b5
b1cd7841a4a6d0d17044c178a7efe6eb3822cc9d,488d7eb877b8c8265e4938a7634d6a7c71956029,2ace0b9bd642d47652ae3e36634f3bfa1fec111a
2ace0b9bd642d47652ae3e36634f3bfa1fec111a,e20fbbac42463c02af1201be25d649032bb61bb8,34db2aab06c8b9e639c2cfbdd049c2b9ff0daed6
e20fbbac42463c02af1201be25d649032bb61bb8,aa04ae8309a26b7ff1e634409bccb82031e24a71,2346ae5fe6f22170a4664a52707cd4db2580e6a5
aa04ae8309a26b7ff1e634409bccb82031e24a71,b4919b15b4f643be6c146158ad5af7f7d3380bee,3979b4c2e9ef8e2083eb08160b72afdff7608921
fe7ff787379754c372c4678acec841e0f95ed3b1,54a56240ef4bbc60cda8caad240c73070a2cc89b,5d0a88daebc50bfbb23325f1ebe52a7ac7243ebd
54a56240ef4bbc60cda8caad240c73070a2cc89b,a131fc40f4e0a8fe2f60ede9ec815814d1f49737,9d1bbc8350f44f30bf97b2e3f2c230ad5508b7fc
a131fc40f4e0a8fe2f60ede9ec815814d1f49737,013bba19b6c94ff61a115f20b4944b6e4b39a4ec,e37e5438d5673dceeec8818b2e3509a43d51f6be
013bba19b6c94ff61a115f20b4944b6e4b39a4ec,8bed990477d0d18366dc0a887cf3abd511cdab89,ffe234974ed34ec31e34c3d094b7ef67f6adb81a
fc37e7f6687ec9959dcaf4c81dbda50945ab25f8,3e316680f2d9f4808a2b369f9801eef418545632,168cbebd7c2f1edf2c0698a192ace626db82ea76
168cbebd7c2f1edf2c0698a192ace626db82ea76,d61c2f45813042b2481933db8a6118dcb7155797,9adb608321a86e0b8035766bf7d9df944cfa3f44
e2184bf5a1d0a4608d7c1484d442756c9d0cfe05,d801a68a7cf40ebb41283ef991c38e74dc522f14,742919bfefa71ad6cbd3060b91448c636b4f9b8b
d801a68a7cf40ebb41283ef991c38e74dc522f14,218a11fbd0346cea9931f5677cd9281d11c137c4,88ac4e0896074349543a3dfbf34f0a47b4e782f1
0d77acdadca712d59cc333e7da7d287cfa358ff2,7ef3ea43b04aa6e3ca2af145a7dc1f0922fec403,7ad3d76a8b3616063b13af95c45e878b60b0f63c
7ad3d76a8b3616063b13af95c45e878b60b0f63c,0ec442ea111388b04abb6e98ee89fdb19789e2ed,8a9198dbd85785584db42d27c4378de2bfd15b03
8bed990477d0d18366dc0a887cf3abd511cdab89,69fcfd2c055ed3c87931ea9624f06491a7b02cbd,0ec442ea111388b04abb6e98ee89fdb19789e2ed
69fcfd2c055ed3c87931ea9624f06491a7b02cbd,367adebceb28e4eab321694c6240c5167ffc06c2,4eec40c8dbca79d4d2af8704f4adf39192f50636
f64080931c78b48377fc86da2ee6b4cd5b0c9270,a7036d063af34873fe02e7a01ff4aad9dea69866,81686c233569022e7d4f3a1d5c4c8ebc0be55a61
89201972acb628d625821c072ca09f8d5d5571b6,85da3ab48589b82b521b46f52e2e625d0131dd06,087cd037fa82f5e533f4ca8c17550c8348a439bf
087cd037fa82f5e533f4ca8c17550c8348a439bf,c298183a08f0d5d9c94274f294f9deb8d01664b4,ed9835e6779e089d35337478a8582a488a328ca4
367adebceb28e4eab321694c6240c5167ffc06c2,e5237bf3e4bf6ed2a68f28a17e7a9b201493074a,c298183a08f0d5d9c94274f294f9deb8d01664b4
f1b89a8cb340f015a70c9f4366dfec6470e369ad,8d04589f67d6eebb450503c7c8276db1c45bd951,f15300a077acc4131f249f3ea569166f34098721
f15300a077acc4131f249f3ea569166f34098721,fdc1eb7aa41e1c26d96abf3536a56ebff33885a5,25014d85c7c8b5785fa69021c5caa093f53d05f2
e5237bf3e4bf6ed2a68f28a17e7a9b201493074a,f9cf07374d6af7c157d43b6e63c55f3105d6f519,fdc1eb7aa41e1c26d96abf3536a56ebff33885a5
375874cdace8f2b232601beb2709cb42433228c9,4ddb3d3db11d60780a4ec5c865982cd3b1ceb5f7,6203a1ddc3c4c14d981652e2b0e2871fec7ca9b0
1c872e8c00f7bd39c2032716ea070958e45df70c,a8ac6058234767e4895ae7b8a02da1a7307e2e4e,a4e49bb0e2d137980a9c95db748d92126d8f6387
c0ac450c59d6d3ed9a89b534566ee57eaffa7b46,7a77116399d52f514e9f408594f23e64566f1ea1,456bf9eb0e13a81866ec05a8c63740f63bcf6b1e
d68bc3004240d0d0d85b7d180a74225ea6b21126,88531f84accd8be2650fa25f91de4f76e485789b,228b5e70702a90859d652fdc08d221ff751b6b5f
f9cf07374d6af7c157d43b6e63c55f3105d6f519,9d101f2eff258c18d8965ee1c9b98e7529daf462,df233139e20b3b184b627616a89adb8999a1cd25
9d101f2eff258c18d8965ee1c9b98e7529daf462,3f2a8ef9405d64a7d24460811435c561870f9259,f2e0cfe4b2ead6ba1dce5f88745bb75f12e06cec
3f2a8ef9405d64a7d24460811435c561870f9259,4ba9a4a404b9c96ea8acef3714f7f47d87ae7fe0,0adfe2a73f9b33718bfeb83aa6dd778b185806c8
6b236e3043f8f0603c711f86afbdd65914e187a6,48c47b4234a9ff5ef789108a91b2e14d3daffd01,d1a0ccd40b5c0e4b84623a3cad9664a95a5cd479
04bea95ce46ed0a7070a575b12053940f39275a6,edf90820ed32a7dcfd0c0905f2684d4b477a255d,dc639c73fa59bbeca8239c5be5a57cc1da431eab
3cec7f3fce2114024f2892a0b8dfce520fa0a75b,b31f737d259d4470d70addd9080c8ce04fe9c07c,5bf712ddeb71f2d0b8c8c853a94c020603c26e81
57604388e7cda8b4c70f69b6ccdc1e916cdc8008,b54f6ef8701bac174e688274f83bd78de1521840,4cff59efa6e0f09be1bda58b19ae3a1caa5e9af0
cc7337e097390e71626ec1fffe289091261d6641,79b8d1b8f4023fa6bd8c6497a42a7fb26d4039a0,0048d12ef0f016efd64e8738f6266085120750da
79b8d1b8f4023fa6bd8c6497a42a7fb26d4039a0,ff18308ee1bf4f66aff6517f17b848b6da8db1b0,26ef3e9732e88328b68960b3c3560a96e86ffdd5
4ba9a4a404b9c96ea8acef3714f7f47d87ae7fe0,aefbf8f7947408ed3105a6e6af307ea32ef96502,1c8d4cfc91865cf4423355d30efe607853baee06
b43af8819671274494f0b0031be38691328bec08,9ec2adaadc986420eff9a67a77f730e6f12f5661,b9b5c03a6facf654fac7ae1107f56b31950b5cea
b960968fa3f2c23cec2e303803d437efc4523789,2762d712c5007bb64262b9b38ee6a7a2f5b9a864,12462e63b1929122c762581567fbde04ffece1eb
2762d712c5007bb64262b9b38ee6a7a2f5b9a864,472e4f97982af2469461815c4a8306be634c0aea,ef65d7eef2114181a82c28a24bdf28a38f5b06ac
aefbf8f7947408ed3105a6e6af307ea32ef96502,df188f11a894c4ce492b030dc571594234b06106,223d5c40d30a448455e7e50eaaa1da76b3344a59
df188f11a894c4ce492b030dc571594234b06106,fa59dd800910eaee5df8db83c4477b11a0937c7b,46b8aac9896e03e53a0f5ff1fa24b474166b2c21
fa59dd800910eaee5df8db83c4477b11a0937c7b,224dbbfc20293b1d43d93691e2c4e9731faa96f8,3abbcc34ef55636e95db1694b5eae1b0306d537b
224dbbfc20293b1d43d93691e2c4e9731faa96f8,4ea3a3352594d7ec8e761d3f925547945eaf2b70,5f7a0336f1c0ae33f403ba821ea5ddc8cfc45ec4
68dadff0317e6843dc8c3b71514a632ed8481f2a,f2da5ec0027ef88042d404dbc14c16072f543c22,7fd5b0ef5daf561d8ea0ffc38622b8c17f99c94d
71b2b5ecf1186772c5e6cb47fad9d57a56b8b407,fd77935d895ee553d58030a55567a5f182d50356,f35909eb3a41d36b9587cbcbdcaa28b54ca0d20d
4ea3a3352594d7ec8e761d3f925547945eaf2b70,1e91c1eb608fce9267362acd0402ba637ba094f3,df36fe1511ac54cd62be749bdb8b63d69b01ae74
1e91c1eb608fce9267362acd0402ba637ba094f3,710472111b190d062486ddd3c9d18bfae9391d70,10b50bf55523b24bc0112fc834cada51df81e0da
710472111b190d062486ddd3c9d18bfae9391d70,c0019fbc33ee54c82a593d91fa556b572352aa32,215a43318122b5da071104e5a53346148b4a9c6a
8400074ada1b1f418f06ecac33ebef828b6c4841,2872497ad26c487422e65a3b1a7e6b5e5d49377e,53900d3ce6da0b9b0fa5c621cfc1ed398f206d48
2872497ad26c487422e65a3b1a7e6b5e5d49377e,615e15f16689046302c1c44bb4ec750715149909,4400b29773c57c2153f1a49773f7bdd2c6d0a563
615e15f16689046302c1c44bb4ec750715149909,37fe61406c7b065e6f1dc336a7b39b57b09f2195,12d644abdb4cff98765422301d9dc56656798ff5
37fe61406c7b065e6f1dc336a7b39b57b09f2195,8c4727aa14979c982e39d383f1231775a67aeb8f,fb48c0ec776aeb5a49c8529d0dc4437c506e5ecb
4f8d0d682d100dee7ad57b82ea0ed286dea8e2f9,947df4cc93dddce3fe63f7c084092e54085538fe,d01bacaabf25c646b84f84dd0f02adb64534f8cf
947df4cc93dddce3fe63f7c084092e54085538fe,c164bd48d4fa128c6c0c2d10e444826b2d22326f,2cc1edfa0de01135d9270f6ce317fe783fea9e2d
0999762d4ba94d6ebaa76d5596693cc563b7c172,f0bcdd59393723d075b6c9544a69a434d510d3a5,db0f11ed2d04127a5261b03d06c25390cc6cce85
f0bcdd59393723d075b6c9544a69a434d510d3a5,e2e1759e5a4778778f648d365fc28993e232ce33,ec4efeea649423085e69efeafdf671863443b103
c0019fbc33ee54c82a593d91fa556b572352aa32,749905771903752f581e8796a221c15879e60b9d,e2e1759e5a4778778f648d365fc28993e232ce33
749905771903752f581e8796a221c15879e60b9d,eed567efacf773194078f7d6e051176796f4c6df,cd6362f38f86b98dcdfee90452ab19863af13db8
eed567efacf773194078f7d6e051176796f4c6df,fc34fb061ea7e03dac93a45c0673b2307ee6a76d,0fa75794a3b6b45224b78bfa2b482306ce3de69a
4e39af7372f4b682cac38a8dbbdb71119d1a4987,bafdf167d2aa282580fa96c11550d10569682697,02e94381624c4e4006651ab0368c23af5b4315df
3b52d41f7df0721953429fa28acbd6f62182bec8,37c350de64e0d2b3ee925c78010bda84d4ec257b,82e663de895bedcf23ac1ee41176e5a469d5f2c6
040ce00afaf38fa54537734e417323d44ed571ec,492278ecb127284ceae2d7a38d0b3b5b20f245a5,4d3107749ce4c1eee5eb995ff1582562d1e1a8d4
f37eaf294ab43c1f6402db591e2df895daf98b71,33e1fc7e16d9101847f9f01e8f6000397ebc3951,8efd9029f9286c775b369bd66ef1ecf912249858
44cc3fb1b9049d9d7be610d45fb49d9b44caad43,4cd6789d77cd631c280ccf618ef4d5bd6d5ef720,284c95382df0f1866122346afb7c95be844b2566
c490c4dace5887dc7c4fb990a49e59277f5a2a06,cd5d4cc65ce86e737f60892f025834133900e18a,fc34fb061ea7e03dac93a45c0673b2307ee6a76d
e02bfcb997897451a9d92f462b3a7fcc6b656d34,5399d595608d1c2cd88b9b0828ff042ba8897909,7e0e44ea1427e94a756f8af45c14d6a599e7be2a
e547981141aefc7e7f68012d7872040599234ac3,445a685c62e0fe750a06805475092e9ed805a3d8,cd5d4cc65ce86e737f60892f025834133900e18a
445a685c62e0fe750a06805475092e9ed805a3d8,5dc85ede9be28224c5fa02e54c446990d02125ed,18e78a9421c72d9859b090bd1868fb158f459a98
944e75d43d474961e78e08089f8c6f06142b4b4a,2f2cb861443e4427d60573a845f4ed9da7976207,ab9ef55b5cd808f0b9e0f6174f8ef0a5ee1cdee9
27db5b43943b28400cddf0203481e3dab2d62eae,e9e3e637c2ff1a73df3a1aa8147b5bb637af7f72,da3c326052dd0a7a57f58581eb4cfc7eab509bf6
f1b76e5d37cbb05eff73edcc9d83cf5e5fe42b97,21174eadcc450eaf58c50ffeb9cc58c5a275c138,4d5ba923f9d9ab40db75cbd91c062ad514c95260
21174eadcc450eaf58c50ffeb9cc58c5a275c138,b6c9684cfd27e5a94cafcc7fa8b53cd5bd455868,4483466755f5cf7e7ee5a233c80a0ce02a4339fd
4483466755f5cf7e7ee5a233c80a0ce02a4339fd,741162f2e3f1f9ab4f376f335f6da4932ddea0c7,b6c9684cfd27e5a94cafcc7fa8b53cd5bd455868
741162f2e3f1f9ab4f376f335f6da4932ddea0c7,5dc85ede9be28224c5fa02e54c446990d02125ed,bca2fb79893f0a2cf4b1d7ca27a107e51c04188a
e653eb5d3b409cfb041513b0b9300309f5927a2f,0fe578005e5a6e10676ab7fda30687780f8b8d6e,e7e095312074556fc428dfe53d8c4b0c5e72fbb8
6563fe0850a34eb86adb34482802e26c7a09777e,0c853b9081842b6ff22da43d81ad7388da312ef1,60f0fd30502a2c79a1569963a6cc11635f0b748f
5dc85ede9be28224c5fa02e54c446990d02125ed,0e5df28a8fed7d997a22b2f6fc77903ff3bfc8b2,0c853b9081842b6ff22da43d81ad7388da312ef1
80c2586a0db44224057990d78e6e4e862f19b6ba,74c5218d2fd86a903a05056d70bf4b5328868559,4f641b535a855e8ecda898e24eeee2e57e9c0628
74c5218d2fd86a903a05056d70bf4b5328868559,5843cf32ebfc4ca071d5f29402c3c6128dca0493,f349a2c3f4718025f35b89fd101f5b3db7e1f6f3
5843cf32ebfc4ca071d5f29402c3c6128dca0493,c2d3fb5793790ed2af173e0915803dc967158777,6d88f75547970663bea0c0959d61ff37c9e3e208
c2d3fb5793790ed2af173e0915803dc967158777,83997c2062b52013f97c5af1a1bb7a679c730b95,37bfeb711357059d335c8605207201fda4c671b2
83997c2062b52013f97c5af1a1bb7a679c730b95,cb9924198d6e9a9706b9cf8c56394a8d2f283531,21fd7960ff489a2766c15662f9ae380a5b275563
cb9924198d6e9a9706b9cf8c56394a8d2f283531,88145209d3a5737d19be704ae77fd3f9efcbc94b,9acb95b4fa190a2b6b55c87023dc772311ac48ff
88145209d3a5737d19be704ae77fd3f9efcbc94b,3cc7d233b81882568803824c0103080fc4e7da40,45524eb03144796d1ea9565a32c641e4a3c8995d
3cc7d233b81882568803824c0103080fc4e7da40,9ad42556c955dac2601440809d71abd4543e3c9f,785a2716f398aea6adf4b7e7cd555db7c283f02c
9ad42556c955dac2601440809d71abd4543e3c9f,e94b8b686b100a8e268360568fd3718a7fd13ce9,b888b325df1762e208be31d7424d1fe546211367
e94b8b686b100a8e268360568fd3718a7fd13ce9,eac695631722c52de03d819e7beeed005cda16c1,546beb4caf24716875e167b229dfd9746195747a
eac695631722c52de03d819e7beeed005cda16c1,e80322ffab7636b723a06c9202c9bd9b11cfde85,733b0cae4b01fe8d4a8bd3fa61af234f37d7feb6
e80322ffab7636b723a06c9202c9bd9b11cfde85,e7a63fe0b610b009de3cc6a2c19bfc9e3cf9d2d3,921ea6e00858e5369f6383417a6c0ed93f562e6d
fcc11b0118305e13d80ca2b4dcf84f8795a8fd57,3e33e653f579ad7f6ba927af3bb6aeb4881a436e,97788da7bb20a4a4e68f2307b3e33d8ae9e452c8
89eae16721a9554ab132adbbefce42e0a86889f4,233c7535985fdadc4a9518547224a961c6254f2f,3a4a9f39a78210aabee236cb0ed04a7bdb19daa2
59ec06a75b677062bb6f330bfb1418b614e79bf7,01bd9f17184a678124fe5f9f8c7c303c6f3a10d8,d1682517abf4cba93df377d2ff2073e3b4c76e23
3e33e653f579ad7f6ba927af3bb6aeb4881a436e,52f68a9e28c3d6e97c78733257127b06996c9ff3,e23e1f4af01fed55918e14bdcedd61a9e6e4c1c2
4bbbae3dbda7d411b75b8883fce9dfb0100ed5bb,221441a575b198a44ff48a2f16ff25e46b615a5e,b690f01fab4decb74a1ae0a98e854b704d9f5228
b690f01fab4decb74a1ae0a98e854b704d9f5228,5912fca2fabf05431f32eaad86556ab9f5eb5921,221441a575b198a44ff48a2f16ff25e46b615a5e
29d805e6d68be7b1a80f123b5da7bd9890e3a717,6ba53994a8be46275b2f40f5913f00867656155e,25abf6b04b7faf310060d425d252c4360dafd2ca
6ba53994a8be46275b2f40f5913f00867656155e,0a447999b1fad25151366f96e44ae0519879f9aa,b8dcdb0765bac524f40ec413ff41505c03efeeb6
52f68a9e28c3d6e97c78733257127b06996c9ff3,7f995d7496af66762d592b7d20ba6d7139e14066,0415e6ac1e55ec731556a9705ccbc04f7d2bd6c0
d1682517abf4cba93df377d2ff2073e3b4c76e23,9f4913fbc3ee8f69e76224b19fb0f2d0c0ff0626,c57b7dcea361c73a2374ae481b3a5bb64f1350b6
7d1031f8b30f72cca365eafba37bd4df9da10e4d,58bf45985d58396c7e4a8d45b5128d6f361d0fb7,30cd8e724d4e6ccacab9cd9e954f2ac934a4ff87
a48aadf9ba0903ed8f6ca3746ff3ea4f8537f6fb,a2b34227573e26a2edfc76f644b9a288a8882be8,d3e63b3ecee31c32fe1fd4dcc1280a1d8912c5aa
a2b34227573e26a2edfc76f644b9a288a8882be8,254a00f4150edb35d2ddc2d6d4cc5d641b1595d1,6d0490a520660f4a6efa49517e33e1e3779a6347
8010adeb01bdb39a051b9dff23bcc013efc01ff3,0d5e400d2360d4c680ff6f4da3e43e86a43ff0c1,37c9fbd1075c7b096c54d5a1f5ff06b52fc161c4
0d5e400d2360d4c680ff6f4da3e43e86a43ff0c1,a264f9c9f50fced1f8be1c13e5f66e2fec74cc67,7c4da640f1eab55e86d967ae21b8730a6b9ced94
2d7ad55f15ef003e2b6cfa4654769afa750701af,a242cd71d430ec68cf8f338c0d0b7f4f5aa57a7d,3165ebe682e4d18d269cb893ca725cf067f075aa
b02bd60133d5a54824b0f8947581d01829debc42,d1bd619486a832eb57d2b362a3c113bbc52ee0da,5fa27198446318aef53b2a4216bf19480eb61278
7f995d7496af66762d592b7d20ba6d7139e14066,e13f9d994c802f78aff9ec33b76d7501a9ced458,8fc93e8b20c6e0df4b2ed71f6abf6e9d86d66db5
e13f9d994c802f78aff9ec33b76d7501a9ced458,9c19c7c0556c20fa77b2232493a6e183addc927b,866118899faffc9b53528633dd4d0628c2d8a085
7df97240e925abe7f231ed3fcd8801f335e1a39f,835fa7b3c5bb8abdc54dbcf4b90b44286035f858,1157da6b12adc58ad007078db32372e049b51907
5edabe6d15f865c1f608f2f523d704c27485574c,9a56f13fb07819cccb8513acd126f832601f203f,752b5cd957b8c5f3f8373a4480fb052034c98075
9a56f13fb07819cccb8513acd126f832601f203f,e4a33e8ab1b50476cfa8c5d005a5115d33017165,5a290289dc2640efcd2132232771637bdd584985
9c19c7c0556c20fa77b2232493a6e183addc927b,17bd7913cbb24c0760cfb68069ea32a52d037f3c,a7cc63953f3b302cb1208cb36b0689f68b46c46e
17bd7913cbb24c0760cfb68069ea32a52d037f3c,8be3a53ffae635d5cbb368afeebe642e659de7d3,b636f04bcc17ed97aa645f9b5c7a66160a1a5208
5973175d3c2610dc43bde9ccd107559147f3dccd,6a81981ad69dbe807e317d9d2216871b6bf80c35,8be3a53ffae635d5cbb368afeebe642e659de7d3
004d64b0852164c082181d563b3340df2f9dc354,1544befdf5a9a23e569c0baef0eeb412cdf34022,b8df48c0680a14d4f49fc0d945cec5559f527b1a
8be3a53ffae635d5cbb368afeebe642e659de7d3,a60281efb53b633f4d2b1e1c9a56041111b5e17c,1544befdf5a9a23e569c0baef0eeb412cdf34022
a60281efb53b633f4d2b1e1c9a56041111b5e17c,078937cb690b44f53c27641d12641c6fe16d0129,dd155581cbd1c3081e0915ff7b546f3aa49e0dae
af4c20dd083961bf3cd464083ee1e2ff7f667fcc,1c8476a12ff5453f73fe28d4e49e7c8a35c7698c,7e5837cfa13d1783d92bead314d24739cfbaf909
bf803bee27fa5ea5ecdb60f0773f10e183902906,1c427050064522f0077287e4def218f48438ffb3,2b7444ac500ff75baf798f62427c7c1206d536ab
1c427050064522f0077287e4def218f48438ffb3,2d2919b19ec419a418036a35adb5a795e09dc834,4d070e9cedee59d8cc237b2e53cc840cfe8b0823
1c8476a12ff5453f73fe28d4e49e7c8a35c7698c,f426bb32f2c74b0ff0febedbca04f50900a6c3e6,2d2919b19ec419a418036a35adb5a795e09dc834
f426bb32f2c74b0ff0febedbca04f50900a6c3e6,91bd3333d2610379b8bae1787412417d10765d56,585045fcc07db4245d9de76222bc0159fbd0f35b
585045fcc07db4245d9de76222bc0159fbd0f35b,f18b059139bf775b48f9cc797efa6be015b90728,fe267850b10ed040af1471b76f3f631c68c63d25
91bd3333d2610379b8bae1787412417d10765d56,5b04bfb32689d409bd6a7e2e05c267c449b9327a,f18b059139bf775b48f9cc797efa6be015b90728
5b04bfb32689d409bd6a7e2e05c267c449b9327a,6575f1f3b8254d8dca577973c028b0219c78a122,db4a851da8b261d6b5761d311632a6283ff8f33d
6575f1f3b8254d8dca577973c028b0219c78a122,ee00a7b3e47bed6859f9c6df2623983d71724762,791de953f51d46256d0d52d9e82ccf8539810527
38a8e3915eefebcd8236145c6d013e8f921bfa89,0ae494eeb49b2957af698cbdaf6f428a303efd56,bc95cf98e0b3ff21901f091e0e5e533ba27001dc
0ae494eeb49b2957af698cbdaf6f428a303efd56,6f8e2978035997dc4034842c1fc7e2d3a466332a,5c08a3b788300b25602df4a1d37eeba9f7393512
87c7b66935b5a03699c65bd42205dc8db387a989,88feaaaeeaf0c21df6905bfb8fa8c9d73119c6f1,4c761d78168a202df4794eaa30f17cfa6feef16b
423457d8b836dee9bfdda5d32b793b315eedf7c6,0306876737107387d76ecbd4f6cf5d25a0dd0382,d62182425a39c2c200101c410b853e387c3ee2e3
4c5c2263b02c4086d16e2b5aced760e196bdd7fc,c3aa58f1075a361a445fcc51383d73adf8e79831,197e0aed6531950fe46e06eef423bf1672512270
88feaaaeeaf0c21df6905bfb8fa8c9d73119c6f1,d48a29674ac7b63512251144103bfe61b58fccc2,c3aa58f1075a361a445fcc51383d73adf8e79831
c3aa58f1075a361a445fcc51383d73adf8e79831,886be39b6f1b732f2fa33f83d608363ebeeeff18,f813a0f65abde2fcd586c63283950116e91964d1
d48a29674ac7b63512251144103bfe61b58fccc2,842d52516ae64d7f0c5733127a2544d87f5234af,886be39b6f1b732f2fa33f83d608363ebeeeff18
842d52516ae64d7f0c5733127a2544d87f5234af,0ac86741b80c6daebc5a789099ec1b2bb9a568f3,85627480ddd9c005c8e3f72925c06015e98de954
0ac86741b80c6daebc5a789099ec1b2bb9a568f3,dda9727d74bcf4e2ab62ef67cbbac49f49d8d0d6,fb883942166c24f35ff6d3c2a3153b5718735e77
dd36d3c113d51fed5b13781239b8b14e6e53d322,e3bb98632ec1e45ad4b48e37bc0b4c2d8e6b5a71,b85009b5fdb4c4892b26a9f7adc2ebc3a9a942db
1a07967a7e52ad696f351fdc2d71a07697fbb51a,c7de72fc889a204bef27f06e8b34e6c270637465,9ea05ab1172b60b55ffd78ddeceb58dcfa4db8f5
78be50847598c16af90652c2512a5cd69dcac2a5,777389eab848132f88be2071cac780284d3ffd43,573ce0aa0a58fa2112d693938178c1ecfc7187dc
c7de72fc889a204bef27f06e8b34e6c270637465,ab6ddf0d6c53b8a5ea5af3f047910286b194f82f,6880e3b289e112392a77e147c0db2c3c968e1f27
dda9727d74bcf4e2ab62ef67cbbac49f49d8d0d6,777389eab848132f88be2071cac780284d3ffd43,ab6ddf0d6c53b8a5ea5af3f047910286b194f82f
777389eab848132f88be2071cac780284d3ffd43,3a8fe092bbdc31d2d2f0ce1cf910408ee668f74b,e130d993639ca486e72ed5714a3135cf8329140b
3a8fe092bbdc31d2d2f0ce1cf910408ee668f74b,c03ce80ba6bfdd68564027b0dc51cdbe109fc3c7,4c4ca59ec34ea3d8a95d6eb9b6d58cb8d3e81c7e
4a236aa1a2806a523afaa65ab57c8aec9b324d9d,43e0961808d32af51b6eefeb1089c379157582ef,2271baf35041427da55889af518e77876fd9c269
c03ce80ba6bfdd68564027b0dc51cdbe109fc3c7,ed64dd62b33ef7d4e311f39dcca71c86c402966f,b0b9d72ab888e7ec7b2717cb28730ac8850b660e
ed64dd62b33ef7d4e311f39dcca71c86c402966f,e4da8d0e0d18000b8f2c3ee0cac79ebb5759a143,47af282e54206a8af105ec87175ce38b795e8692
118ba5cae6b008313dfd876b79d3574de1a6f105,03356365ca81b3177357aed42a34a7df5b5351b4,1e0f361117b2a2a167d44f3afbc8db719decb0ed
e4da8d0e0d18000b8f2c3ee0cac79ebb5759a143,ca0d938909530638ef511277eb4fbb227a72148d,03356365ca81b3177357aed42a34a7df5b5351b4
ca0d938909530638ef511277eb4fbb227a72148d,747d72c91819261e68f9f28a571e8c5c283435fa,b21035962f78b1032f932947524ac26b890def3f
4a28990f71e5e686254593100bb837da33af9423,a6c14f06746ddf23271f32a89daca3382064b317,186c16ec140976e878f2e4ef4256920dc928d23e
a6c14f06746ddf23271f32a89daca3382064b317,6978f43c546253c90b060a56691703d909c1b5a6,a9f221cca353af18966d8acb86381ed9506b7f0e
dd0f7dda1ec89507956d84a3076f59015472487b,fdae83074d321c47cb79784d11052890b6a54413,afee92a7dec5a1bbee293738e48d5e8e67debb75
b3c8192af1c310557557c0b0f02eaa84c69b2d5d,747d72c91819261e68f9f28a571e8c5c283435fa,fdae83074d321c47cb79784d11052890b6a54413
747d72c91819261e68f9f28a571e8c5c283435fa,b6fa3d7084493c0fa695b33a26bb84dba068bf7e,aa8758ad2cb5a39adb02fc4cfd1d9271bf50fda3
f790fc5ce221a4268f1f1a5f78741b1082d41f16,9973586bd744358654395896d763952d89edc3a0,b344728a7f05c0591605d230f14e1b2937c0c557
3a1a2eee5e28eb1e0ca935b4a5e129392900cddb,0b772454cb992a18185f0e7a1ebbdf0e903adc45,f80f757a30b577b9f5eb4ce1f9e3e260020f4cd0
282033d96f93e0b20797347a197afb9f0381aacf,101bd9ebf4e41ee51d299cbf3bbc0d781a8da651,c8a4d21a364f9e95f43c6742600f86bc3e23efba
e574842c53ba57a2d26d87611cdf0e48bd80b14f,e4bf30d84a97b2c3c6602bb905e4bc40b5113566,db5b363e6c93d5a9814d3164a225aac9992c7f8b
d93d5d682e847b1c98e95973f5ffde1ddafbaba9,67d76fb53053b3ccf9abc3e76af639ca8eb07475,e4bf30d84a97b2c3c6602bb905e4bc40b5113566
fb6377b2e8808540d5c8d2d6845a5be4931ded30,4ac17129440e213a865ccc489ca46e160cbe9ef6,93424e5c3610e95e7bd9d27d94604879d8f4dbb7
bd89f4d5cb0c87696a3651591433d7a18b1f9536,17e51a34dcb0e5b6e211c234bb9c5990823fd479,a48e5b270f037207b23f71119e93b6db5a3c873d
5aa7fa653491238d8cb38bf3da2787d100a117d6,9615426b58c12e000a128d643497e10118c82b93,fb968ffd0098c495d8ba7ab511b4d30ac74a5b23
9615426b58c12e000a128d643497e10118c82b93,bd0a18f9ca298e61a63625670d3115e59dc54733,18ab75c6f2d737a2ab88daf7e16e0dae29003eda
b6a3da57be97f103d2a557cf0fbea5afd66c4007,d16e02fc49b6d11ce4cc4b764c651bc013ee5e9e,41d8042e16e90abd954e39cc7bd630e35fcda84a
7c8aec5ab5b212f25c0d97fc9eac76bc57217bfa,0e097af112b07caa1047e916256e4f1e7bd85796,8055548cfa8a1d6e20d960e2a8a060d517483b82
0e097af112b07caa1047e916256e4f1e7bd85796,adb1cbe49162db3ce51b50d3a2cd4f2a4fac6454,acf7e0c9f8a7ddf16038da2507925c7b83b3f8d1
a3e14004468f9d29f1703776490149efb4e88a3a,7662c9454a4281109eddded996e6aaf6f0c2d2a9,aaad44e209cce887acd35494ab1e8a94928480e5
604e15995ed5dd41e2c4bc0c8c0d7af6ac1f6b1c,37806efcfaa947ecd318972d47cde555e6521390,cea483f3959f2ae7a29597a3a2631edeeaedded0
33f807408879701ec26c3abed6773f8762ead072,97c5b24a528c6604ad573774a547b50345f00614,fd0b4d76bc5335d616bb181d32957633dec76f1d
97c5b24a528c6604ad573774a547b50345f00614,a82d0567494b7b68652e5e79d23500c3ee49f672,8a41906002d4c8d1d0099395d40fba2e788775a4
a82d0567494b7b68652e5e79d23500c3ee49f672,2e0ddee2572e1f536a76b91368e6ae0eb0dfd923,017803c7fc395b2e18d63b6b5fac28410dd5081c
2e0ddee2572e1f536a76b91368e6ae0eb0dfd923,0049bdbcf565ffcf2ee6188971b6b675fbfddb29,50c817c062f28ec0801a56e493f05a72d5693e34
0049bdbcf565ffcf2ee6188971b6b675fbfddb29,71bfbd865ec4642a247186ae7acf9edd06cd05ae,45e45122d18bcbf0f7b66b557bb2ab98b2c1f661
9fba95b3ee09ea90440abac241db1620bb3f3aa3,fca18ced3ad24bc365e5a0a6f27017934ee8d938,316c7fc2767bb7f2011747837601ef7cad4c5046
fca18ced3ad24bc365e5a0a6f27017934ee8d938,6d353e8fba094526aaea92c87133b8ed4ac418fc,f414a75ef39b7835c01b6de5181276a1f518f9ee
2edc621c80d6c6eb21c203d961647b395e599e1a,b68fc68b5e9993ba987ad56a847e3aa6999535ae,e054ba8941ae52b14785d942c961a3c630af3c71
5038b6348126e84e5e7a45f2f862de0457ce9a4e,a1cdeb30252ea41580725041476d73b91d71857a,020081686e1a871efe9d77707eecfaf8ae5f257a
d7a182a84d53d267864420be0402340f7313c7b7,f2a80d13b2bfbf797722f97bca5d221e2597df18,11a7dfcf1c8bd8f8b86041664248970c7fbfe8aa
351b1083d505edaa0afa79575fdd9b8572784abd,bd2b4b99728da6e289f945b04c15a29383ebc706,1bab00f71727b4579268ea520500ddd56965d56f
bd2b4b99728da6e289f945b04c15a29383ebc706,e8c03ff2c7182dcf0f8bccd8c4c5a797ae0f5a1b,fc209140b56572cdcbabd75e6be341e68b5a652e
494c1622d0b527ecfdbe7c21440016d0deff56b3,b875a9bc641d68a2b82df5f8863c4850eae6dd21,5d7e0da8733fa512a9fbb771919530344bdc4567
b875a9bc641d68a2b82df5f8863c4850eae6dd21,4af0f7dc286f4c3c0efc161b8a9f56e071259617,2d7e544b4ea6776b7ddf4049ae02256db406e336
046b386279b44306051faa650782c3fa36c91fd4,e454eb4b905fd0215250071791d44319e1ba9660,a1e90bf672d9407593bd344ab63394fc7dc4d92d
4189e9c52913e39d0605bb4ce74b0b7d257e8052,3bccb1805155f885fab0796e5e575890ec3d20b7,b945cbb4a9cb9dc5815556c05ce893ca2ad4c6e8
50f97cab0007a5f0bc4d3ac6a6309b206e306c42,ea1d3f0bd6cd9a2dfdb8debd647b3df050918d9c,23a6a5af8d398a72e3a371655583f47ba0faff52
1f91b582efd8bdffb81a862608bafbe1427fbafb,d877db1c42905df0876ceae8995e3c94cac03eb7,f9322d95b167accf0fb80ada36d6e9bc037eef55
d877db1c42905df0876ceae8995e3c94cac03eb7,2251261e531441a9e5c93ee4d07f0e09395cefe8,f08dd6ec90b3098989bcae80fd9aa0a1487be593
9cd31b3141c786d5fa76c93b8315e8193d487f91,89c1790b4466d052ee372256f55b9a22a471a990,a153df58ad34d27d38cfa7719959ca5b93d89047
306d3ef5656e6aea8cfc9851047c921b5a101b91,3af9c336843ae1e64a3b208170df66998f1b16d9,c03fb5d0960ec375af0d5b2e97aa09906cb92c34
681b3864799d163c64e23f446270e260a6394bba,9702c05eedf110d28883be4a0b8ff76d49bba730,3af9c336843ae1e64a3b208170df66998f1b16d9
6a253fa6aa4cb57f257ce2894d243acaee19bdbd,4b20716f41ad563d33abc1baae8a263511b721a1,df2bc53ef6e19a21d5a5bc1e5e0a8c37ef1b24b4
19d17e0ada92bce440a58b764b9432a00b905da1,01db7808a0ee4e9d5b8328bdc18a6b8c779fe4c5,6dd4603f5020c7292b85cd92c17bde248ee3d612
2a53afb6d1991ea8fa692816020e567c7222a640,8b91fb20f690c611c51da7f75b60a12b85027450,d46d4b1b2bfa0c362773c8a3bbcf2ca2f1d32aa6
bf7c53690bc3f409d2a996c6d13ddc2dc0832a6f,8a11db078ef23913686f38e0df09e6ba5b76fe8d,180a13912efdb5b3c8f1c9c3486d4c53241ac171
cfefc267ef517707fdc8d90cd0aba9038813726b,c10a336f630a8e269e4c5fc25ddac553a1960b55,d56d6a220cf7e9f6251ded293c4b864fa1a41a38
c10a336f630a8e269e4c5fc25ddac553a1960b55,5e44dd0798a4ac1c3be68e6264a6f929e70685f4,f092c0ee7def1c5e2efdeca6bd2f25778ff80893
5e44dd0798a4ac1c3be68e6264a6f929e70685f4,d1398b04236b8031297aec0e648ccabfba098725,37072d340062e7c398397daed321e20dd9b301fd
3932c881dc2e30cc16d19c5933860fba30599d28,d00325b3c646af865f3772c09fed1504775fd975,cfe72c4a44cdbcbd5da04a94458e7cdddd3fba5d
fe78546f85b43687009857d91de517d8862d15a3,5e1452accd818e873bd5b9458a563249d1d94e5d,de60d656dea22561830c88cb17be986a0d8f32ed
92752adecf11a267c16e80a13291ffb090a5e555,017e907aa7cfaf6e0cc466274ecb8d99c2501484,a6185f9db87f4e2aa79bd699acac782aec206bde
017e907aa7cfaf6e0cc466274ecb8d99c2501484,c4beedcb81796456252fe57f23be55731502e7c8,ce67dc072bdc54431702e2b4d270b1871858c63a
fe9a8aad90ad8061ce54311fd7d6576861a6af75,41ba3fe74c0d34849afdcdf150f8ea914043e7b3,5fde72d28018ec66185cc0a5bc1c83c98777cd57
ca98ca4ac48850e083b0a71c6791d9e823828b32,313779159d3a3f75b336257412c78afef33f760f,ee5ce406f66b1fdcbca0b5658468929b05690c79
432aff878324d2a8dee029907a6584717128a58e,d02299da919bc5b77f34c11ffae6705122186166,17004aab475c63389bddbf46fe85d4525c960b49
196c3efe0582973d6beea8a84e89ad7e6bf65b43,51e99738c87b0626cf4abde50984d678c5abebff,19be69aa1b1ff875f705ba9c60891e2ab34a71f5
c4527ce64c5b62cd2b6d9b0099d3f5d2105691ea,145ef7215ac9d2cd70d4e8e1ac71e9b49f63813c,d427e7da16559aa11680b8b480825040efd4cb1c
c545c36b78f4a03f95753cdf7dda24e89d0f3427,dba859a9b94322b263a24e557913c24dc6e763cf,c93577af54e291bd673a7a9de985da5f77b004f6
7adfad57877427f6eaac7210e9a65b7d9075110e,a3b139b1630af0fecd0504a4581382e7db3e7208,b199a49bb3fdb75027b419a7318776c3467903a2
0590a8f27b5a13a1ab3f9ad8e6a7bbf773945cb4,4281efa814fabf48d29b3ec2e67e59c3b1f66e65,02ec9b1529fb3aad73e484b56f04956e987cc462
b333112c16d5d8afbd8d04d81d3574f3ec815dad,98369ed5ae6e9d62723b5c709e62e5bb4613a592,5ed00bf035286483bb839d58fbde5ff7c2f08db3
a451d4ecb7d127f3c4aad3246d26f89a9c95fb05,0292570bbfd9067ad2365655f28c2be77448dc65,198900ecb453e7a446950ac1c1aa04e2860c2421
def3fd01d047312863c5ba0abada322cbf960695,0179fb34b767edcd1405efd67b360258f3943cc6,73265a15d3497ace155261989d9b78d942db773d
85a2958ddc80dc5bdff1e26b9f65eb6e0debcb1b,c90e6ab52b3b539b0d2ea43911c6fd3346e5ccde,366afa9fba9e17781dc34c39dde6c7973ffe722f
6565386d59e6f0d2d8ef6f496ef54c084a7a9315,43bf52eae45d79a9598c5c175e2e2ee768eb82ff,2e8b4aee4604c2c0d6d9ddbf434f88f9adc93bf8
d2dbb08564a9219eb37e4a584ee0d1329d138542,a5efc2a5410e66b96393c4bb032723574a0f6078,b04762f9135c94d191ba623b2e4471c7c3b2b3cc
40e04063b5e827db2cbdaa7a63561d23de969117,59b2ce8988387f59b388c8f7897e246bab9bfaae,e81eb85166e1b986d7437024ead5975a76c6b6ec
55f8f927b38df3cb5cd33d02e40b63b3a27b5e0d,d9b22d1df7ee69926e736a3c7aa6cf317271f2a1,81153960eeff523773a36283be25d26843270c9c
d9b22d1df7ee69926e736a3c7aa6cf317271f2a1,88ef37f6d6c4086be02226dd30be16d302521f28,887be5632f95b0becf5360503f35debded9b1c92
887be5632f95b0becf5360503f35debded9b1c92,1a89b8ad30f4e51dd5855b7381d45c53d1cbca9c,0e2298486ec62ff63720fa71d4e18742f72a4d04
346194a455ae405c846ceaad1fabd30ba3ffcde1,1cc5f888b462ebe2a4f93ef250addffd9a04bc3b,275ce1ede27036760ed1831863be3bcf7230b00b
129c7d35d021b854bfc2b2759dda1da1567bb647,cb2b1d685f064cabe8c78f60acd4bc083d4c1f6e,a57f97fce5280ddbbab2e1e78ffa244cd916f92a
6873533ad03b0447ffe84bd017a5eec65c9dbe00,875fa77454ea777f0328380d52827ea617651b3a,58f4a7cb81c754ad95d770d32eb254239d4c7d03
431ebfe597b38fb544dd491d2b42bb5e2d87690a,4e17a34d9fd62a1a79785c257b4d4f588c25710f,1eab54b2e281aabfd4b07c5e907e3b0076dd5ad0
74c437e2bb9eb413562d81a60fd7904a994acaee,8b28b89e5ab5006c23cb177c095304571d0f2db5,6be9b9f91946e7c944f9278bf908274f976db7e6
2cdaaac0642b568c222c4928e2f4d13f7b803783,3eaebcf584549c98a1471d35065296460e0a2f93,c4e3936baabcc9802ac80f7f8109fef891614e54
704bec649d33acdc1fc9af118ae0975498979962,49aabe180aa68c22a8c43ff33ca135598943f9e4,85935411932b4a96ffaea749613fc7f331fb96f0
06c11472c54c6db7b43978914fba74ff6b84cd62,2ca1445b720423c7444ee269844dde808b3bce59,99c879842d7b29c62261c80bc67b5a82a80ebb01
cccf7cb93595a202c304844a473ca50a198c02ee,e483b75659995092fa0bf540a235ffc2997cd65d,bbac2b1e23f718320bd478cc10cd6ec2e5aba378
29937456d9db7990693a715f741d2a2b96d4948b,84b6fce95a5f01bc79ee99455d075f715c07228b,b865015e3284b9730a02f940389df3a6f574d924
84b6fce95a5f01bc79ee99455d075f715c07228b,f07f440058c7e2272d5f02ebd5b0f4a7e0499283,617532afdd0c57dcc7cdad4bd9384277dd658c40
fc85272fcb07066a8b3723279c28aa0750dc35f9,1abc8ceced8cb42ed3cac44844ce498ed2ec2bd7,cbcc5fd791ad73f5424071b272b49196e1d22d04
1abc8ceced8cb42ed3cac44844ce498ed2ec2bd7,56bef2936d1a85d73f5deff5d49051a303b54153,833712b23c01c49351f0339a939ba52ed7cebb3e
fe1620b14a26fcbbb1d783fb221ee42877db7f6e,6001c2123879a72ffaf14af2bb48428c0ae22631,dc9d5cad662c1d35a1fb6df0352bd18802c230ad
f28a0b2b6b78f5db187b48ad29b40c6bc1c22257,774a94726bc82a5d182dd7922e64ca038817ed76,39c6e4c14c73cdd672a1615af3263429f5aed703
dc9d5cad662c1d35a1fb6df0352bd18802c230ad,cdae214aaab2c84fe21b6ab5f1aceb31f18a3e6a,9ccc8f5cb7e245e9cab4f207631ae58854bd9ac4
d7d3d37c04de4b1e8d938e8335907a735cf0ffad,57ff6098ef9f2d79a275400e3adfc8aaa065285d,bb664ca9852992444f0f4f23f94ae6ab3a514263
068574bffd45d5b6c286a3b3389a7267df99ea4c,92055f1614c0123d581876fb9a8fd217775f7cd2,e09d89ddbd0298cdfdca2ba8553d33e2e307d759
c0e78c0a6aedd30bc6834126aa09ea98b24cd5ca,9fb2a4a8261d0162f9d25c4c24a4c48229b7d83f,5998bc2bd58e908887df9fea4895c57d58a7a151
5d237cc00cd802e05223bdb56edb7f6bb7c4ed4d,c1742fb298cad0620c8255c4166bffff8ed5e979,66431844df64fc517e98728addca6806cd286375
02746efefaecc49006479de2e0ef8bc437f851e5,607fe0a442af1281f428af18491f86c86cdf5c71,ad04b5393937437ccd7236fbd5e8730f37edd169
7f1edf839e9050883394608c1351a61d3ba7a69c,73a4650fbb4c411b38671305550b7f1b8cc22190,607fe0a442af1281f428af18491f86c86cdf5c71
1abef1e1ae9893584fdbbf8aecf9acb6fb519c5e,83d8e393208b4aa94ce69fc1ffd7c8cb8818ec8c,acc7702b7613c9e4d77140c5ca5c0ff8250010e5
acc7702b7613c9e4d77140c5ca5c0ff8250010e5,daf4ec344c5390c6bbf95d4e7e841b3701e6e5eb,83d8e393208b4aa94ce69fc1ffd7c8cb8818ec8c
fbccc7c10e5cdf24c0b6483ce78a610ed3f62400,cfbb847ae8634dfb41a433e16c522d4dba683c73,d324e93c90cfad41be0d470fd46f59eb5e6bcd98
b707066ece367860cd40eeda942a18af4e1b043a,28f544e04691b771a1fbe52b264fc880faa171cf,1e0e0232f845727f9d0c3c0722910c95fdf81a2d
d1b8398e4a21797e09f253d8769308a4ffd8fd6d,4d263718a1409e0d74c2d53d5a80a619f51c01b4,1a8a311057bd60d512015ad29c640703d49fab1b
f830d3e74b1fcdf55892db401b5e20027c49b666,cd316850c6152226b43278592b9e330a00e66e8e,d5d4b1d74f6c0de4fda4c0f21a666ed6bbfc4cbf
5a10460b95285a80c606bd0c01cbd12682d90d70,2e8f7094d3af92f6ebe1dac82a0a1c45f1632972,e0f4ea3ef84845db3033d7e814adf9705a049df8
fcd7dba706ab50d969204d2d9df67a3f36053a64,5c85fca70c740c237546cef2862f21ff0a0ef5b5,22a03d7574d6e707d922a0c8ded53449d7e879d3
6dd426b3bccea6543cc33ea21c5bb81c7363780f,a36d1470a79b7ad8cf2d67bc1bd643a396f2d596,effb97fecf8e9b50c5958803a05e1976fa998807
45912813c8253e2a519f0cdc8bc4cff775034da9,17998c9d034b0488b6bab3c3d0cdfb25c011e5ec,b83db9f8ef2eb086d52c2d49378dc2ea7e1e8414
9056dca1e8ed31af0bfbbe459e816bdf0bd4f803,b1305bcfbf03d7768ebf35f26a313b58896ac91e,299143773914c60c1f0ce8005391c7a1adc358c9
edf80a53c265e2557552d47003bd0f8b85c9fa79,dfa6f8f23bb2b5350002aa3ab7eca308e280e5f3,130f1efda635418e5fe422c30b23bb2e8758d180
614e5a5fbbecb4022323668b45beb0ce23f8e81d,0a27a5047e266e2f664be25c3ae57307841cea5b,08ac25033718580783e4e309d6552bbdb9fe5a3a
0a27a5047e266e2f664be25c3ae57307841cea5b,6f2e1c8ffc8054998c406043ec2893e2463cbd5f,c525c10e9c0a6a52443931bb90e7c522a89461a4
6f2e1c8ffc8054998c406043ec2893e2463cbd5f,e51ccb0fdc960498bf5fcc23332b8a66b7a34c12,981ce37a51fe8f76b9bc9712bc89243257c21f68
a315e1d502f804cb2280c6dc5598ca74f541b7f8,b9501b08e63a76060470dd4191d70f659b243888,afa921b7bf19c228c3b72d8d7824efcf4e191e35
b9501b08e63a76060470dd4191d70f659b243888,c5e34ff6a7e6b578a983527b1780c4c7c1eec2a7,bed7539bc9f1110f42928f460e69df66a3702190
184437f77dba42049480c48fc4bad5555006fb2b,b34597e32c11eed408c754c5a733fc97e4558938,3628c15e365e5229d07f393e7f803dae850bed90
0c91ce679d65d45cd70e45634fb6978c6fe0992e,20bcf55ec2b6b2ca1e158f50efc6bdc617e54852,07ed05194b674d2226b5465b3c8fbbce46fd4f23