cedb8e8452e79ffa750b73035bfc115b79cc6d83,8b5d67a3eab12234b5e57226a74aecbd101e543b,a3a6d9eed57858d9b1ca525b4d4ddaf1d188cf63
a3a6d9eed57858d9b1ca525b4d4ddaf1d188cf63,6b4b2d2b87c873cd96671eb4d9fe6a0151aa2166,8b5d67a3eab12234b5e57226a74aecbd101e543b
e2c56f041f758c3899c0cc77dcf37010936ceed8,828d7ec0a6ee6ebc0d524a6fdc666dea2113db40,119037210c2a3d65184e6f5518f61ad8ee2f2b26
119037210c2a3d65184e6f5518f61ad8ee2f2b26,f571cfce19c7a13df375a2fd921b64e16fa6e71e,84b9651b29b17e94c0d5f672c7291d288deb9248
f571cfce19c7a13df375a2fd921b64e16fa6e71e,31fb8bc5c318bb1127de0f6779fb613f22d0afbb,b52a16b491dd91bb5fcc2011fb2edc3076c639bb
31fb8bc5c318bb1127de0f6779fb613f22d0afbb,6f53f749dcb81bb13a14f53d6fe0a401b528f43f,0b48301e28b1453901eeb9443c46d8df1274f888
0b48301e28b1453901eeb9443c46d8df1274f888,9604497909321170b20cf13a61a7496c58ba6698,6f53f749dcb81bb13a14f53d6fe0a401b528f43f
6f53f749dcb81bb13a14f53d6fe0a401b528f43f,3e1812416dd4906cb03820af27e42fa2c4bcef1d,c33cf459c603744d548cea79102456316ce5fbc9
c33cf459c603744d548cea79102456316ce5fbc9,d4736f08add9456c34b22982643262aef74ac864,d4373f3a282f4c09e4fb4dcbd8885c7848b61073
1b812386b1867bf31873618fc7661cf5cb5fa47d,39686e12b65b19b81fdbad81bd00547bf0fcd1df,c988936b6c99a7b1d5a6750572d032095e76e2d2
c988936b6c99a7b1d5a6750572d032095e76e2d2,7ea2ff289649fb50f03ac2121d0b1758ad47eb03,59f841e582dfb76faaceae890ef5bc51d80d65c0
59f841e582dfb76faaceae890ef5bc51d80d65c0,5ded688a4f24586be241e2953642e406a3c5fdec,6e0c6e86161ab40c35189633d329c8280cfa11cc
5ded688a4f24586be241e2953642e406a3c5fdec,2103363698d66b04d4924b605fae09e9ac55357c,0536fb14e0c1957d7376296c5c14491bf08a5e67
2103363698d66b04d4924b605fae09e9ac55357c,24ad1df48d71ed5fdf5c6550638d116515c73be8,225dd3f7316ad8a18454aee499795433656c1615
24ad1df48d71ed5fdf5c6550638d116515c73be8,7a2d153b9be3edd7b54be37cdf47b06276fa2861,2864fe24a55b0b642997e88a26eab14af83822a7
5f04f4d4bf1e1055162407f6f7634dd345116a4e,09b56af28fbcab4172176d1bede9ea86becf6e81,2c6b6a421db3d3319db3a73da1d0c841d3caee49
09b56af28fbcab4172176d1bede9ea86becf6e81,41e3d6a6f6926a4273c928ae857ce375a25fbd6e,791f400004d1f2503e1e462968c448c4a9d3ef3c
1595770289c659d324aac93ac6cad3145888b206,c8c520716b902e5660b0894926b9177f4a39802c,b848e9d6907db3d9ea82bb27b945bb137ffe86f5
c8c520716b902e5660b0894926b9177f4a39802c,435eb2e6cd94948627b044255aab7605235bdfa5,a21fdee65bf7f030a7b05a42bd2095924a8f19b5
03e8d9cc6f3ed15fe47183181d7f1b38b08ef260,6584d5bb9b52737ce78ff759e45e1cbbed2ff791,9ee4f547fe222d140c347198613fb4d1f1961286
6584d5bb9b52737ce78ff759e45e1cbbed2ff791,2d3d380b0ecd69dda6184ac54dae42ea6397e1d0,854cc5b3baac2bbc328272b6c4e218e50e789e82
d6e064d16a2a72fd7cf44718c5c132d35ffd89bd,c436a7c71f36ebe787f04fe98a114c2486a2c03b,2d3d380b0ecd69dda6184ac54dae42ea6397e1d0
2d3d380b0ecd69dda6184ac54dae42ea6397e1d0,90aaee1004c389bf14e3583f3ce03fe3939af153,1e99e961ddb62c66f4a044f53dde6c202ae7b53a
68d3c48ebe5fbc2a81e0bc09a7eaab2c248c618b,f1cd7c5691dd08f9e362a4547a10423efeafe9df,eef860cbe56f6c585ecc90b430d5451948d25995
c49b1398e52a926d75534b7ea8615c26edef2a11,9f22952deb41300c4ab615bd5183484d9531e80e,8aea939a6287f0147d1d64d3f0a238b6cadbc9c6
fce583b2dd8afc059b44b6cb78f5ad504e3b5f0b,7035d4ef55c219e4ebcc5f91507f9c9be589a68a,e9f410ea712d28d742325aef9e370da441616395
7035d4ef55c219e4ebcc5f91507f9c9be589a68a,3dddac91692156b486533586cdde21d39733fe49,929cc8c06ae185e23ac7da2f69fff77ed90bdb5a
6d85a47ad20624a6f44c4211cbc4477c91d69a0f,7a9dbe05d5f90a80ca57bb877464834e65fdca5a,84eeb8958f0fe5d3e960f036fd59cd8fe4c4773b
71595beca7ab3c9f3d9ba633898d14e4671691f5,37af50036cc9831bba2843aef375ea768a0cbe4b,d134a3aa766154f6241a0e143ac6483675764e55
39360d6df7229f622946d4a2891c704bfdffecf4,05cc391a021077c8dff7edd54c418bc009befbea,e66de38bb8c2d4d6bac16698266a8dd19bcf54e8
de996d7d47868937826bf443da3bc0ecfa568c12,3badd8a6af55298f0c67fbdff0c92d9589d6d891,01e74afa1cf29c75fb67a1a8b31397834e8b97f0
3badd8a6af55298f0c67fbdff0c92d9589d6d891,2169c99537d1da42f1c1e555c603a3537b1e63ba,317f690843eec58a470c7eeb47326f7bba2ce6cc
6084f0513ba4d224c45cf3bbcc475f50fdf202d0,8ee2cd38d8a8dd5844c88fe99748e9834e1207f9,f144623ce9ba13f84fba84b6cd3fc0d492549d24
edf2454cabfba82a8224c88bb243a01477b02258,131e8fa0e17871a3bc4a38bc7ccae26af556d005,4b48de31622561d877b3eda6762f68e417df0c92
131e8fa0e17871a3bc4a38bc7ccae26af556d005,2e43fcf168b9f5f81f47fa1df213be0e2f3874aa,5ac0afb45811a59258aaab04690c2e724917b993
5ac0afb45811a59258aaab04690c2e724917b993,2e43fcf168b9f5f81f47fa1df213be0e2f3874aa,b704486ac71d38a1aebfa03b9be455d5ed8e319a
76f4dc36a744e3e16bc9ca03e62893d16cfee67f,2e4f98f007b42d05cf6b3c79b9f478dc5b743428,abc007f6078c212539e82ec6ded480150a72b8e1
d7805f23f5c99f76e63c6f6cdcaa64fd95b508fa,c685ca355b77ebe70b06c5087f8beb4745a43ae2,f0d73e072691c7ae4ee848c7ef0868aebd6c8ce4
80907dac9306bf9cff6ae523fe79feb1221213b6,eaa8ebb4cb99e15fc0248bd17317f3dece5d5722,393b5f74682b801a64da30b9800d256380d0cb90
eaa8ebb4cb99e15fc0248bd17317f3dece5d5722,4341265948ac12ace9c4bc60799d0f7ba10d36ab,af937cf773dd2583258fda9a0ad57ef5f0b74906
43a388ea8b50593583022d68e7ffc24d65e7653b,87780d26cf6509a7ae589f41b19bb2560bf7c4aa,1a4a7c96ce693cc4d6b09b0ce6a9f023f6c99319
3fb7cf812d0e3a123831338873b278acd75ba974,0621ff7768203528e1a579b985bac40c3a874030,8ddcc964c27fa32f66b18de5fd86fa56ebd4fa36
25788eb588d58bc04438b764af00a7defc8ff90d,3426ed163d3b95cf7d0a856291a730b6b5eaea66,f7bdfd26e0c72d337678b3f4e6f75523e48030b3
7ab4013a627015de958b480b6011b6caee32961c,440108860bbfc0c4991ab4f7c4a047f2184aff6c,e06e3ae0a616b4dc00a44140a42dc45e81edd375
849f1d636c12b2552319fcd3d42a9a70e120bfa1,2e32fc7eba86e881d73ef7022846d36bd02a2b7e,407fc67f37730dd4aaa0d20c7a1b7318767b0558
cd03587bbe9865c2648cab6234a62a6b9451453c,4e675629d8d509bbdcf3a266710cc1a1d41cf0b3,39f48c915085f90a19c0fe3c15436adbc563334e
bd7149db9d706393761e55bc9ed85f140deabf9e,5400af9eacef8dc7262cc354c8b2a863c6c0a9f1,afe0542b48d79c33faedea277d6fbad53127cf6a
5914158223fab8831f39d378624db53c06da9946,b0fe1036db9c8dfee3484b0eee94afdf9abfb4b7,d4ee904e0e05ad2cd5bfd61539c56a599e2b20b6
1453fa7cc60c558b7514f81cf861a5155db3f690,6530709e85533b7a5aa5da93f894512aefde3d4f,3ce74880fe0fdc5e1e381e285e88004513268f09
6530709e85533b7a5aa5da93f894512aefde3d4f,62cdaf80666a27e59b29883f2803d5fa47f92bfc,e13fdfa4c7e1b16c69e4cbc46c321d7e17261885
5400651524a6729d20ff612d66520962e5709f4e,8aa2cc4a0e797b0e556ce09bfaf48d510745c7eb,a7a4765311aa432adabeb91cdd2c1fb704adb469
01a59d81fa3d9e3efb84a651eb259cef1d81733f,2094221b6e2df1a29ba2c175a4eec88897fa6329,48bbc397e99af0e0dfd437e76e19292d815d587d
3a15717257995bd416e8d37f4d4920b6cceccf03,2e634aff5190bab7b16b10638a07ed0eef51ece1,d0746065e818d130fb4ff5835fa4d5dc01a47be3
ea8a2ca2bf6bbdca9760226e0f05ad17eee1fcd9,6df2cebc8bbdb1b41e36e711e1316e6e2af52d9c,1f699e7cf2d5cde00cc2eae12c6de1a2c6fa8c76
96fc9df12d37e363818d55c45afa85d9088e18d2,c1dd1724296b1cefc1b06808e460b02397d87107,6e3dd1656dc5aff251b3c6eb7f9227c5ac91358c
df31330f487d1595bbf9bc146e5418bd4538b5fb,a9e30107298b3e6958cd72a8a61a94758040dd0b,8eb0ab6f76484ca47fa7acbf77657fab17b03ca7
8eb0ab6f76484ca47fa7acbf77657fab17b03ca7,eccf09f76265143c443f678697db12b35ed60763,22df673c472d52fbd1f9ab2656c7186fcbc47c0b
b8ce1e7ccf38f867c3011255633e075d16799297,83bafbd448099e1630b09d120f42b4bfdd9c40cf,17e33bc089135b3c9d0bb29f33e31d764e84f67f
a0bd686e779cb0c8b95cc6ac577071e22b241c27,25a541d6ddae4b5518a61ed72bccaef1efa5a29c,4cbdf4d21183debbcfb5e0515297a7e6bb3bdd21
d9f8ae4851f2961effac728187c86a1be9ef4453,22cb0187331d9e7239b23431178981bdcc8e1064,3c5c89ac117aa400b984dc921b1f117956f96fc7
820c7b79a4641a7a5c83c5b952ab6e3142fe945c,863f5f186d0a4c2030b9face109f37ad45c7155a,3dd721983f6c7cea69141c29e6e124ef509b3538
f69e570461039749ea5d0d78499c38b8be5d91f2,bdca61bfc92f2aeb35c6b85bc2794d87c833b55a,a451d33e7aca134fe370d285947d98a5acf18797
bdca61bfc92f2aeb35c6b85bc2794d87c833b55a,1b19ff08906020641e9f8f6b0eb06d9f771b65dc,b6ab75b697fc264ee9e5e7fefc0c9e3f9d9ea5bb
36739b3f14f2d0b271a14da16c7b72b4845b1464,c1a0c1bde87323205b39a8d34dab6406993f43ce,d8fefde697af275ba7a7ea7c07956267242043b9
0224b7ccd41e5790540f53e6dce410e406af03ef,8f5f1fa9376f57d30297d1b8f55040534616b907,2b0cc8ab0442e1e0d5c27d1a77dfbc8799ade1e7
0d0a00716369ad0aa4e3d66028c192a7baa80230,31ea66b6c8d402e85e3e709fb111fc3a6c1885cb,96719967db7b1bbc46840f89f9c434b5c9f79090
b2de65ac08f4d62ff304e34e50c9828c5ff309ce,62e258c9f317bae5e0a77ca8eedd2bfaa45a23be,daef55f80da5895a9e49a57f1099a3b4ba3a1505
62e258c9f317bae5e0a77ca8eedd2bfaa45a23be,be6219a8bc248bbe11d7dfcdb52218cf94fe6630,9c5ffb5eadbab05d2438f8ef0e9a97a443d79753
9c5ffb5eadbab05d2438f8ef0e9a97a443d79753,9cfc8cb2ef0d3928e2e9b005462f89edad13a6cc,be6219a8bc248bbe11d7dfcdb52218cf94fe6630
be6219a8bc248bbe11d7dfcdb52218cf94fe6630,4fda477efc8825c77a9faf0289a333fbc670f599,2607dcd9aeb043590f913236748ca3929c1827ad
4fda477efc8825c77a9faf0289a333fbc670f599,b4f342391caadfcdfc37cd682890fda87797afab,311a890e0a62ec67e69b18dd81398b18e52ae9fe
912bdfe1e0d6c990f75a23f5fada84154c427a05,e018087341d7346160cf60f12fdd1dad493d35f7,babdf740542a82fa866f26bb67e48147d44447c1
e018087341d7346160cf60f12fdd1dad493d35f7,a2633627e1e493f0d35367280fb89194528e4e93,bfb559bf53fb16f3c64d82af28e92cd3193ff858
105be2516735cdbcea9dc9fe4251c4bf3e807311,500121ba3bb930594d78deacf40e559ad846e747,b9a9de53485b7ee3c5230167bcc984c4ce86a00e
500121ba3bb930594d78deacf40e559ad846e747,4a44f01606dbc88ac49accce9cd0cd7cb2fe213d,d80900cccabda85f6c45ce7206f99cc4f45bc9cf
0c4d8d7d0dfd986bdb0c24ed540a3786eafff876,b6b40ec074c30f2281b2b73fa2b7905586600db8,f130680c51fb6164cbbb58c8df3713ef6d032f3c
b6b40ec074c30f2281b2b73fa2b7905586600db8,abee2b7587f1925e57777044270e2a1860810994,a9ef24e3c40d5f32c06d1005f56049121f6d4b6f
abee2b7587f1925e57777044270e2a1860810994,e45fd2ebd2378974e2a12c51ac3ff069bfd0fa81,acd9508f1c207194d063669a7e20ff350f8b9c9f
e45fd2ebd2378974e2a12c51ac3ff069bfd0fa81,8b3c51dd9837b0a4ed433be3c69cebdb00cbeec3,caea2afe447f74039a75fbbb57223cb864023b81
8b3c51dd9837b0a4ed433be3c69cebdb00cbeec3,bd3a0b821c83886750621dd09448113b3ec2b0a7,4d0526faa798c52f6c473a2f9156532bcecd06e4
bd3a0b821c83886750621dd09448113b3ec2b0a7,6ec9238a4768d7447b598db793fee20d879bafd4,e6c3498854ff5d54040648fab10891716e96a018
6ec9238a4768d7447b598db793fee20d879bafd4,f4912eed9225c0acf974e53f3d1e3f962d3e7ddf,6c772d85346092abef3f6bdb8bfc13014c827a7c
daae21d3a77aab35ca4f19b08d0968be702c8060,f40aff3e965f4a5bcd42e7a2e981e08e2a729908,9bb8ddc52f5e871fb52dfd08a2b40707cd71c0fd
f40aff3e965f4a5bcd42e7a2e981e08e2a729908,fd036d9ead601ff26a48428af415f5de352615b6,21dd0d14538ffc0952089517960da6193d60f83e
fd036d9ead601ff26a48428af415f5de352615b6,6f75735ee5273d4d86c56663651f593dd7c3c02a,8a83ec49e38f3b47c583145fe8e4574284281568
8a83ec49e38f3b47c583145fe8e4574284281568,97b0eb5a1a74760c5c0f37f82116679b33876634,ad048abe63b5eabbf46519c8ecc42592567a5894
d25047d70b4d7ca5cc20e8d3159157be35616b4a,6694e21829704ded58c3a4042d94358365eed82b,f19db819af34c11645a8e98b5d394dcc1f8142f7
58d871379719d997c6a28606834ddaf71f19d6de,5d725f7fbd3ee24e3b46883c3547d442e463b9f3,ae4a4f2f2d47ee246337b1d9af120ba6781c09e6
5d725f7fbd3ee24e3b46883c3547d442e463b9f3,86cfe7faf97925a1213e80159cfd5edc2e735d15,8843a03ab571b37617e883153e55b823f0c75c5f
86cfe7faf97925a1213e80159cfd5edc2e735d15,5aeb904484575de244e6a3e403056a92dc4fc501,cd1a546827530f2b90cc710f4c4ef8c0dd33fe01
5aeb904484575de244e6a3e403056a92dc4fc501,b8275198db0cb655ae476b0341e6a22a91008993,be9a7858f0e2b892949e45c1238e562beddd106b
ccd61b61d17eae02990d9fc94204b5b6800c9dd4,d2f915d87aad380ded3ec88240db80c8e6abc046,b88c68a037a9df88266fc3ad799c7f3ee243f665
d2f915d87aad380ded3ec88240db80c8e6abc046,648aec06d4573eb157b31d3bba7e6b569b665bb9,a6d2d0f421e65813e9a7433a573a6864da48ce02
648aec06d4573eb157b31d3bba7e6b569b665bb9,39630dd5c8157edd5e98fab6f466f4000d7c8ffa,1b905b9eadfda5985e40d696c3263d3fc10a3e00
39630dd5c8157edd5e98fab6f466f4000d7c8ffa,bd479f1d5ff0855b4c50168c1a82c91b2db191f2,415092b16952898e76dc40e1831acaffe9f96eae
bd479f1d5ff0855b4c50168c1a82c91b2db191f2,49cf8991be56fd0957a8b9fd39b09dfad92e2aac,cd234dcd3c87c5594f601ab3f56acfdd9d13bf58
5978d4a0898f98557195bf810b18f7d0592627c1,9c1a970394533269bfcd52c857b8fc1e82825cd8,367ace62de387090d5587405f277a90a5176f584
9c1a970394533269bfcd52c857b8fc1e82825cd8,8cf72b338299ba45bb68df5178586e6a50bbe2fd,224b7a15c3a4f2934c079861677c12c6564e0565
954c90a21729368b2d64a0e9fd2ec5e7db5fa222,16f6f39fac84cf31742e852f3696cb4f07c57d86,c88036ca4a935bcbec48fb8ff9a9cbf0d2a5889d
49a3324baf78eff387cf39ed8f47f9d3c5b0adb0,eb2a8d8613c291f976c94a179b698c75e520084e,70a8602fdf776da66a5425dbd89f219c87f852f2
c1e75bdedce34bbf18f109f1697a93bb8412f577,99c30e4ea1f290d60f83ddeb36c71227b3fedd5c,ab65be27a93082e852935de196acac8cc2ce2a92
e4c792289f33e78fce82674176f48d8b19173f90,eb68eb833d5abd68a2405c8ad27d23790c121707,6880b3c1c78d832e861691dc5c162e4f22cd7e0b
8f79f3b3dde33b1bf95fa63de1c097fd6b6d15a6,ef533229bc47520efcd8499f0eafeed21cc1622d,24841ef3ff28aba086d59940d64f36fbbeeef6e4
ef533229bc47520efcd8499f0eafeed21cc1622d,97b0eb5a1a74760c5c0f37f82116679b33876634,38b7b3b6a143fb30247f4b917cb04fbc4e3d48d3
6c4cf55884a290e17288c422bdfa5bf27b69c901,4562b18d74c7c22a104eaf4a8f5f0177304f4dd6,b86c727a6c44f628d808bfc8f8ddcea9d0d8c858
9b596d38fafe620832d11ef20fc590dab99d87c6,5b9bf72dfbf4615da81104d7e0d5a99ba46010d5,05442d3e499d03cc2409189b7ef43d626fdab17c
5b9bf72dfbf4615da81104d7e0d5a99ba46010d5,bcdd272b4eb9cd994796af59783da42405711952,c3cfb1fbb980511d1e33ef111e0fbdc3336e26b3
bcdd272b4eb9cd994796af59783da42405711952,0e87ff0a159844b35e8456ac7a19c1f747be5fba,a16c62a1ce1884c5f360bc4a5a937e6e5cd1b11c
661fa2638534c4dbdc529ee0e679f2cd36e111ac,e6328289357d19e7abb4726ff7d014f1b6fe8a4b,c70ee2369cd9bd013f084787fb6be5074a9e53a0
e6328289357d19e7abb4726ff7d014f1b6fe8a4b,7fab7a2d950c58ddd8a199ed8d011ccb686c8b2b,fa987435fa72393d88537413ed65dd536014438d
f78b703e0774f2aada2fe0ac39c6104d59d946c8,6ba9183f7467ffdb1c782276e4430d57640ee0ae,77c6ea1780ac6880c84408aef1e2305fe7e4b039
6ba9183f7467ffdb1c782276e4430d57640ee0ae,3c7b92e60fe2602c2768743bd00c7999f3988731,58d2337d1e73ae3452fb51ae395dec74b453691b
3c7b92e60fe2602c2768743bd00c7999f3988731,7501ceb832fa8e4553574126585ddf09add0df4d,6d54717569f7cbb01a1665ffa97f5d46f59b493f
7501ceb832fa8e4553574126585ddf09add0df4d,b184c269b79a1f4c67903b18185449eed99918fc,36ddfb5a1fce36759b5f93d143386faabd08a240
b184c269b79a1f4c67903b18185449eed99918fc,fe318d835185998ba7f7ae990d1dd2aeffffa272,08d979a00ac21b075d395e08e67235744aa41c74
6a5c740e4b584824b1b3e889a8bfbdbc4d79be31,1eb9a5fb8cd10440ffb1402a417e1e323b0f6902,69cbf7a26f26bdcec4b6af5aaa04184822e0b414
c70ee2369cd9bd013f084787fb6be5074a9e53a0,3ebcb66e1daa719a028129bf19315197793df775,35ac9921a469c175aa1019e731843aa34e1d7ca8
3ebcb66e1daa719a028129bf19315197793df775,cf7291e777ff536f0eb4d6469150e351652a57d6,417f54a1c02d9763c44487ce4cef01de6e4a3e93
dfa526313e75fc98f5b40289b962712649b6c8e9,73b71357bf3780304611d1a741d5784e17030557,298dca59d2aaaf32fd12dc043c27ab2c015a499a
73b71357bf3780304611d1a741d5784e17030557,3656a08508149ceb9f6b13bb4dc73fd08773b436,a7f9e620e04991b42157ad231f3ed1414b9ef7ef
106c81781bc1f8a5e164fd20b55d054f46b28954,a912063c49a7711b53550c943e315e72e4cb9a74,ad2fcd01984ba0aae3744be0c60244a424617078
bfd6b99e7822f680d381e44c7f47e9e80ba0b0a6,9d6343a3c73b0e45f6275ee4947c785492188f3d,837890622228f9ca38a4cd1de6ab6997f75e44a9
9d6343a3c73b0e45f6275ee4947c785492188f3d,e0ce55d0283f031bd5142a78ad9ec3efaa9ac50d,6f995ef2e2a64db8fdafea1ee0879fbec09b3ef8
e0ce55d0283f031bd5142a78ad9ec3efaa9ac50d,d9b351f049e027c1739761fb6eecc55b9b789590,971dda7fa9279236dcbaa29935bbbf2540409b4b
0808f1113ec16484e5211bacd799f29feac42102,292cebd278570da01baa2086d788694b72dd1262,7e74aef48aebe848ef9f9533b8a44c1c9c65c86f
292cebd278570da01baa2086d788694b72dd1262,9ca0c9b836063393a7e34512e493cf2c4264fbfa,02894e1e86f70b6fbb7a50b389b69ab00a7f0f9a
9ca0c9b836063393a7e34512e493cf2c4264fbfa,2a21d5658915555d0b7aaf3f547fd9e5bda6e02c,eb9a83c22745a6ea18cf6834be0aa0448b99c12c
2a21d5658915555d0b7aaf3f547fd9e5bda6e02c,05a2a15f8ce8b8e23d90650eb2bae919b3a796be,544b56f08897fe860cf11147e567532c9ca17ce7
05a2a15f8ce8b8e23d90650eb2bae919b3a796be,ad97b23be583f01e84ec5f17197d2c2b109ca7d0,1a971b54bc40120c6d12fc320210675b531d1f83
e8a31a50c331b37d1a15af7e14f94a42ae70ae20,d7faf2cb416df6bbc41a053c404cbc690cbba813,eb7aa969e309ec0ff1f483f0beaf3dba8c35640f
81933ee8cdb41924d14aeec18e13bed46bf7ced7,f5db346320c3c911b7f0e64c233564f96b609586,0b4e1d3ded5c7482955ac00b757062fac9b81484
f5db346320c3c911b7f0e64c233564f96b609586,5ec4e4dcb680e5d72742ef810737cb9defaefc93,c9b40810df38e707772cb0e129387634c46d2fd8
bd443413462dcdd8653b60792a43477b131399b6,a953b3ac79d3d22fba60cad25cd04289b1fa6251,c02b11f651e9fb0cad8adbd3bda5d0aeced0762d
e7a623c58bf2e192ac8300c49e5e18fe8b8fd735,e25da0da6755fbe09cbe07b81113ed65d6271e88,a953b3ac79d3d22fba60cad25cd04289b1fa6251
a953b3ac79d3d22fba60cad25cd04289b1fa6251,388c53f34a14f6f3cea1025716987000607e4cc9,77c0b061f22cce3e610be3baf002f6a379cb80ec
77c0b061f22cce3e610be3baf002f6a379cb80ec,2ba763e0933977b24df5924c57408407dcff47cc,388c53f34a14f6f3cea1025716987000607e4cc9
388c53f34a14f6f3cea1025716987000607e4cc9,a36bc4ae2e302055eb6c44bf0a7ff2fb36b81111,b7b1b6a9ab3b43a3220f742e1ce46288fec16d28
b7b1b6a9ab3b43a3220f742e1ce46288fec16d28,d5ace6c2ebb3cba3c3b8b6e8725a0cdfba8334e8,a36bc4ae2e302055eb6c44bf0a7ff2fb36b81111
a36bc4ae2e302055eb6c44bf0a7ff2fb36b81111,b43c5f3fb6c62434988e180f0a1c714be51f6ca8,1a4ff7aca1af3ed4577f517d8deda8c225355f1a
b43c5f3fb6c62434988e180f0a1c714be51f6ca8,253c0359a5adea3e12bd1ea0c5cfae75cab6a256,2d08fa9013b8401bd910d327ffbc82b735508c97
253c0359a5adea3e12bd1ea0c5cfae75cab6a256,6803ca03c032077d01f3f88b18e9e0ef9cebbce0,804ed779e333095aa92fc30f0dde655d0b79e8c7
188c75ccb729385c9be40621978f095915f0995c,6679e735cb6cb580113aa49699efa3f7cedf9dc5,6803ca03c032077d01f3f88b18e9e0ef9cebbce0
6803ca03c032077d01f3f88b18e9e0ef9cebbce0,2f7088d5161f426747b89239bc9833b0b5c71ee7,68159d5b389701b9065297effa92187df149cea9
9b275c8f3bd72a6e94ee16dab10944839de1f60f,132b2a43455a82bac97296c2e35ebf0001326a90,198bc99a644fcd9afe2d0cdff036aa618a2597ba
1dae72b7b918a6916f4c5f324be625d9015b4649,a434c8651cb7ef1f04242018ddeaf0198354bb94,5728f9198dcd69a866538a68e6062511695eb0ba
a434c8651cb7ef1f04242018ddeaf0198354bb94,88173de688db56adedba841ba605a8739525872a,b938d2ce4d025df3fafd42077ce69301b94ec416
b938d2ce4d025df3fafd42077ce69301b94ec416,2fcc7d05577132bd8f31674a663a58c9617f8cba,88173de688db56adedba841ba605a8739525872a
88173de688db56adedba841ba605a8739525872a,f1c41db99f779922cd78efbbc08670cc989fb328,752650e0e48e834c316b96ae3712d3182f71b2db
05eaf476a53648a1046ba4d78cc719aa93e9917e,fbe5b84c326fd54ba19a2bac4f1868a93da797fc,7a6aed85e4a8fc8da5fac41e50e609894ec0479a
7a6aed85e4a8fc8da5fac41e50e609894ec0479a,a6c0d028fdbfc4fca733ad42f86b60189b3772f0,06d3548f4d30685eea0066696ed7a70eb831046f
9a63483e922c08559be1e3600a756f67845de706,ac6fe2eeee0491f5e14f03c4fcde8fa6c4e52eab,1d61959b9bb47dd97b22c7ce7d98ba4488bb5192
ac6fe2eeee0491f5e14f03c4fcde8fa6c4e52eab,29643f4e462d2fdac353c44c2d826f0c4c5dc62f,c628ce241a21c3444e296cf9e8c993e857f4d365
6babaad4c18aa28d127b284573f04efed4d9c16f,bd275c29f4f8570f1d31b104048b382d3716a460,93a53c773c62177ee28fe45ff227b5fc84ec7ae8
bd275c29f4f8570f1d31b104048b382d3716a460,7c7ab4ef791d79304f57487fc7c7aee902a4a4ea,256c3e12c1e8d72d1fae62431271c42d624ebe00
a220a2e64a79347c4c6e40733bec8fe5e6c3f536,1ab46199dbbf26bc15e32262a31ec494274ebb93,6268dc04b0ef30bb3cd5e7803550a859c440590e
1ab46199dbbf26bc15e32262a31ec494274ebb93,b57a096b8c6a053ae4de7024aa6927994c3693ac,9acaaa15f861c38e50aad6a99ba52724b840857e
b57a096b8c6a053ae4de7024aa6927994c3693ac,0e4d16fb7974bdab96485565a96bc7adeeb5f277,71bf8e9a9fefb5884c1f1c9f3ea13c8294edff82
414848db41398bcd975cb2184ad2da8f8840cff4,4303c940d3d3a20e8ce7635bf23331c75060f5c5,f178a640a13419833b6412bb55acdf291032cfc1
93a53c773c62177ee28fe45ff227b5fc84ec7ae8,eab5b06eacb35d347107fae683c9ffcb7a95a25f,513137c727083024874c447e039d5eb21dbd2759
513137c727083024874c447e039d5eb21dbd2759,89c5f34c214a662b9810fa7d418abcaf9b006f37,074947e6a688fa2e88d2b4d67408194ff72d6af5
5b473de202f0eeb9a7adb426e489c748f37de4f4,c48f55d0965b0a71cd32f236702e3a1b58ec2e85,239b95f0a26522f2d463e69dc2455057609b100a
1316abcbf3ca13aa6f794eea1041fd98fa9653d6,69ea994eb5c505c5af31436ca1ff1062e0ab2a14,09be99e740f4eea579c4ffbc08bc78159f74b669
dc4fc19b0371d5672070695d30d7d65c59a6aff7,eadc18c1aef1bdd93208d56aa2e66d9c5f8dbed2,114a6e1e44f6160b8712cec97d126ef20398f2ae
2e637f0724e4c42faddf9433ad662f226d8531bb,211a41ce4b92d6e99305b150b8652040b9aace44,220f1dfa5c9da3d8c6a004e7980435daa8f12328
211a41ce4b92d6e99305b150b8652040b9aace44,bd3e9ea84039d0b784a0158220d7b093e9524f1d,3f3867323c7dc1ffe2e269b14313a0b33b62ace2
bd3e9ea84039d0b784a0158220d7b093e9524f1d,ed4ccfe7ddda7a33446cc54f879e242770bb2c9f,391b4406794ad209c14201641251816f7e9c27c2
391b4406794ad209c14201641251816f7e9c27c2,aec312b1e4993ed665a470a52f7ec80be58eb564,ed4ccfe7ddda7a33446cc54f879e242770bb2c9f
ed4ccfe7ddda7a33446cc54f879e242770bb2c9f,b2763e7d85826882bbb25cd97a1970bfade03a6b,b9a48c0480b50b7b36f9e08916b448aa8bd6f6ba
b9a48c0480b50b7b36f9e08916b448aa8bd6f6ba,0064ec86ea9061d8b55103b33cc162a4ac40cc44,b2763e7d85826882bbb25cd97a1970bfade03a6b
d9ff350d107191b62fd78bf1c4cedf3e4476207c,a0a3976e7d4230bc189149972799d0da66636bea,db93af48edf1eafaa579da00a50f06f88976c07c
db93af48edf1eafaa579da00a50f06f88976c07c,fd549959cd57d1c5de8be2f6d7600fe9bd050857,774ef34dd98c051dfa080cc4fd684f41e5140b6e
aec312b1e4993ed665a470a52f7ec80be58eb564,6f69da62d68a95cd0c03e4ac004ef24242efbd9a,2af797ca2440625c818d91b9b7d7527c0016367d
44a11c2b66936c7a378efdc77512a1e8a750bf43,7feb135e24490bed3740a87f420dd25d3f40d212,1cf5006055eb3ff1d5d4eef90b1776ab77553c41
7feb135e24490bed3740a87f420dd25d3f40d212,3669034d75d5c90740e149c6915c511bf949ff75,e336007fcf82c065e4651a28a8dc67a31be591e7
ef41c7449ecba5f1363cf55ebc090082598b8599,3aadd5d96b4ff6b3ee348abf0cb7e130bad76445,e642a222be9111e9c046fd769270314208edea21
cf764c08586fa80773106151af4c2733158777e9,44beac5f5a161ffcd6b9ef67bcb582d27c1014a1,c75826aa8e2cfba58b3055fa671d9ccec4c0bcf8
44beac5f5a161ffcd6b9ef67bcb582d27c1014a1,66cb38e638a372c4bb8cca5f82160ca74aa582f3,d58ddfdd94bd6c4b54b4618bffece19608ecad61
75b0328b94f1ae34d0e1129b6779984ac6b4a2f1,a0127eb5230b8d611183db05ee40aaf9b107f1c4,7619c427be1b7169bb2acf69fcf0c0ad17ea0db2
a0127eb5230b8d611183db05ee40aaf9b107f1c4,47873495cbd1a1466979174d2c7c7c386f3dfad2,47bf31aefbf3844ddb92e3dab528e0ea50ede233
47873495cbd1a1466979174d2c7c7c386f3dfad2,9bdcf2f3718760c0317fd3893491b4cb9f541a63,4f1c3950b8c9d57829f066ac869e597df5724438
9bdcf2f3718760c0317fd3893491b4cb9f541a63,a522151b05ecf17f09d64f42853bd5db6eb04c32,02b505c45ba682aa42945d036aeef558b6ba4cc9
a522151b05ecf17f09d64f42853bd5db6eb04c32,dd04c32f250b5adbb340ae6acc33b3783e66dfd1,491340a59a8977e9f8d21cd8c4885a463fce7ed2
dd04c32f250b5adbb340ae6acc33b3783e66dfd1,e47087b97be02a4e0950ea5c9898881706514d72,fe52a97c2dec73587aa1c07059157b172045986d
d1d971fa976371a6261ef42e247410f4d345e057,3e9d3abb0e6c4f0d1ef9df611caea8c385a8cd43,e47087b97be02a4e0950ea5c9898881706514d72
e47087b97be02a4e0950ea5c9898881706514d72,556c04ded3622f8a4df6238c26f07bbb443593cf,509da62727f1b602d86dd8108641f3240a275a79
73e16f37cd7ff07e10a051cb17c980b5bdfc2d27,25b11bf24f2b8c3d906b2b052fed0391dc289d49,556c04ded3622f8a4df6238c26f07bbb443593cf
556c04ded3622f8a4df6238c26f07bbb443593cf,cd58ab092628e46d6a4fec3c968b8946602f913e,fca15ae7986f0145ebbbb036a99d6d9800a82f19
ae2fbb615d58e9270cfd800460ed506cc73d3da8,afb634bc058424472da2689d6189a1f451fae6a1,cd58ab092628e46d6a4fec3c968b8946602f913e
cd58ab092628e46d6a4fec3c968b8946602f913e,c2431a7a6266fb760f0a1b22f44ef25b3b12b3f7,db25ed742d93ccaa6262b56d9117da610e4e8f06
c2431a7a6266fb760f0a1b22f44ef25b3b12b3f7,9c276ab5db073a313e51ea7b9a43bab6ae4594b1,206536bb7937b2d0cbf54bdacef0dd23a28d983e
9c276ab5db073a313e51ea7b9a43bab6ae4594b1,a6a27114506bdb730d2a7c462c4a0ce7527f4edc,dbc5e9c34709196b36c878478a51573ac561b14c
e1dd5cc947a775a079954d0694d3ccb918f842a7,f0684e6c34001fd364c7cd922c341ea7788dd2cd,a6a27114506bdb730d2a7c462c4a0ce7527f4edc
a6a27114506bdb730d2a7c462c4a0ce7527f4edc,c053c9e3c338883948f5597a6e13b2e89fb728cf,d9f4021c70a2b315b3a7cf21488702dced7e5983
c053c9e3c338883948f5597a6e13b2e89fb728cf,0cc50b2fcd2c4178648e1957bec8a16abc1ff7de,42f81d8593ab6372ace754d0763a8ff5d183c4b2
d1f90a11d015eb2ca08a02ab73bf7e704efa519d,d3155c97ab970732650faef13b9ca888b8f2f469,0cc50b2fcd2c4178648e1957bec8a16abc1ff7de
0cc50b2fcd2c4178648e1957bec8a16abc1ff7de,af9c49a1593e217353243988f931dd3bf9dc9c9f,32fc1905e05fe2b325525f89273fd5cd8a87c513
82638e753cb25f4fac185d03aba7dcd651df1815,d03f11a613874e3c15a9328c00d87198764778ec,af9c49a1593e217353243988f931dd3bf9dc9c9f
af9c49a1593e217353243988f931dd3bf9dc9c9f,fdd4a3c6104fa8ef3c9d33e98bb56a75a6a162fa,ca595b5e36630a57ecb69c95a60ec356354374ad
ea61184a51fd0bec9e208c8027931ac8bdac34b0,972fc8fd611436c4c7c25722f40170eed22e5663,fdd4a3c6104fa8ef3c9d33e98bb56a75a6a162fa
fdd4a3c6104fa8ef3c9d33e98bb56a75a6a162fa,d66235f2bcf94b694357b48921ca7a8c1a4a0b1f,dd417d7dab9dca98bc7e285af58ff9a977c6db58
fd324de973d8810987f7d7f378a10d479c55aaea,3275c884a88fef5b1716472d12f8d293362f240a,d66235f2bcf94b694357b48921ca7a8c1a4a0b1f
d66235f2bcf94b694357b48921ca7a8c1a4a0b1f,a57249500cd0da87ce56b7eacd97e7bc9ba8810f,9c83331fda7ec1c246cb920d5bd95f6f3249eb68
805a0ce5f4f70446af2513f3fb1035930abe9941,efde61deec4b102d157e5f53db041d8033f25a6a,15e6cb18753a852356c12be2b58376caaa20e71f
8e93d55bac0fd83bbaea75b11f91703681ce4e17,aff673389a1e266cde55682c56d6c3aef2750229,efde61deec4b102d157e5f53db041d8033f25a6a
efde61deec4b102d157e5f53db041d8033f25a6a,ec10faa0a149c96619465ed8c0b0ffc48d073697,3645f0eca9d8ec408d9d4d34f5c2a86e15e6d5c5
8af0b91a474a024c9c37b7efd0b7ccf7ae61b998,e90c74e3e839147d59fd10a66b3a152c19d93e17,ec10faa0a149c96619465ed8c0b0ffc48d073697
ec10faa0a149c96619465ed8c0b0ffc48d073697,8496c143098069601c40ccf7a3d8a1d8c84c37f3,1945c58bbe767bcbdd3b5b18dd09095035efeda7
8496c143098069601c40ccf7a3d8a1d8c84c37f3,53b6915d3f166ee6fcd3c0a3aca03512a9d90afa,4c9b105ecee5999dec166130b1462ea253e04ea6
95720443d6afe13689c286451623aeb05eb300ef,930e97faea5eabb88f64ffa14f18077608d43a97,53b6915d3f166ee6fcd3c0a3aca03512a9d90afa
53b6915d3f166ee6fcd3c0a3aca03512a9d90afa,6dbea82cc511c2d1b27154beec5da99d4bcd7215,4b9623e55e306894d6ebdca0d194a3c0567b93ad
4b9623e55e306894d6ebdca0d194a3c0567b93ad,4ed102dfe42249c9baeb212b85e8c0d636219ff5,a6751a6106bb8269b8dc4f5c29bf13f912916e8b
4ed102dfe42249c9baeb212b85e8c0d636219ff5,d2595b4580edd7b21a25035bbaad194a798a2545,1c92e693e9021140a6e46087074bf5104858355f
d2595b4580edd7b21a25035bbaad194a798a2545,247da051e2275608663f18a4bdf9785f7525d2d7,a23f9b6574388369f9a38dddbf53e38a05ec8358
6c0bc91c62397e37b82dcf7499e1e1ce12bcbed3,c3850a30b55ff2d12ae18ed762f91b3e3acdb0c0,247da051e2275608663f18a4bdf9785f7525d2d7
247da051e2275608663f18a4bdf9785f7525d2d7,5d976a65bd166a7231f053ec8764cf8f3e7646cd,7494940583b0fda70c891952c58dec2191702393
92de71d77d66a37aac2d887d012be70658846ffa,69344cb7274dd04c379968567742db907844766d,5d976a65bd166a7231f053ec8764cf8f3e7646cd
5d976a65bd166a7231f053ec8764cf8f3e7646cd,6206d31cfc1d3cf38b086e914f8921c8d30fcc88,cfd357e4d4056f49d28f2a2f6a1ca369b973d748
6206d31cfc1d3cf38b086e914f8921c8d30fcc88,eaad4681e6c01efe5ec5be590c0cdcbbd1947061,a23c273526be20832b6cbc9ee8172d68f749528e
eaad4681e6c01efe5ec5be590c0cdcbbd1947061,1c152ae1553f50b85642615bd89eee8184829d6c,49b6350aea9db581e3cc55b7020cc107158606e6
1c152ae1553f50b85642615bd89eee8184829d6c,c101e54d62a38019de07106aea9560e1f1605cc4,ae37068ac6fbc8e12af0494064b13abe0967fd5b
c101e54d62a38019de07106aea9560e1f1605cc4,6ca4c45c3e364ff1aae9449d71fb65f894895659,4068ffd7699729724ff185ac4c53b71bbd4166d5
6ca4c45c3e364ff1aae9449d71fb65f894895659,947cc4b46cc01ac4f73d0e8c3b4240c67e08d7ea,e57641c14f194bc5c6cac3886ffcbade8047be83
947cc4b46cc01ac4f73d0e8c3b4240c67e08d7ea,7126f6ff0cab161cec30a08909dfbf0606dd8d18,4219d890832df842633a6f269066a545f1ca30ab
7126f6ff0cab161cec30a08909dfbf0606dd8d18,71e308ed1cbd83b2cde3520b362da20416505638,7849c95e86f63daf7734aebe312d5be67fc9c7e5
71e308ed1cbd83b2cde3520b362da20416505638,b5e741c21be17ae2910eb6431f0685fdaabc3733,781fdade1d4c2bd90eb8d3ef6eb87e0b7b420355
b5e741c21be17ae2910eb6431f0685fdaabc3733,d0c67640d501aedf8810698c6093c2b767be7e15,9436e7d3b619ac8af540794cb58d1de8c6c1b12e
4d3f20e4f19ed3ba776a7ff345cad2987c25c544,c2735d208931c1680d66e483b937b2b4a61b756d,d0c67640d501aedf8810698c6093c2b767be7e15
d0c67640d501aedf8810698c6093c2b767be7e15,125e91ff1db2d385150d5e63c4779933e851f70c,78890e428f1dc17815787e1f084bfd7e19034a46
9019fce52dc0140f433a892b5a6054d4f7d84ed0,404dfb7230deab95c62905b26c1a6bb2d715fb50,125e91ff1db2d385150d5e63c4779933e851f70c
125e91ff1db2d385150d5e63c4779933e851f70c,5a5eec510bceb3509c099927fb2f1d93e9681be5,98c326b21abedcdb1bfa62aee10c64e03143e391
e8083520515bc0647eb840408a52e51fa4671475,89cd5d01f73868c86b03eb902582a1bcd710f30a,9020d78f89a0fbb92e0605d1fe165129df0e168c
9a84c4b3e140ddd4610a49e100561460e5e7c58a,c135054cde4f6e256d968095a4b1e13ac2e696bb,89cd5d01f73868c86b03eb902582a1bcd710f30a
85ed18ff7987fd4fb0962db93f28d807eb874065,a4bd334c8c1393bdcf09ef586e6df682e1d0e6d4,afe78bd992acc6cfe7441ea4157fecb9d77bb230
a4bd334c8c1393bdcf09ef586e6df682e1d0e6d4,33a295fdbf1e2666a92c3d840819dcc8680b733c,eb6fe7d96dfe41d8124a0a9ab5be9a352b31f847
a3e751a48ce830b64377081f5c7d4974b534eef2,942a6ec7694ecd343b44e3f7b6fc9079d3b8bbfe,c84bd33208d8adb41aa6afc55137e6f26b4fc159
942a6ec7694ecd343b44e3f7b6fc9079d3b8bbfe,c4516114662218d30613ad52db1840247af60463,c9ec813b6660e3ef9e58bafbc5dcca5a44c90a4a
a1c028cd48e3ec6a555a7c3f4fc0ad00877b918c,4eaf771d8591dd54eaf056d59837f30d26cbe006,ea49b6608b98aa9dab87285d7a7a31b2f7f90153
a2dda448532a8d6539a41d8477f0b8baa7d92b75,08054b153b9d7bb1ac109c6bad56ea2e95ea6e38,4eaf771d8591dd54eaf056d59837f30d26cbe006
4eaf771d8591dd54eaf056d59837f30d26cbe006,48cfb4a7f2b096c69196541ed988b81c3e092b2a,395743456bfb1620d3d629db18abb80a17fa1b9a
48cfb4a7f2b096c69196541ed988b81c3e092b2a,9a2881ad94f21c365dc9ab6a2d2a96b9f671f91e,7f0054d3b9c91de0ab4a34d18bdf174440956b3d
9a2881ad94f21c365dc9ab6a2d2a96b9f671f91e,1f45942c86a3cb441323e41dbb690774e02ab38b,dcd30998787ffe194b2b175374e6d183cda5ee1a
4d64d077265b6e229701f486ce704fb921c69384,2f9fe1efb80e4744092cfd1e0ad245df18e59c0d,a418b1a81fa362764018d8efab4e4c366678a3d8
9a9020ba93a15d68e6a716f486cac974f0e13e49,e42a228911e0bd219f6d01cb6e6484a2e67598d3,b31e2dd5242878f6e7c8f4237024150ab5d96704
9bae1860e0475e38e83425ad2edac605ce6ba215,75d2a096c333badb610b6930d731b3518ff6e4e8,561e46cb97c11d41f31a952ef64782f81bb16dc9
75d2a096c333badb610b6930d731b3518ff6e4e8,46ece61c7e681775320d593864e8627db1264e18,6f9ca82c96b16122126d1e73a6ff0877641bd834
46ece61c7e681775320d593864e8627db1264e18,9e33e0a8d5e9285441abebf5396a59e0227d7609,5d3956a39e9d709f47f7f410541e73031732588d
de7a5cab43a8e9fec173e880808ee2f4401b8c41,8cf9e6a07425bdc7355757d37297ee35ef51a8ad,9f5c93c62d609f6c3b84344268622ca0d5733aad
5203dd16eb1c1f0cad61628ddfcc608c124193d8,4533f17d0f08e0e93650c7cadb138e3e94f7098d,bcfae5655bd7a128ac7827a5677da1f0cb10dac9
aa90b6848c8bc7c80ae3cde8eee5fb85d363871f,936e429369eb25a632317c99d9016bc11dc91a03,13975a3fb4d95661d4a166154fb615aa9369fed4
cb22f8ef1610e70db393ae95777c34e94498c23c,a7b83b610b9f02f69fb2463dd9b7a17649f31edc,2b0c124ab7ac5d4e864948c3b09389c1fd86a141
a7b83b610b9f02f69fb2463dd9b7a17649f31edc,01d585ddd878ef26d0a103cbe42471c5d0fe9c70,9621d16b8c28aad43b3422b9e8794fe43b7f3224
01d585ddd878ef26d0a103cbe42471c5d0fe9c70,ddb99ec7bd1a1128b1a1da5c6876288488c71f41,b58a5b137c2c99780f72a8f51e62f1aea8c5ec35
ddb99ec7bd1a1128b1a1da5c6876288488c71f41,cef8b58db53fb24e828e49584fe6cce159533cda,04c5e9ee16720e054bdca5c3227abfd4a393c757
cef8b58db53fb24e828e49584fe6cce159533cda,77297288da8ced0eea15d940a4e9b630108d82c0,91038ee1cc57c05cbfd798962134dd2d1a8e7f80
6f42a79223df70b848e21f8d5090323766fdcce1,15a05d62983cf504fbbcfbd38a4de5ff8443f4f0,34add3599de51f09c8e927d305c84083c2297bed
15a05d62983cf504fbbcfbd38a4de5ff8443f4f0,fa7df0864c936949a130b61f16b2064df7407166,b9eeb1f94f6328af4e3c321142fdd3ac1157b6b7
a6751a6106bb8269b8dc4f5c29bf13f912916e8b,ae12ea4765387b79255585e47c87e644756c9643,fa7df0864c936949a130b61f16b2064df7407166
c374caacdc50ddb379dd892e72163e9297b425df,28759d0d5429e73ee5232845707ee5dcbd91157a,36b5b56eca314e032ccf4d7f1d381f650b2a5fc6
8b97850bbd772867709584898a12e1b2334e5316,6c8494fb59591edcd9f8913d77a576d618a4a4ec,f08ce340319c77ccd9d3ffcb65ce67e80ca8371c
4dc6120a8e28af474da45501a509f104efe45099,fb7c62a92bd9c5f5773e046fb03d266305d9a045,a67f77de259fef3833fc772aaf7e4ec6407184ba
fb7c62a92bd9c5f5773e046fb03d266305d9a045,36437b53fa8ae8aaec1d35d550d4abd0d7a7261e,95b0e9bec0b51325a225185626ef5105aa0a7f59
36437b53fa8ae8aaec1d35d550d4abd0d7a7261e,a0bf7b0a2e1c633d0795b6dc005aecd6dad45fe4,49d6cb9fd76889e95cfee6044bf03f7c82a71e9b
a0bf7b0a2e1c633d0795b6dc005aecd6dad45fe4,8e5eabf1c6ded63d8c716b491f5ab020241dd973,626754bb82b35a80dfa3d60169f474c9771d27cf
d5a585122e8c92b4d08acffe0b8ae2045d7095df,71b00cce249e99f9acc4014777a8043a687a417e,5bb0b15aeee093801d92cb80a64881429c87c213
a831a2b3a71820eb61878ef83cdf1d803094a908,46e3e29b510646337fac2860f97cd8c8526c2fc0,56b3d295cb7782d0609cc8ec88198a5758045e7a
46e3e29b510646337fac2860f97cd8c8526c2fc0,44ad8dcbbc14528d6168e2a29ef2fe4d521a4c65,27ea7685b6f7b8721ae1bb970ca6349e8b2c27be
98a1cb6d3e6c303f6ae58a595a00055b499ee842,a92e4bd3b8c478d279ba1e848151c02420138c76,07ade2c36d77a9fcd50d675a0066344d907b01e9
2d204aea0969f31d1620af4b1948c26afc0c9d9f,a3cbecc221f092d15b0605a21466aad2be0f52a8,52829b3c3e8841bca8b6fe48ad3272d32a50e427
eac42a960b345f19c88649c8a6fdd9765d024235,7c758ec8a9e7cb2c21cc8b7d32429c0204f75869,29bb9aa76a9f07ab3000ecd3ceaf117f53ee40dc
7c758ec8a9e7cb2c21cc8b7d32429c0204f75869,16faf6bcc141a0856d1475d04a871a7f071852f5,466a0a9bef87a3537f9d916b11f943e583461bdd
6bb0e271055684014304cc9abf9b0f1ae9480e3b,02b220e000eb37363b27871d1bd32c8b4e4e012c,80aedb2aeabe1dbfdfdf697ee86217c0b92137bc
74e01eb3614f2332ef059fe090359a29d5a72bd7,1118f7b23b4b50a839356f948c343febb1ede956,af75a3ba80436e03fec74139dd2ab3161d237efd
1118f7b23b4b50a839356f948c343febb1ede956,a69a8a20c3d61a825a1e6021527b04499a2bdf1e,9af550d41988724febb07851730f271b5d7ea611
a69a8a20c3d61a825a1e6021527b04499a2bdf1e,2008344ade28234874cf7f4743d921ac42aae478,cc5ab335777575de559fcbc59a1452e297adf204
2008344ade28234874cf7f4743d921ac42aae478,e5118eb4b185f22f56a08d38221dea0343fd439c,96525554e8c7ea271226f44c8523c78864249c38
e5118eb4b185f22f56a08d38221dea0343fd439c,94f66e79a03b141f979c34ec772c5d71a9cf48be,564ce6e86bcf74307f5bcb797168da80d839a81a
94f66e79a03b141f979c34ec772c5d71a9cf48be,45a24252e7cf8a8ddb347ab891d5297607cc10ed,8cc597e4fb48983a380e62527498bcdbce624fa2
45a24252e7cf8a8ddb347ab891d5297607cc10ed,5c4ca6207930acc3d4a133050e9e65ec135bd5ce,b340f939d42759444c353f47142498d2f961f9f0
5c4ca6207930acc3d4a133050e9e65ec135bd5ce,3de05d063cb20ebd98e15847211b5b80de5a42d4,cb1485f506ea5fc3b1915b0836527afe18323b1b
3de05d063cb20ebd98e15847211b5b80de5a42d4,563f771c716b724afc8069642db34aa4337e709b,28f382d63e972facb14f2ae3ae1195e0ffde3867
563f771c716b724afc8069642db34aa4337e709b,e5f81a175d1a931fe808f47fc4322707544ec40b,02d4ddf68af722f248fc9b6f376b5830881286bb
e5f81a175d1a931fe808f47fc4322707544ec40b,2ea992a18d64d1f7848c947d9ad4c5631bdcb9d8,62bdd9af78ae6542252c9d3813db58b5cf4ce9ce
2ea992a18d64d1f7848c947d9ad4c5631bdcb9d8,c11367044cc09b50b8374b4806bab92239965fe2,c24fb46bed183f713cb8c72d07ab2577f34169ec
c11367044cc09b50b8374b4806bab92239965fe2,e9bfd1656b8f306b408d35e26634d553f99bba39,10207b8e7435aa6601f4490d54600eb182c642a5
e9bfd1656b8f306b408d35e26634d553f99bba39,19a1630e7d7c4c4e49c5da07c607d01a9388af0d,bbf9bdf96a6269b77b6cc8d2568737e4016f9f16
19a1630e7d7c4c4e49c5da07c607d01a9388af0d,bc385c2287d64412e756a6c3e0a6650d90c414d6,16e15528777b63ad5807af5cfd80271c6e847d55
bc385c2287d64412e756a6c3e0a6650d90c414d6,d688e7312b1f3933e1451df98c5d89a25fe6ce11,7d515e91c0c72db879879692d5124ad97d790e00
d688e7312b1f3933e1451df98c5d89a25fe6ce11,2eca71155fecc13f417a5e74302f476554b0a335,43f5829cec27612bbbb26418207ad4f3590a422b
2eca71155fecc13f417a5e74302f476554b0a335,860b695cead6dff0cf9499a8b927ba22d424378f,eb0307e6ccc141869c2fa4668f94ba1d2fa0b12e
860b695cead6dff0cf9499a8b927ba22d424378f,23a444c91afe71e77d65dabfb82fe5f8e078e090,94c349ea00178f1d20a2a3703b460a931b0bbf58
c7948516584de50b205168cf76d04296b00ca0a7,4206d77e83286094c7610e39f3cf7e12eae0891f,135ee9d1ee4195c6c0b9f23dfe218f043990a68d
e3fe5a5f4c00ca396c25212b9d42514ad3bb478d,3120ff73ab57b356785e6e9b67ade55039e926f5,08dd500fed17716896f5c96339f8ba6dd7df2ebc
08dd500fed17716896f5c96339f8ba6dd7df2ebc,776ab9019c6c02656db0491ba3821fdc12c83aac,7f21d439afac3678d2f219c2321e25d8f868aacb
d9d4ab240b6c3a6567fb930374707a1c64cebc15,ce1ec3b5cdc9d080b6c1784e9da8bc1c15ba5403,a288368eb51bd9692ae8e49071c88fe9c46863cc
9a5fba52d4d9fc0985fdcd4197d22d613457d90e,26ad4f31076a88762c1b974b9c14098e31b43f15,1388256b465362241b960d160b5a4e828ddbe1fe
2cb1326cbcf84dcb138f02138bc65653a845d553,788f6d5e2ae92369f9ceb2c2ca553e18542b110b,57f431633dce97ad53e795fa56c8d69a3d2c2d66
86bbd4c934ef376351619bc45d96270cd2a1ba8a,95dc10296922e7666b75428ea89359ee93d95e62,cba03451bacd376e47ada24e3b0812b9c7f6bd6a
95dc10296922e7666b75428ea89359ee93d95e62,d04c8aacda56e17a7c77fde268364ccf33a9fc8a,6fc4cf68a8f9c43ce22ec306d8d1aa26bdb3ec2c
d04c8aacda56e17a7c77fde268364ccf33a9fc8a,956cd85cd50964ebef3ec45e0d1d4d1e635cb77d,48d20e748ed96ddc94e570afb98da386b34d72c1
956cd85cd50964ebef3ec45e0d1d4d1e635cb77d,fd549959cd57d1c5de8be2f6d7600fe9bd050857,e8884a96ed6aa5fb53710078afe3aea68176ec44
e58b6c0aebc699bb7e923993af7793473982492f,be573654d869d0d534bc41f549df7030e5703006,c89bbdb156c867b161e55c04964f10dae9a193c6
be573654d869d0d534bc41f549df7030e5703006,3f679f8df4d284e183a833d7bec85a601d2009fe,7f1ae758202063a37b219f69387bd837de5ca309
7f1ae758202063a37b219f69387bd837de5ca309,0c24b9b1f57189d64ccc02267958587b6f64d1a1,3ded4f2c5356f6505e1ca0956b2954e465eb1e2c
3f679f8df4d284e183a833d7bec85a601d2009fe,ed9d7e354c20a95755af7641e3a2a0c77a713791,54cfe4fb1f437346936bc2a165df031162d4a3cb
0c24b9b1f57189d64ccc02267958587b6f64d1a1,58f6fe1fc48c633ee879f6db4b62d79d98a0f80d,ed9d7e354c20a95755af7641e3a2a0c77a713791
f22b406eef3fb549365c458a33641415495eb8f9,fbf5cdae62752021fadd78af3a68bbfa3c48f8d0,78a70002f5b101415b68edfe3a862530e643bf38
78a70002f5b101415b68edfe3a862530e643bf38,6dbe88514254be7f953dc7de28b1a7114f4538da,5b29a673c468920ac68c3af6e769f72c2b895434
c36b12315e3aab0394da5406abab981fb7275cf3,66dac311516091fb3726440439c403961b508cd8,5b1e07bc04b0ac0b56a0f4baa6026eefb9aa5c4f
588251ad20d3df9beb2c9502cb053203d38b3d5a,88f44a79d069af2b2d3efcdb899d7ef7d025d035,9391e09ceef2a641b9e4289a2cefcb672f897ea9
e9936c6d5b37842ed67c22e8661e38ffba5c1690,8be7815bfec07835d72f8a5cf5ea28ca6031655a,ebfc23c878cb8f13c4a0af1d2035e6cd293524f9
32ce018c0f5cff3f6f1704d761cd9cf875137f5f,950afe9d69fae09fbe23486a0363a99d386bd16e,8be7815bfec07835d72f8a5cf5ea28ca6031655a
5458cec9ae474e93e1fb7033cb7036f730639876,f28a3e0ad676fb708aad917ac68b040118864db7,a58bf9ae73edfc18d4260dca1f08f885b2259487
2698f82e71ce1230a5a3a1d39c186811f5398fa0,8e5ebccac596bfb9acddca1319f98bde2121459e,c7eb5cb1ccda13d9f708c185254f76b1256504b1
8e5ebccac596bfb9acddca1319f98bde2121459e,3baa61c1f7158638d45aa65f7131ebb964dbf4ab,2dd972c215ef0bf781b1959678c607ddb3d1d434
3baa61c1f7158638d45aa65f7131ebb964dbf4ab,3ede718cdbd5e0618358617092a6a609d54eb095,12219d2f59de3bf4b8951efd87ad12951ad715ab
3ede718cdbd5e0618358617092a6a609d54eb095,670d5afe758c94addbfe4ed8df16e2bf4b517f66,82dbbdfe4483ffa250d324f5ec5f22498a081f86
82dbbdfe4483ffa250d324f5ec5f22498a081f86,230b67ae8088481ed0d24120ed3ed3e6b4fe6f8b,670d5afe758c94addbfe4ed8df16e2bf4b517f66
f1705eb119015daf24192a484bb928572d9816b5,a7064dd4cc896955590a6a7010e44acaf3faead0,e22af8b487174b1961a32f3518451809fa997e34
a88aae893070dac29232918b4005ebc8ff88ec8d,43e6157d3d534f66addc832ac1e317127e05f0b4,2f2ac778fc45e092a2d4499b3d034d427810442e
60e4f317370f414c3fe967d99938a9d329627cea,07f078ed319d3f66fee39cef16ce5655ad57ceab,43e6157d3d534f66addc832ac1e317127e05f0b4
43e6157d3d534f66addc832ac1e317127e05f0b4,6f2cd4ed2a70f35b8e9f0419846a54ff7d24d41e,3d3989151c8b10ddaacba2c033ee97a0b34b649a
6f2cd4ed2a70f35b8e9f0419846a54ff7d24d41e,04f72b1495278dccea1d6d994fbc885d5f841692,a8aa05886c38712484a808c9a7fedaa79ade558a
82faa6f406f87746115cf476aee13ab4cb811acf,5850e75491ed35edfc865d0b7319ac900605b018,ca68b876b5f77b9dd440ebce41061e8d1e312de2
5850e75491ed35edfc865d0b7319ac900605b018,b081804639aed4f2e63ccd7a4130ac3f762ba1bd,4693499f5b97df5e79a8951c4de21c11a062916d
407fc67f37730dd4aaa0d20c7a1b7318767b0558,ffae34cffd734dc672d0224d5774bd107ff8b05f,fe608582d4257fca273bc6bd3cb0acce7ad7622f
f409b13111266934b134be5668e24bc77ab4b47b,1707e4e3a54a506e915c3b6ba7ca165fff9a2c1c,67b89eaf0ff666573261b7856b262c4cf26f8bc9
38ff03e17ae534813d4cabad28b8658cd1a93ee4,44d20101a4b248f2c2be554463e18894f589b2cc,656862ba3752985a3ccdace08fc3973d2b5cecf7
656862ba3752985a3ccdace08fc3973d2b5cecf7,969cda6fd2562b23df74c082906bd4b53796beca,596fb1ee3327b1a37380e3919c793dcc907a0d39
596fb1ee3327b1a37380e3919c793dcc907a0d39,f658c05f5d1b363688c479195e261ce628457ab8,2acd30dcd625113b14a3edc994ba7ce2d7bc25f1
f658c05f5d1b363688c479195e261ce628457ab8,046db1e67a8a35cbfd3014db06c30c4b496fa29e,0c30a04308c4c3d9e74f2ab100f7ef515394c124
046db1e67a8a35cbfd3014db06c30c4b496fa29e,4d3e5237b9b4651ceab4d901392771d2bfdc708a,8417aff19b942e9ef2f7d0cd56ab388dbd353d4a
4d3e5237b9b4651ceab4d901392771d2bfdc708a,2781c8b9ca060361d944a82708ec5870116e5710,3a8e419313a16b02ba2b2e55caef3c21aec3ddb5
3a8e419313a16b02ba2b2e55caef3c21aec3ddb5,c79922532b787f159861aaaf66bf1c4e4c4e82fe,93fb18a10a27ecba1c88657ee1c1ce35a954a676
404dfb7230deab95c62905b26c1a6bb2d715fb50,684b53588e43ed7bf59b4fdc3c106dd33cd36e49,1ec44ae3f915b27324e1db5b34d8e2caad428dd9
684b53588e43ed7bf59b4fdc3c106dd33cd36e49,690a193dc88a99a480f6e52ab9fde63c35471204,85ec87e4431ad57c337b7f114bc4afc5e2a0e7fc
1ec44ae3f915b27324e1db5b34d8e2caad428dd9,85ec87e4431ad57c337b7f114bc4afc5e2a0e7fc,6e555bc047b7ccfffd842e0da014c2bda162f533
9b76b83d63f0cda67f8c038fd156d58e882df52d,42fcc2a4cced5fe61142e8408635aa84606f0ca7,6dbe88514254be7f953dc7de28b1a7114f4538da
c3dc3857c09e7ce867c3e83f2fa642f13ba90cdb,4fa8ac5cfc4ba3915f10487050ee9173562ac446,d1ddcf57e00b19f771c893910e4f94250fd6069a
42fcc2a4cced5fe61142e8408635aa84606f0ca7,7eba7e7fc97e8f13eac116fc1b8b09fe2b0c80a0,4fa8ac5cfc4ba3915f10487050ee9173562ac446
7eba7e7fc97e8f13eac116fc1b8b09fe2b0c80a0,9afa90fd15dc96bbfd0aaaaac842d282b83c4c90,0eaea0ba1d351475261c5d2d2425c3e94bfc8658
7a4c6355ca30aaa0f990dd7ad12c42bf1bf2f89b,df8267d6ee80c2f5a08fba94daaaae888ac631c7,dab98d483f2abaac46f692e357ed4b4c07be132f
dab98d483f2abaac46f692e357ed4b4c07be132f,0f5c7781a0ac7360831d8025d2a0547144430904,05bb4bdabe01f1126eaa82b431faf4978107053f
05bb4bdabe01f1126eaa82b431faf4978107053f,1b284a1af1baef5371960e01cb2b98c468f30d29,0f5c7781a0ac7360831d8025d2a0547144430904
0f5c7781a0ac7360831d8025d2a0547144430904,5db8c4372448689a41fbb9f6ca2d928251cc13be,ac9d6860b726ccdb599e6b504d6f57af4caf30d5
2f92d5510b3757ec1de0b1b95317cc25c4718b7e,e8f101f31f1a2cfaefc7b1ed70bc19e7b4807c64,8cf224f5b0421d0c579f8febabe34ec0a1d5bd10
8cf224f5b0421d0c579f8febabe34ec0a1d5bd10,8f89ea2340f5318938427e7df79231634a762a14,e8f101f31f1a2cfaefc7b1ed70bc19e7b4807c64
e8f101f31f1a2cfaefc7b1ed70bc19e7b4807c64,cbf4bd478e95b562bb1df6f2aec588e6da6e0654,53eb9d25bc71c76077d3fd262e52da63f6642496
cbf4bd478e95b562bb1df6f2aec588e6da6e0654,151643ba760c849210ded6ddffc8134a91d03186,d76ede9372199738f373500641509dbf825f9a2b
151643ba760c849210ded6ddffc8134a91d03186,afb3cd528321e141b42b6bba015c70814d4ab38b,6eaf17684e62e5fc075cf4fc63ee9178f5081e19
df8267d6ee80c2f5a08fba94daaaae888ac631c7,6006eef7ff4ce04a52399a6b7ee0fe3f3615345b,b551696fbdf8905d52ca67e1a9ae50a3ccfeab92
80489ab954ede88d626dc7fb1f4a99d5e57945dc,fadb1e88d96ad6ee1d2799c6ac994c72dadb083c,b551696fbdf8905d52ca67e1a9ae50a3ccfeab92
b551696fbdf8905d52ca67e1a9ae50a3ccfeab92,036b7e075cc42039da8a79e8a6a94f664ceb35ae,ca8d24f3f56107fb220483d3ef7ac7de4d9ba4b6
036b7e075cc42039da8a79e8a6a94f664ceb35ae,a1ebf7585e56b2a4001e798d1ffbaa44762b06c3,18ce84f3cfe1bf8df384be3c1ebf2c9ac752a1de
75b42b469c18073689679f24d8a72d01b1670313,fd3bea7f0d471370f4dcb26b010c0952bdee14c0,65f61f7a8390f7e37f209bb9c6339b40a001c483
07f078ed319d3f66fee39cef16ce5655ad57ceab,970338c25e8adc638e3df0e6b1f4cf1b3ea07e55,fd3bea7f0d471370f4dcb26b010c0952bdee14c0
fd3bea7f0d471370f4dcb26b010c0952bdee14c0,e147458ad2befc0cdd4072d5c0805c11496ce958,1eb495946ed70ed1c02588aa00969bde823acea6
95173e4d57f2b6c31552955535f203d38208434f,73cb8e78db8d8434c0453c7fb6d260b8bf2af53d,e147458ad2befc0cdd4072d5c0805c11496ce958
e147458ad2befc0cdd4072d5c0805c11496ce958,78debe78af0a22432984f42602fbc6480594ae2f,9b88775c21fec1c097fbfa108794166dc55b4945
55d1c0ae9c853f941e9138a8cbff838185a6770d,cbe75b80a547b6f1bc80d48df21eeb6f57106188,38e5ecf26a0c0fccde80b8ed01e8e1b0e6251c0f
cbe75b80a547b6f1bc80d48df21eeb6f57106188,b794724cd8e6c7d3ab6a80381f2bbb1c6ef3c87a,655d00e697dc86ade6c8c9b268e0af42117bd100
b6183ff90bf320f83457a890f9bf9abd57cb0bec,e444b56ae65c3815689b167ff272e9b36e9de3de,43e93e6c97317db923da4d8f8f19fdf04decc121
3c714b5493d2d4900b5554047ca2a08982c72c5f,820001c85f4c5056f32d2e6b43cd1d98d98f3c03,875ad39f1b2e585e48dfebfa8219a7d05e914239
3b739f81224f658e7e95251c229bc64d28515884,af28584fa70e0ec8e153839bb368268c7cdfd5a9,813b301f8dc460670af4af9a2c0b76a776a78a9b
af28584fa70e0ec8e153839bb368268c7cdfd5a9,2be1e4f5cda198a0d83e7d522a214314876c9ac2,697b21d7ca1d5d54256d8900ab2a457cd2d80b53
2be1e4f5cda198a0d83e7d522a214314876c9ac2,b25606829e8227298b7c2c864269f8aea58c5a64,0bc736ad4b02989f96e8395d5971a7e1614bb9eb
b25606829e8227298b7c2c864269f8aea58c5a64,344212878c0e36dba2588bdbbd23926dbad98399,c711660aee31688d265ef11dd25b1452d12f1bcd
6d89be2aa19f73f52d0aa2388394f0c65555b72e,703d47e6c09a9c4abeeaa77503c555c3bf8d5447,535266a407df29d0373ee2591ac14b472ed6be51
535266a407df29d0373ee2591ac14b472ed6be51,cb52dddcaf4844a1409058baab0695dcdeccae36,3d5558506ddd295a8df44937207371da5b0f357e
07562bd5b80c97c27ab2e0a0430af55e25937192,3aeecb5a83b181d4218ebd6555bcd1ddb5003c3b,bf6634849904c2671caa5a850014ef2af5c87d58
cb52dddcaf4844a1409058baab0695dcdeccae36,bf6634849904c2671caa5a850014ef2af5c87d58,2d0e034172f62d70e318a6c993a265d29b008753
4d2cdad3c6a0bea1ce350657b7c9b1c93f4dfd33,45815098b88fd76fb048b9a7d25eedf27daa2ead,bf6634849904c2671caa5a850014ef2af5c87d58
bf6634849904c2671caa5a850014ef2af5c87d58,6cac548df83a6a6adeb5fa3ebbd00d61d7f75419,b6e7da53e51da11ae57f97435f2c31e896344785
7c14d8bd603d21272b78a3a75df11647ac654523,ce8a660bff43255afb0697f336c7bed88d9a5140,2d5089edf5f21eab32a1caf4e5af9c0978f34bc6
ce8a660bff43255afb0697f336c7bed88d9a5140,77815a153c3f01ded971143fabd1bfad016e7d1d,fb6e3e4b630b5b3d3f06744ea77bd94d07db2f24
c03c2948a1045a5903b4e8ec1360d8b703227641,93c82ca2d254385254a0b3ef119133fe7fb26f19,77815a153c3f01ded971143fabd1bfad016e7d1d
9dd841ef65fcd76335dea819c93a8afd9c37e308,65122e1d3d218c5553cd9629f64cf9c1d8349a08,81792f50361392c9087acbd36904bced623b9000
81792f50361392c9087acbd36904bced623b9000,f55b0c08ad2539e03c471618df1746ba594c7a3e,65122e1d3d218c5553cd9629f64cf9c1d8349a08
65122e1d3d218c5553cd9629f64cf9c1d8349a08,61e75a0e0cffa7eb8daa63940dd89fde1fafc374,1fcd33737f154e24b28c610a1f862b9ada113fe6
1fcd33737f154e24b28c610a1f862b9ada113fe6,9267e3604bb15fb6960d88b9b4891d57febf1f94,61e75a0e0cffa7eb8daa63940dd89fde1fafc374
61e75a0e0cffa7eb8daa63940dd89fde1fafc374,5acb61ed1ce8d1cadabcfdaf05963c11f3c6cc6a,72cde69424eed49e16f222891bad8840c06e6e7e
5acb61ed1ce8d1cadabcfdaf05963c11f3c6cc6a,3eeaff11ed1580bdae182242f9f9c9d5bc7bcdd5,cc59da8a4dbcee6181681db9bb131be1c97f8c40
c5d3c07d3c33a7990dbd3bd1578064e581e00bec,ce05f05c35e9d93a03dfcc60b59f668d1b2fc352,4312042abd94f428c5cd96fdaafd1de620cea81e
ce05f05c35e9d93a03dfcc60b59f668d1b2fc352,bb4b06e3eef84a11c6235bb5ead669a36daaf204,2c8ca95df30cb63d13865e097191aa8ad0d4879a
0b34cee7b44619a6c6978650694f7ee586d0fe8e,1a17930bbf5fbf66115d16b3f6d2e7406608172d,f57df1ec9391bc10d6e67abce5c33c6be883b472
865336fcada2d5858d55edc7bc16f2d181048842,6531900cf2d76e931f4ca7070b437604f71fa2fc,d6b2aa03f9d5448d0b7add7679c055be22d3be58
d6b2aa03f9d5448d0b7add7679c055be22d3be58,e262ba89ccd3cae472fde2189d91f28eb8167fc5,905d952f3c3a86926eba1db328d66dbecb278f44
e262ba89ccd3cae472fde2189d91f28eb8167fc5,88ba4c48f0c62db700d8272767f14e80f0259c58,68f60007c89e34659bb9fff48882791bcd076cc2
efff8bb08cc478cc478f34d56f50f6852c2048c5,a80c06d3d0a750eb8c16f85bfe7c1b3bba77a22e,27ec928b35353668344f6127451f45f7bcb2aff6
a80c06d3d0a750eb8c16f85bfe7c1b3bba77a22e,f842975d5f6f2129f4db475863b4d7330b5493a2,ee2d874fd0a80302cf8b0e45785161f6658222ec
ab37ca319c74e7264a65ed4c1f88ef209645541e,d2a960c8e0f5d219a59377c3230033720e91683f,c51673874b71cc2e97ee8fe393b193a3d2891146
a13b78757e0800e2701dc332630fea15fa6a0017,a1747745a4509d9b01ce60d91a043b410395de57,081e6026f23e5565b8c1a8f089d9ac8fa27b16a6
9550230b038237cdd86d9017f012afc18ab685b3,c326b9ec63e78aba06ccc41751015cd72924ae20,63563e5a7ebc5f7b1f96a949a74c1df66cdc52ef
e2c57b2e48b3c7e51cc9bd5dfe7c713dbf9e0fe1,6e9bffb04f1bae3fb67829189778e107ff5c902a,d816d2209d6e75a6dd5fcbe5229484fcecbca546
d816d2209d6e75a6dd5fcbe5229484fcecbca546,bf34a1d941cd2d64b796b89cdf5c846d5ec54922,2e156c9ac4878cb87598fee58f614369625a0416
bf34a1d941cd2d64b796b89cdf5c846d5ec54922,c4a9ace1d8f398d2a6fb8f1f8671b6f7f122e46e,1a4fcc63b61f90ca02a43bf26a0bd2f8857bbf51
9ff81a49e76b3fa4ca37d5e601f9cb7afd2089c7,65080051b1ab47f0135c174c5a4759ba447ccce0,20606ea6f6554109d387427a03cab6a48ead638c
20606ea6f6554109d387427a03cab6a48ead638c,11a79455fb573b5944e430d722ae6467af89fcc5,5d7913cbc3e8a108b22150cc0bc469fb3f2a7188
02458f8fdc0c32f414618e74a880b6a6f9791f16,b075a0c07fc17488db93762e588bb6a956038c8e,11a79455fb573b5944e430d722ae6467af89fcc5
7c9c8950c5a1620a41ad0860c42efd924ba51317,74b15765d98694fc5a20a2e7bddbd548c3e6e4e9,11a79455fb573b5944e430d722ae6467af89fcc5
c80422b903617e91d6d3d65a6c4ba66a64a0083d,0f9da40b418fa7bdb53e874a954f040446a4b6cf,5330f028b5865f7c6e4161ffddca255b04e49c42
5330f028b5865f7c6e4161ffddca255b04e49c42,91bb0bb18f6354220d1f78cfbafcf96a20262753,93530f853fed660f9e951c7c70c5f8d4c3db5009
be2bacde3fc4464c6c9e819b95c8616f3fffbda3,62262857af726225660731cdb16e9c0d5722e256,91bb0bb18f6354220d1f78cfbafcf96a20262753
5795ef11b785781b46b1b39892843b21eae82150,3b0521321ac06d87c26204a2a5aed43afb87bdae,fd0ca047de36597efb152f1046fe8a56044ead5d
fd0ca047de36597efb152f1046fe8a56044ead5d,2da3a7e79c2aa144ea89cb65e674f7eac47b57d9,86b4d4df8d21d4048c48c317b595b9cb538e47b8
2da3a7e79c2aa144ea89cb65e674f7eac47b57d9,a5a344fccd3e253a74210a90d129b856430b8114,20e44b0809860fceb32f92e9e1a70377addf1b89
20e44b0809860fceb32f92e9e1a70377addf1b89,6c821ee9ddd0841ca6a49e073dd5b98f29ff0381,a5a344fccd3e253a74210a90d129b856430b8114
a5a344fccd3e253a74210a90d129b856430b8114,fba61efb5919d725e9935f737421d7f562995a00,d2caa5e9f42a9d5215d645df7eae52529af1d6e1
d2caa5e9f42a9d5215d645df7eae52529af1d6e1,cb3f1cbcf83f0f57733179c02295fa0da4312ba6,fba61efb5919d725e9935f737421d7f562995a00
fba61efb5919d725e9935f737421d7f562995a00,0ea461be81ffecbbe9c822fa98b1571b5d7e5b4a,67fc54384963cbd45b23b18092e7199a66785ae0
67fc54384963cbd45b23b18092e7199a66785ae0,24659943b32597565afcff884c32bf1e2586bb0e,0ea461be81ffecbbe9c822fa98b1571b5d7e5b4a
00c3122f1d068da8555b8677848acc682e6a696c,923e1998ab85fa69b5ffb6617657a47730aad8d4,0ea461be81ffecbbe9c822fa98b1571b5d7e5b4a
0ea461be81ffecbbe9c822fa98b1571b5d7e5b4a,4141d8abab805b01b3ea436c29d9cf8196d09daf,63c67979b5171c650e04ca1f02885acc51ffd5f1
63c67979b5171c650e04ca1f02885acc51ffd5f1,08e31573751c55a1217f043e6d3de4f6347dda4b,4141d8abab805b01b3ea436c29d9cf8196d09daf
4141d8abab805b01b3ea436c29d9cf8196d09daf,0ad7eac336d981ed41c850ceb9987cb0f726cc47,77848153f536e4a3e7df04a7eb8e52dd264eac25
028e99fc3e3466dc30306c4f487649e5855dfafe,0e24ff95ae83ae3cfb16742cea2b31c344905c44,0ad7eac336d981ed41c850ceb9987cb0f726cc47
0ad7eac336d981ed41c850ceb9987cb0f726cc47,d6906fec5573e4650e2710581271809373d3c858,684c0183621b83d8a118b8c9705a863173d3a6be
684c0183621b83d8a118b8c9705a863173d3a6be,61bf0eaec6bfea3d82ee5523abf36a5b2601e519,d6906fec5573e4650e2710581271809373d3c858
d6906fec5573e4650e2710581271809373d3c858,974487ae409ec37640e08a7333ad577163e16c43,317151b65176b9b7b503b44f580eab99ab1a9928
317151b65176b9b7b503b44f580eab99ab1a9928,f22c391161ba3828c52b34e0122fdebd1d8e3268,974487ae409ec37640e08a7333ad577163e16c43
974487ae409ec37640e08a7333ad577163e16c43,4825d037e65b305450c268771f02f1255203faa9,f292e225ccb3a8a2bc46d4d712572d9fe1635c3d
f292e225ccb3a8a2bc46d4d712572d9fe1635c3d,140db6bb49161879769efbf2db94cfbafbc9adf3,4825d037e65b305450c268771f02f1255203faa9
4825d037e65b305450c268771f02f1255203faa9,853a16822f8ff5afd65aa26420e9d2c5d7a18a00,2224a11e8cbc068bfc4df480960f8a89b966ef69
2224a11e8cbc068bfc4df480960f8a89b966ef69,dabc5d0532fbe4f98b69df01ff388cd97fbccd70,853a16822f8ff5afd65aa26420e9d2c5d7a18a00
08e31573751c55a1217f043e6d3de4f6347dda4b,aba1a72c3fa9f730a9f1e7f023f676349b38e0e6,853a16822f8ff5afd65aa26420e9d2c5d7a18a00
853a16822f8ff5afd65aa26420e9d2c5d7a18a00,de49fafd7bd63a8dcad5428625ea5f8ccb91b1e8,4dd16d9b848f1c308f1861bc6a70115a17f0d9a2
4dd16d9b848f1c308f1861bc6a70115a17f0d9a2,6711ff05d21f40506b45c85d9493c6ee76caa51e,de49fafd7bd63a8dcad5428625ea5f8ccb91b1e8
de49fafd7bd63a8dcad5428625ea5f8ccb91b1e8,fdb1c8d2dcace287e7b3281bee1817a00bb8f64a,b378d4bb97c6b2cca391137c0d6b97e59824c5d5
b378d4bb97c6b2cca391137c0d6b97e59824c5d5,72c400313c9ce9f2b6e452ffa7280558d741c9d7,8440df9e5a4ad8a0a110abd0d6f5db1d850087af
6c821ee9ddd0841ca6a49e073dd5b98f29ff0381,07067006adfecae09bea8c9e3575068088aa0637,dee0e7936421d5e885b4cd499d2aa86949aa8495
fdb1c8d2dcace287e7b3281bee1817a00bb8f64a,df9e5cafbe6315d2baa8f63373edcc7b7d563867,d63e397dcdcbdbd07c38fc7661dd77fcd3ef184f
df9e5cafbe6315d2baa8f63373edcc7b7d563867,ba486c795d11ace368b7acda3ad62c11628cf231,af315b7c3f2b1e8575f763a2c4b9ae99d0e0f362
ba486c795d11ace368b7acda3ad62c11628cf231,e3aee5036e77c136ed2364963fd4c0a1fdb239df,76090216ae4e6447844fd4de9d471a2c928d124a
e3aee5036e77c136ed2364963fd4c0a1fdb239df,46b75132625e7b33dfb02359e92d27fbc55560dd,3ad0af570af1a2fdd8db4926b8b36617cb425921
46b75132625e7b33dfb02359e92d27fbc55560dd,859a592204aab0241057412164bf1bee24485eec,c5044386a1753bfa5c7d15d87257b2fd9587403a
c5044386a1753bfa5c7d15d87257b2fd9587403a,05129ed8b41c6794e9ab817dc2249c438a38eed1,859a592204aab0241057412164bf1bee24485eec
859a592204aab0241057412164bf1bee24485eec,e14872361f44125ffd4dd5a532db2935055fa2af,f3b78833327526bbdb18656cf61d3c0be19edd20
e14872361f44125ffd4dd5a532db2935055fa2af,531adde32d2b5cc29a0accbd1900e6368caaa816,4b60626370fcecba6696c6da970bbd6756565b16
531adde32d2b5cc29a0accbd1900e6368caaa816,4160c577691b74223f3b5515bb920236b96a87e1,e73180091424f432221c233d5065d8cb39bd7b25
4160c577691b74223f3b5515bb920236b96a87e1,56a8a2bcf4670362f913576ae08d62d1585e82f6,e2e36855be896386d3045955a33c3f829131a77a
56a8a2bcf4670362f913576ae08d62d1585e82f6,17d9aa8acbb8cb39d9aecfa0d2745d182c837944,3154f9b98d3519b1a404e63a60e9ac018a7d8146
3e9491d33bb2e8b959f0cd97ebad927285885158,144adf1869d64e5442d835c4e9b636a2d32995ee,ac41a8d2483bff5f46a36892de01d2e200e84d69
144adf1869d64e5442d835c4e9b636a2d32995ee,506bb22e36c918c6e9449fa2fd472840a0110f0c,d5f2653b796b30daa1c77ac40e41e272807b4d7f
506bb22e36c918c6e9449fa2fd472840a0110f0c,837d1d69bf4f4fd083f68b4b37d96aa8930754ec,aa09053ad8d6a375623241dfa336ce14003e277c
837d1d69bf4f4fd083f68b4b37d96aa8930754ec,3d5a1f46450aac0401b5478e06857f5e9a37bd6a,6db22842d5fc684f62d041fef94f205ee5a3144c
3d5a1f46450aac0401b5478e06857f5e9a37bd6a,6a004cbeea47c6e7c576c3fa206f413b57c718ca,420aaffce27b11f005afcf9551e67fdcb0a5ff59
6a004cbeea47c6e7c576c3fa206f413b57c718ca,f2984edbb951d8622db2a8ce7720be15a4625605,08037e5b419f8d35167aea24d368174d1cefe98a
4f9006ba81614ac11b3468a33eca90940f4f39a1,994d57b636724106d0e396ea09ad57f10d1ec3af,b14b05e26660c4ae96838f813f4c42ac443ccace
994d57b636724106d0e396ea09ad57f10d1ec3af,84f26a5cf4529118502be7b7b2908c51e9c94854,0a37552d9c224d6091c970d76d94f651af19a13a
84f26a5cf4529118502be7b7b2908c51e9c94854,fdabf8d38a0aee2342cd1b323f2095f6a2f1de5f,ddb6d332ea0ebd9a7fce893b21ede24d908ffc90
fdabf8d38a0aee2342cd1b323f2095f6a2f1de5f,14e754fa74a145c751e93845d69e58b91bbd4f30,7a9d3b79d6fb17c26882053b906ac0a24fbfca84
6630ac48c62fdf9de2ff2844b16372ab0b9a2fbb,120c1221242dfe1ca9aba0a42d9a9c3641e83845,8b71e6e43a0674d6b8cb3fc01fabdf11e63f3bba
d9289dd3e88b2f79b7477c611970edb842c74b9f,12e2659e657cd71b32feccf09057066e999280de,0ea9172cc60db8fcee4d176dc67d197ca28e7995
beb8f024657c0b2bc454cce19ce8105d540e273e,b907ea562a5bf2f515978799e255f6d832eb9365,3309890f9ff06ab82c507a7c555e3d567c6bf45f
b907ea562a5bf2f515978799e255f6d832eb9365,d270aa19fbdcb12a28b3dc3f6a378ad442567382,b1cc49d88747570c4332adffa549f02913296bab
d270aa19fbdcb12a28b3dc3f6a378ad442567382,f3fa64b837d2d5db2bfd16adb5045ac0ae378f1c,ec2540af11381239a945409261c4978ba6474dbc
f3fa64b837d2d5db2bfd16adb5045ac0ae378f1c,b3ae4b5a58bba66da260603cddb70407afb23aef,ba3bcd23cfc9d64b62f4758e4a746c3777e9ff80
b3ae4b5a58bba66da260603cddb70407afb23aef,e29996a4d36f7b75dedebd48f5184c17141f3a02,312e989c153a6ab84b4528bf6bdc00c554675fe9
e29996a4d36f7b75dedebd48f5184c17141f3a02,f88c71ab715b7ade037d479e8bd2c359e45c5449,e76c4b903a18844c15e2614cf0619e2b5312054e
f88c71ab715b7ade037d479e8bd2c359e45c5449,1bd193f7abb0cdb22be933d50e4fb8f76769a5af,3cd1cb38c07df8b8cfca0102141c979596f60deb
5acdc6189749339fa9b44d2396977bc5530d0af7,ce28de1ea00fb70f4fdfd02307d06bfce47f4cd6,8cc777d9757a708bedc5186e3fe7e202282d92ff
1bd193f7abb0cdb22be933d50e4fb8f76769a5af,011e430c6249e8c5abe356789560b2aef1998353,cf763e09636549db7049ca88bf05625aa5e2df17
e1a659d3f2bf816eb5b9ebfb18dd56475a5abc10,8cc777d9757a708bedc5186e3fe7e202282d92ff,74578aa0497924d3c6fa900afc14367a1d21d600
297a150e39bee800ba66346297d7a82f22ff1709,d60c1bd5061632bd5dd08508603dcd0a6acac417,ce354254c05c8c57f0769016410c37ca9d598c5d
d60c1bd5061632bd5dd08508603dcd0a6acac417,74e3dcbd467eb94d88e93e61f17dfa7c32ef8c12,e348e602f698ae7c93ef3c6992b78f372aa69e99
74e3dcbd467eb94d88e93e61f17dfa7c32ef8c12,73cf4cc0de749a43d079dd5df48299b58158ea08,89bddb845449072775b5db2c315db260baf64493
73cf4cc0de749a43d079dd5df48299b58158ea08,45596956fb0e41ec1744350ee9fce21cf98999a1,4d352495d799d469964928b1b943073a4df5e493
45596956fb0e41ec1744350ee9fce21cf98999a1,fd69b2475b89c199f985cd5e54da3fccf970e79f,48535016fcc0297c50454e8980f6d3a16bee5eca
fd69b2475b89c199f985cd5e54da3fccf970e79f,d48245384b9ddcb2ca6686638ad958f99ab913ca,fef8cd498f178177adeb68c0f8c09a4318ce1f03
5f661409bc68d12576a4b33008859e2f11f9f607,8694191fc9f27ff7ded89848c220f33599a02501,24bf8ab73e8e995d96f684483d40eaf8eef11e9f
8694191fc9f27ff7ded89848c220f33599a02501,c101a3fa9747a1f0046ac14fe22ab138316d6954,b6f21e0e109c6a567a948c9e048a2a99412eecb1
9cb8165fd5e11d26c316ca8d9f8829398dd3bfb1,23abeedbaffbe48db746f0a7f21220c1aed160fd,b976afa408ff8790a2f1061576bf59525928f634
4247baecba066ff365cee961f36e2426e6f054a3,7cfd29a9bfb1195c4bb771415afc7ca615c86bfe,23abeedbaffbe48db746f0a7f21220c1aed160fd
23abeedbaffbe48db746f0a7f21220c1aed160fd,be225a04b5e2680c36bcf149e260f7639dc44e10,ec93e86c4d44539ff0c422e89a45173ead2a7d27
be225a04b5e2680c36bcf149e260f7639dc44e10,f1ceb8310a0c689bcc114564916ac40e37e3986c,502ed6c1e0f98a9c325c55a44ad80df34a531f19
f1ceb8310a0c689bcc114564916ac40e37e3986c,8ab37b09589b641d57772aca1932e387efd17e6b,2e0b8ce4bb16a02e4cd318521b2a2901d1cadb23
8ab37b09589b641d57772aca1932e387efd17e6b,0fec55325c3adb8b68c4622ecb0172e55266ee53,84d21b1967d8d437b452ea76fe927996520f3ac1
0fec55325c3adb8b68c4622ecb0172e55266ee53,970338c25e8adc638e3df0e6b1f4cf1b3ea07e55,c960493ef4d651b3d5bc0ec56eae90ef1a981ad1
970338c25e8adc638e3df0e6b1f4cf1b3ea07e55,73855ea205656ced3c91542e591f54c1b52dd755,8beaa6fb85f43ad8124ec687a891e95a75be4db7
73855ea205656ced3c91542e591f54c1b52dd755,5b4b9682fa373b99eec506249074fac76246df19,513a53af7bba29031e61a27ae99312c391f9a61b
5b4b9682fa373b99eec506249074fac76246df19,a1047294aaaca69335f9a4fb01441c39687dc81e,550c81e72eeb26bc24de600bbcded6c58b2ea3f6
a1047294aaaca69335f9a4fb01441c39687dc81e,5b3f31daf52824139aacced448021c94220e8737,41396d8d9979940a8ddfba412bb52f8cd8e402ff
5b3f31daf52824139aacced448021c94220e8737,af7a42a414a7d061f1b7546804b1212726390847,d5dd3be29747382c73d5cbf465e9c209c837513d
51531e065bb530916667024160edc24b58efb0c9,cbe9b04246d85c0bbe4b9baa8eebffa454a30947,bb9979004319d4e6410a6c451809f3d035a32517
cbe9b04246d85c0bbe4b9baa8eebffa454a30947,2182709dcde9d2d0803a179bbbd6f2dda3b92138,a530a1b75363b3e6f8f4022f01b502861f6b2a7c
2182709dcde9d2d0803a179bbbd6f2dda3b92138,4c2eddc304592367a70288d7a492f0bb43704b6d,069fa6d80bdd6e1f3efc891aafb86fa0b547bc5a
4c2eddc304592367a70288d7a492f0bb43704b6d,a13db04afe78a742c662f9db49b771fe4fb37ea3,e6ff300ce5636c193632d2c6c2c2daf788a73ccd
a13db04afe78a742c662f9db49b771fe4fb37ea3,55724eb9a0ac47dba614e5767f9bc9084a1cf294,527c0f98eebed7f8c24d92c3d4d00930a228cab6
55724eb9a0ac47dba614e5767f9bc9084a1cf294,84522d86ece4705eaa86059dca2f0cc4bffd7ea3,e2c1152021b023cc5e16186280b4d961d8d998ab
84522d86ece4705eaa86059dca2f0cc4bffd7ea3,584911cab688749c739fad2371e2db8d085763f6,9d5a0969f3695432b11373b267fa6eec868f438e
584911cab688749c739fad2371e2db8d085763f6,2323537ad342018da13b0e4577751c5543578228,d27b693f85e10276ba56ff458ebe3d456b18ee76
2323537ad342018da13b0e4577751c5543578228,86fe1c880c27be942c0519c58ed3f8553772274c,a2acb949f231f0fecc408fe150fb4c40fcdf0382
86fe1c880c27be942c0519c58ed3f8553772274c,0d07db6379ead1e69ea4558d1d399bf31d1df5c4,b348fc62cdc05cd37478c060c1de09fdd7c59ac6
0d07db6379ead1e69ea4558d1d399bf31d1df5c4,4a4723073b98a149a094d321d3842fb85bfe9530,d478d6aa44e72d8859629989c12e2206f91a3c85
9ff5de1e1585d20c968c4272333ae14be69d3944,308354dac0282d9a692a762ddd0ed4c51c7f1d2d,a7efae77f32b607c71481c50e87aa884b83873cd
308354dac0282d9a692a762ddd0ed4c51c7f1d2d,34365bfc74c180d1587ce92b997643e93f8b7721,cddff71141596cfb499327c62646d1b2c3556545
3ea7a8c4a75f2c3b9a92f200afc44a410b4ac050,603a8a020f25ed72454c58642354f55705dfa95b,7b20bc1a407e71157d1f1d1ce8c51b75fbafc32b
971c7b13b7b53218e1713bd2e425bb34fdea7436,733134721604988f9f4ee28140b0dce1f6b66fe2,e437402f511ce0208fce8294be5fa26ce1df7777
733134721604988f9f4ee28140b0dce1f6b66fe2,d44312b66f903671dd35f77acf50a478446a0049,b590706a37716ccc0338ac164df542ac09911cd7
b590706a37716ccc0338ac164df542ac09911cd7,eb65c68b2511ee36a7fabd446aef2ab8c0f7229e,8557daa9c2820939e89db5f9e99287bcc2dc2d18
19263423aa1d9fde114624feb2cde5fd2c0eeeb8,97a87448c58595f468ebfa3b961dd84ade2d6efd,ad7513cbdbdf2bdc5b6b5ef4bcc0cf4238dca424
3084f7cd448fa1aa8b69958d313d56fd8772358a,0bf2a8e56f1e221d2477bea382f53a71c95d9de1,da7ee95141569d8a4713bdbefe54f2d77b10f67a
da7ee95141569d8a4713bdbefe54f2d77b10f67a,c1aa335493b386ed2a9882b055b29ae114cedd70,8115e6409a29223977ffdaa68ba6baf08e560c34
c1aa335493b386ed2a9882b055b29ae114cedd70,465ee8f64fa1b39dcc146b64dbb4c23ca10d877f,79a7d9a71190854321cc9c23f9b5af34b32a9a40
465ee8f64fa1b39dcc146b64dbb4c23ca10d877f,005a09debeae21ad38821346f69c9f2aba0347fc,c3ffc8bedb165a67d3a35e998487da6563fba942
005a09debeae21ad38821346f69c9f2aba0347fc,d60f980482a2ae0336b7a9d97e120f0e76c9b224,48cbb06748e75cd6b489643c79858280b0a63a89
d60f980482a2ae0336b7a9d97e120f0e76c9b224,318c2b5b1299fcab30d2d06b665eea08dec51982,77de180c4e06120fe348d2ef4ffc175f896bd22d
318c2b5b1299fcab30d2d06b665eea08dec51982,8cb5bcb65dc13734df171c0cb9b7e0e6461dc70d,d160f3c188f06f3d6bc03c698899d7b9a5e39a4e
d160f3c188f06f3d6bc03c698899d7b9a5e39a4e,a211c26fea7e8314b44ec477c899e3328e2c081b,8cb5bcb65dc13734df171c0cb9b7e0e6461dc70d
8cb5bcb65dc13734df171c0cb9b7e0e6461dc70d,50fd6ce4617cb738f5255c6a30f60298e48afbdc,5ff5f823e45804cf957951743a88c999390665cc
50fd6ce4617cb738f5255c6a30f60298e48afbdc,8344fd5c6de9e6af12b006d890b79d71f7e5cc57,af26cb1f81c2fda9b458487f670bbe7103651585
74a37abf84ee57be253e0ab343f601b400c55582,3647149142c9b0ef8f4667e6c991f44d3304269c,1758634b82d8d1cb53e495a57a861feb483ac4db
1758634b82d8d1cb53e495a57a861feb483ac4db,6abd43e2c2f3485e6cb9d32a138c77c54de6154f,8a7157be3dceafe5e1a85819ce68e2def4338aba
6abd43e2c2f3485e6cb9d32a138c77c54de6154f,7ddd26134777f0f612729e425b35ea9fedb53743,583c4058aa41f6dd9b011bd9534a81fc409af61d
a12e8692b5f660a0123a06f74935f75386a93042,9250bfbf9e7bfe9f68bd3eb86a6b75bde4b27058,64a48377d71a56e8dca69148a1a93f7539e31447
9250bfbf9e7bfe9f68bd3eb86a6b75bde4b27058,0997089e9d341b1ce52e3ba6ebe866630a96adb5,b7c93c85d29a6f9507632343aa19c894a1f92e46
0997089e9d341b1ce52e3ba6ebe866630a96adb5,06615482acd9e0eb059a8b66c4eb78ad74832def,1f6b12951cbbb553ebd306a61d19fe06c7cb83db
06615482acd9e0eb059a8b66c4eb78ad74832def,e96c2b42876dc52f761e2207332174a01457cfa4,9fdcf0b36000c500c862659f3416133587e0e97e
e96c2b42876dc52f761e2207332174a01457cfa4,f0d43847aac97a1700de966df92d9bc6215f5be9,d1fa959653180c396faa4e00e783e6a5550e8ac7
f0d43847aac97a1700de966df92d9bc6215f5be9,45eddb46d883d14a628da0d6360877adcba508f6,b181a012ece4ca0fe52601473873a8ada895963c
45eddb46d883d14a628da0d6360877adcba508f6,6e3e5bab300fda64e3dd0c681562eb38cae29ca8,8a12c15f8d4e695711689173e488ff10dfa68c82
3ddb92de38fd32c217222593ed960b1bfbd1ab3b,d775fab1d4672e81e53540be272d3784bdd29c56,88696fab9cc5118fdade9f9bee97017842a65bff
d775fab1d4672e81e53540be272d3784bdd29c56,19be3168fa6ee590daf449dd17365081d343ee17,37cb2daf66e54a723a3830e042348eb9e344cbaa
19be3168fa6ee590daf449dd17365081d343ee17,cc36c8567d7aa216114f4215c1e8c361a8420c79,701436d664583ebb0fd932b57314891a80cd5ea7
cc36c8567d7aa216114f4215c1e8c361a8420c79,5920fc54a8aa7b979f590aca9c5d319cb7d544a6,38476cfbb524ce8ed9f76b66a1f702118fbc66a4
5920fc54a8aa7b979f590aca9c5d319cb7d544a6,256aec14c72bca2d82f16a38799652c2ec572c0c,efff6cbce22cdf918f896b8145929e11bcf80c22
256aec14c72bca2d82f16a38799652c2ec572c0c,a1b8166fb9ad9009a04277a9f5f146e78d727ca8,783edcc0ad0daa558153bac47d7aa6aa7e3eaef1
a1b8166fb9ad9009a04277a9f5f146e78d727ca8,ff1e40769ad9dd8aef033a661ad65c799d8ef30a,a48fdb8f7b80e69839dfa7e30a72a50a56247174
ff1e40769ad9dd8aef033a661ad65c799d8ef30a,37f6f438abb164b0cd0a7456c761ef2d4ecba09a,39e2eb58c3ed7c1ea3a4b5e6525da058264c5f55
37f6f438abb164b0cd0a7456c761ef2d4ecba09a,52d40a283f068b5d90432fe79b2b1ceda7e9b8fc,7bfed0f029b59a7eec9215c22f8aa84d291bfe84
52d40a283f068b5d90432fe79b2b1ceda7e9b8fc,f90ef53d678392b5157f49d835269505329689b4,a74ff8782a9efa2fbb336bace4e733e91b88b391
f90ef53d678392b5157f49d835269505329689b4,5222f13ec895de482c034073671fd512a56bb0a9,2b09b19add8402ddd4f87c8e43c4788f44fc63ca
5222f13ec895de482c034073671fd512a56bb0a9,1a7a993cbf34f0b7230543830de9e6ce0f64546c,def5c2336c116940ed9d45c54e11bece9443ec25
7fd4aca697aa157f7f072a5da53d977720440d2b,d7b3cc846d54b3dd823562df1239bc217e07ab23,32286a6db4d832b384bcfa11ecddf697df78ff61
d7b3cc846d54b3dd823562df1239bc217e07ab23,6154a58553db99e0f9b4630853b8743b6bd14f21,a3e161c8e2208d12fccd135ede584f68b08ff890
c0c77b1597de3d299a6ffb9e60000d38c81a002f,d2d2752b981d8fa84bfaa0a8de83893c1144167f,6154a58553db99e0f9b4630853b8743b6bd14f21
6154a58553db99e0f9b4630853b8743b6bd14f21,87d7640e0b1b5f57cb640e83af6357566ebd27b9,7bd5da2842f0e88df8510d1452555d4ed3bbe218
d05e04215354894e2291cd92246877ca70346461,309dcfc5f224b370f1f935b8e7e814e6b3368021,a39e141abd8b2e3d01e4d034ab24ef157b9d8abe
309dcfc5f224b370f1f935b8e7e814e6b3368021,58bab7a8e5f55b1a5d384b812c9c702a35560916,8168cd3ee4479f8ab76b90b6c160e14ac8e0eaee
58bab7a8e5f55b1a5d384b812c9c702a35560916,ca31ac7c76da8446ba7c4deaee2dbbafbd2ffccf,37421c7b210c2629cb5597ae507de7299947f244
ca31ac7c76da8446ba7c4deaee2dbbafbd2ffccf,a520ac18138d346d199a843f7a7e31d61b01fea7,2ca412e41ab39cbfb8782004ed6a44b1a944905b
a520ac18138d346d199a843f7a7e31d61b01fea7,c4194194d2fb50db3cfd3846201b6664881c1dc2,b955c619ff763ff28064abcf6e1cb2e4ffdf6cdc
c4194194d2fb50db3cfd3846201b6664881c1dc2,a20e5b46eb77abf86b399e8c22f3e75ac2aae1b0,39b03298fdddb5d818fa46f52d60b1f55e86851a
39b03298fdddb5d818fa46f52d60b1f55e86851a,aa77b31b44007034429e5941449cd7a163bc7c23,450f074ac76ea9f95eebc3ff44381543896133be
a20e5b46eb77abf86b399e8c22f3e75ac2aae1b0,84ab72a083f1a7d89fefc3bc29c3490d0bab8ca6,2fce417940ccee8a85474d1f5e82f9ba3a0ae6ff
84ab72a083f1a7d89fefc3bc29c3490d0bab8ca6,a7d0a3d07a350c72c82ac007ba0dc2c1854aae96,3c9155e65261ba45da86aa868c8e52e33ddac502
a7d0a3d07a350c72c82ac007ba0dc2c1854aae96,a822961680a774d4d3eedfc2d7cc0dd06db39dfd,ac3dbacfad53c809fe2776abe1dc2fae4d147c9e
a822961680a774d4d3eedfc2d7cc0dd06db39dfd,685b16524f91ce1515c3742cdacf45883f69e175,63e7a93bf2b1d595034f74f2f511fe915ef70003
296ce251361a264fbd2c0794b62bad03d11fa763,0bd11d1a80905a3226e19a23e0922927aa0aa426,504858679ebc9aac27413c42744a6419c56124fb
a920626bfd879e368e83b3c81cca029826eb7120,52b0501058f94fe9f27db142216941ec81c73158,0bd11d1a80905a3226e19a23e0922927aa0aa426
08c4c6ee7a3793895579afcd4ec5166637a0a458,2b6f8b088807a316574ce04dcbcfcb7e50eee28b,c713419696d4631cf536fdfcce7e59e5a93a1834
2b6f8b088807a316574ce04dcbcfcb7e50eee28b,a9b90208c6657b37c05d2d298454b0a23c6f9884,35ef10d8060839353c5bc36536237ce74dfe6f24
a9b90208c6657b37c05d2d298454b0a23c6f9884,4a3ee71cdea94b81b6f96808df66ffd392948a8a,62857fee585a0f644ffcd9c90abb280c3041e219
4a3ee71cdea94b81b6f96808df66ffd392948a8a,b955edd4293d614aa5b54bb73155ab2f8cfa82e4,3527ccc790b5849db904b4e5ff9921ce8e4aa2e6
20caafcd2bcdc7b4f1327b8132edcc6669457f77,aaf1e1307fa38835b1c442a2ffe5a699ec019c92,12f80769370d39218359d244747b821a27833bbe
aaf1e1307fa38835b1c442a2ffe5a699ec019c92,ff1c320b9b3cfaf122b94455869a6790a4387ff1,58146b56e4ffeb120bc82faf8614d2b0a8401f33
ff1c320b9b3cfaf122b94455869a6790a4387ff1,40233e1c2c03823ad46c987adcad7e314ba4c543,71434b2e3c142bb2ac2bcd7086fad0188ede2202
6858b4ae02f2ef90cfb4a1ab42dafb085a2f5635,39cd407ac3d994edd57940cf985a3df51704e5c4,e25a583cf17daa5bce856588aaaf473753f97d85
f79b188ed658acf9ff0ccd7d1ab40ba30b3d595d,c82d6df0293367f12b5c37bd26a6b1aeb012ddc3,39cd407ac3d994edd57940cf985a3df51704e5c4
39cd407ac3d994edd57940cf985a3df51704e5c4,708566377925d11634bce276033d84781979897c,2b2043488e50b51bf9d12c31542e4f3612a2f40a
2b2043488e50b51bf9d12c31542e4f3612a2f40a,8f746360e23e3bbacee134d07bde23037efed70b,708566377925d11634bce276033d84781979897c
708566377925d11634bce276033d84781979897c,29fce26ccb56daa9cfa63c166a8ac3e1b79a88ab,29b28801f4600a666bf8fc5af79159b2defaeaa4
29fce26ccb56daa9cfa63c166a8ac3e1b79a88ab,b3ca17710c18271cb64c809d86fd53b867f7e135,3d486c7afa82212a802f7e5998979903901ab58b
b3ca17710c18271cb64c809d86fd53b867f7e135,6cbd5e66cf623029f38da188307cf3a661ddd055,3624f7915eba2bc5412c361d125159bededafa7a
3624f7915eba2bc5412c361d125159bededafa7a,e8da5fd0e0d15044999c09cee506bb9a71663508,6d05d8974160b894dcff2ff0dcff8c5a87bb0905
4c9ad346ea7bd66397d3ec267d7992e6a471bdf4,448bd68e3bf0127c7bfd4b7d6e46a508c9a0b374,6cbd5e66cf623029f38da188307cf3a661ddd055
6cbd5e66cf623029f38da188307cf3a661ddd055,15e4ed7df215989141cd35b8d39b1a3f4b18fb34,e16ab25ad5d45e8ba15d4834b655a1f2d5559608
15e4ed7df215989141cd35b8d39b1a3f4b18fb34,07c0f4f6b21c9cf1ac263976f36d8dd163a07186,6e46cdcf0cf437ad8a633ac1328e37e2dd8f152a
6b7f8a84f0fa4a263e41f1428195c8e3d76b9e61,503b965144ef63dadc687f0e13221aebc2514c10,07c0f4f6b21c9cf1ac263976f36d8dd163a07186
07c0f4f6b21c9cf1ac263976f36d8dd163a07186,fb11922eeb97ef1b0c61d24801202388541093fb,503b965144ef63dadc687f0e13221aebc2514c10
08143d9f7f5db14d4b0d18de680e0da2dbbb795e,3bfbefe0b071643207d8310df8b479cc9ac70661,ad010eac22ca42eae28363c627f8b6bae92eda52
3ec389960e64051449cb1a979b5e612c165c38fb,f40bc845bac5865fd3f09dcfc58020ac35472c17,99a95d2556a9d24d821771457b590c0d43447f2b
f40bc845bac5865fd3f09dcfc58020ac35472c17,855715727a347d207d3719e3e3511c82ea630afb,577173ffbd1aac79998ab430de782c43fb8d1132
577173ffbd1aac79998ab430de782c43fb8d1132,3f99c98e58c569e43b0c13324704c8da5544744b,a791187bde9585cd2324e67429a0263a537f1feb
3f99c98e58c569e43b0c13324704c8da5544744b,5c5be18433f6a50674f59f59c6cc8c18fa0fbe6b,943a0cd469eca325501584821e1a39a0a994f145
5c5be18433f6a50674f59f59c6cc8c18fa0fbe6b,1bf661f884ac4f93974af0dcaf01c2c37ad4bfc6,6d214625cc48ca646456d7d37f722f310c121ccf
d7f40d6c2f4e96634b8bbc29afdaf59c883efde0,afee1322240404b4d10b4c1fc56f0f5324ee28c8,8779ba8493dbe20dc8ca4700eec0260a6ed927e0
afee1322240404b4d10b4c1fc56f0f5324ee28c8,f437b35c3a3f208576e0c2bb9e088234b8ab3ba4,b4c6734951436c3af89ddb7c90fa82ca11615154
f437b35c3a3f208576e0c2bb9e088234b8ab3ba4,8dfc4665a90633360ca2a53f235f95f4990d40f8,0c1e09bfa7d02b688759d17fb2c15ab043f884ab
0c1e09bfa7d02b688759d17fb2c15ab043f884ab,08c800c84b6d422a0ebad63924fcedbfec3b58cc,0df2df06dc08ccc08d0ada9596f927aad855eb8a
08c800c84b6d422a0ebad63924fcedbfec3b58cc,b13279dc624d955d0e3442144e77fe07e202869f,cf604b71475f2ec2b4f15ba04327b6a77cf82233
b13279dc624d955d0e3442144e77fe07e202869f,20c0a1e96d6760aa2f0fad5b9a4f77d6f6b89434,4615e4904964250983c6198f91c28505f403b776
d56ef6d44cc5cc84b3219649f7b0fae5baca675a,c3a69913998d0db2aeef4b2a10bf6dc8ef6e6ef9,8e7d2426c2d60bf17e077e69428281ab512ee102
0841b6b766f435b470bec696ac5aa860c47cf695,139384a1a7163dd9f5370622519d858eefb22e70,3a14aa9d6ff32d5584846971fa863e196f871575
3a14aa9d6ff32d5584846971fa863e196f871575,47ffc24c5c5dcb3730d448ce0668f471a3232f02,139384a1a7163dd9f5370622519d858eefb22e70
139384a1a7163dd9f5370622519d858eefb22e70,be72190a49306b7c7d8d5df6a98f11a73b169d02,4a367fe20f50a5cf81ad3242d27fc26f6a7e65dd
be72190a49306b7c7d8d5df6a98f11a73b169d02,fa618e5b0aa0ced79a507ba5a7acd6abf14493eb,b70cbb307cc5208efe44620a4428a76c29c6da87
83d16ffa416440111b023a0d61db6843b7a9065c,86ab8b7d739bbcb72617afcd2e05057340efdad4,fa618e5b0aa0ced79a507ba5a7acd6abf14493eb
fa618e5b0aa0ced79a507ba5a7acd6abf14493eb,42088f28e1793475409be6f05240a2930ff6577e,4873f623a215f282d6e348efce0584d5e5a849fc
42088f28e1793475409be6f05240a2930ff6577e,1a71257d9ae1242349e69a1dec7882b542f2b962,503209ac33bbcc716113cd454be69d03ac360eb2
1a71257d9ae1242349e69a1dec7882b542f2b962,4309608a1f0038525dd028ad50cc3299b008aa90,2de58b057f7a8fea00338466b1e4407acb9e2241
4309608a1f0038525dd028ad50cc3299b008aa90,6626d04f9d74dbdc3edc52df010ffb8a053e9b05,2005a233a11f055e93d979ad5977045b70a46cdb
6626d04f9d74dbdc3edc52df010ffb8a053e9b05,5a7654ebe59b941e238ee4cced32c836e0d8c3a4,92bede234b5dee0450176d73f622f138514957c3
a27870f0a39a33c5708127f74ed9e4a8f4c0ea48,f5de661b16a550de6501d10e1d043762bc88c615,6609daddf5ef7201c6405c06dc315d25dd680ff3
f5de661b16a550de6501d10e1d043762bc88c615,61b3b8171dc89ef9f9c1b042072a84da5c934085,ce86de5b5fbe07aa10dfde534e89c3fc080df491
61b3b8171dc89ef9f9c1b042072a84da5c934085,7d3a70bb1986b18b888a7a616ae6d09f97269fbc,29ba72dacf9d42a28c39e0b8792cb43e0990e310
7d3a70bb1986b18b888a7a616ae6d09f97269fbc,40ce3954a837f84e5af12b4cf356f28202d38880,79c5c9068e38d21ebda8c9e5d27378dc0659f7ac
e043b87727fd72177866349d13d28f7160879105,577a5890144a257008962fa1e5178a2e90308301,2099172dde276267c853910321b16f322e5b8fe3
10ab5ded91a06797f576c50ecc66bb857b8dc8c6,9ceed06f5912230b6b006c7464e18038c4a9c8aa,ca09111bde724dbac1ff8ffd60bc5a474ab7464b
ca09111bde724dbac1ff8ffd60bc5a474ab7464b,34f0bd5247b6f6a8ae9388738f1987764a24e5f3,d287f054e710ea3ce92a5aced2ae883f5e57895c
9ceed06f5912230b6b006c7464e18038c4a9c8aa,a7c91845823305eab58c18a82896a079e8252f44,34f0bd5247b6f6a8ae9388738f1987764a24e5f3
34f0bd5247b6f6a8ae9388738f1987764a24e5f3,9e17b7f9c3f65558ea89cb7416159e0ab729b04c,d4bd5e7850662961d4f34cf9a6db5a5fdc1f9c10
9e17b7f9c3f65558ea89cb7416159e0ab729b04c,b7b99531e0a2ba7ae39f14e673e8c621c9444209,65e73ea0bfa4e52f11f1e4aef827428acbbd67ae
b7b99531e0a2ba7ae39f14e673e8c621c9444209,fe54e7756dc1bb84746cec1b98d80a6af70a60a8,df63c44f03011b624c10b559bbe17ca9f20fe273
fe54e7756dc1bb84746cec1b98d80a6af70a60a8,2b764d1af9a75deab3f8f7c7bc41f86f8ab4aa6b,c61962813c7f0f5f89f865ba1656f0eefef9ba90
2b764d1af9a75deab3f8f7c7bc41f86f8ab4aa6b,b2284fa35353ed6c2e9cfecd60e5b013044c8381,c571149a82181c03ff5f5ae898990a4f3583bca1
9037ba32665e0ba1b757fe9c5f710ea4a6816db7,c75bbc240110c68402597c4823dee5b737abb807,ec2b826f64e0923345c418e202b4eaaeab412355
8f6e4afe846eb7ea360209f40d1aa1d3c993ea5e,880efd3ca273dcf872205384c6caecdca2a8adfe,483831ee6d5b1ef99e2b4030f0c6c45a710d7d92
09afab04efa992bffa5b9993e9a0e3c126f4c87f,764fe4081777b636cffc12975a1583a647e912eb,4b1d30ce827a411acf4d62000497aae22ec992dc
24958c2fc7c89d0e3051c135788a99169b24fcee,a97d26b2b8ab066be87211f4c4fb47c5f6077e8c,3e353523ef5f0f90b9930f70cf8f0761cd640ec3
d27dc5bea290de2402a0fea2fb3fec8d18349b8b,cdee2b54f7e02e639a9c5955a034a52e043f0c98,01c3b6e014ccf248d569116a742de44ebe72bf10
fcdbdfa77b90037d296f186541b54018b2ac51bf,f976bd92a6ddfb9b531cb10577777d7d298fa5f2,a04fdf6f7c5b243251a194c1b266870b65b02651