dfdda3fda38653c700e0f05a246c4f41c90af2d0,fa36814f64100e6ef38203b6a907a7644ebadea6,eb8659ea32d946faea285b982d5608a02e2394c1
809117ea73bc4f41eb2eedabe52118b1401ca865,af448ba48483a01c4a40fb8e457b81a2cd4a4e22,43d7a11ba8cd20d3a31aad72bd012b5b05faaf2f
af448ba48483a01c4a40fb8e457b81a2cd4a4e22,89069784bb46bfd6639b4a75e98a0d7399a8c2cb,ac88ece259ae33ccfabb20ac5468fcaec27dbd5f
89069784bb46bfd6639b4a75e98a0d7399a8c2cb,57cc6f7a40d18bc553ccbdb003bf616bca244947,ccadffea73b13ef90825144c748ca0076e7d4976
57cc6f7a40d18bc553ccbdb003bf616bca244947,cea728c7bc44c103e411855a5f911bc34be402fd,8c624bbda6ad4d4fce6b733931810518a22db1fe
cea728c7bc44c103e411855a5f911bc34be402fd,f6be8e5e287d7fce35b0c17b12e775abaf1ef53a,2e5acfe076667ebb96e2cefe174968eecd4a0570
c718541a4e5382926640dee424ebb1f6b64c818b,e640d0ec5cb7de39e3d1e49b0802a8f20f73cc90,1f4372299acc52580803fb746b5a6cbedb13e8c6
19f3c53c70d5589a6f08fa3fd0c9cd3630903297,249ac47b9c3db438db08b05dbef0824c04bfe7ef,26902aec270a3b298c16f40c69f4c1aaa041c58a
08feaf2b0a23db43ee310d01345ba87e0a5623d5,db1ed1c08f44e39e39d8b46e6228419fcd31caa6,b1f1b8fae35bf2f8a70e46f505001a964face01d
f1c874b2021c444d2b2595f2f0a1b8ad457f389b,343e6ac8bcb3ad69a90b2e8c37bf71796417f7b8,4757e7353fdf9e39f2e0f7ed2bced77fdbbb0d73
81052830f20d8c0267d22dc0db8d66b38986f4d3,3853d1297e5f2eb707ceca0be429d0b5cd80053a,7b2fd5dcd1ad50a253cf5713a5ea30e83bedb5ac
aecdf3f36550325ba5973e396a1a22b601574087,5116fec1abde1b70647a6c58a3e0d7aa2dedfa6a,1cf87041cc3f538fada9cd8c9e0d025d80a3f443
b32bd8b8776c8842962d901725b51df6db91a8d2,5fe8df2e0acc26c697627f21094bdc44c070cfae,233f685c617fb3968614248bf07e7f4551358ca1
5fe8df2e0acc26c697627f21094bdc44c070cfae,2000d2f5db66010ff1e911067277b33973e53661,a3ae3b66b7b840824946a73a915af0006780d51b
2000d2f5db66010ff1e911067277b33973e53661,8b6c20239e3b31d4b30fa87a3c520dd984f531a8,84d8d8c57f1abb42313bc77b95f64432b8bf7240
8b6c20239e3b31d4b30fa87a3c520dd984f531a8,88b3655829e7be43e31a54913fce4c2950439d38,73171766e7884ad7a86d9f55a50b7c71647b0eae
88b3655829e7be43e31a54913fce4c2950439d38,0a81308e982017d6fa6987c4277c6fc559ceb289,3241e8ed62611c8f0d8164aaf0cb5daceda24c7d
0a81308e982017d6fa6987c4277c6fc559ceb289,f2884656c053da062071103ca873f3b6a46ea942,8d76b87d656cd922299a3bb1f9581555f6c10c3e
f2884656c053da062071103ca873f3b6a46ea942,1357f63a1bfcde410ed9a04404d0ef65bebb2088,6fff6fa7076c701e61d8f4f74182b2d24d5e6bab
1357f63a1bfcde410ed9a04404d0ef65bebb2088,0155a70457d8ce4c1e9d891264baba2ecaa73af1,529d70295954eb102b82ac4b43724249f738cc82
0155a70457d8ce4c1e9d891264baba2ecaa73af1,78e443db0afb1889a9ec53c2ff94cce1b1ab017b,a6ca2ae9bbe36e733f1074e636d6c0d4fac59ce1
78e443db0afb1889a9ec53c2ff94cce1b1ab017b,5f24eab32db9b6e0e936f27a78f7810a660f397f,f4620b28ab1acc78448568143bfba8c10fda6954
5f24eab32db9b6e0e936f27a78f7810a660f397f,e85a5f778fc74e91862caa5bad2817d6bf475d1c,9f4c2384ea9295accf0143a7f8fce2941d1c2e3a
96d986f436a8fcbe24efcf092537e22bde59d664,6c67d07cc84ffa3ead9b0de671ddf29702e19e38,394dd7c8d26cd031da9237d591406f6f76c5e690
d63047b4ee74258b6f36f0ff1cc40280de3f7d1b,9d2681b0c4c02c7abd4a273b3188491840ed6341,f0a54d0018927f8f1cf85cb6c7e12a37cea49333
fe615fd5172749905d6985ebccb13003a45c8533,afe76e57f8cac7dbfc0edfda02d8725a70b1b2a9,3e3b64218d0a266a900cdcffcc7ef6b8f568aee9
6ee3ef7aa814a9b466f9948e5fd3d5f7ab7e97c8,a4ea05800d484ed54ce90f08c9a238eabb8e6cea,64db869bd4c1aae8af7617cfeb050f9567a5722d
8cf897cd19d06bafdf9afeb11f4d6f6106908f8f,d4fd71986e9b6acb30224c72a48f066fae6f4129,d06af7a3d718011c7d5dd37714790db796bb5dd4
d4fd71986e9b6acb30224c72a48f066fae6f4129,31544445569b15810b9b69eb218345b178be5799,24f8b913b9cf5a8d47f3cf29e5bb9b8171abc213
671c23ad50550bc72fde2329d9e13fae0b71667d,4bfa8227d97fa2f38f543ae5d71619152fb945d6,5384fa54b1da3e6a00af59c5a693c07b54105578
4bfa8227d97fa2f38f543ae5d71619152fb945d6,afc4bfbd42d17113bf816666a2d08caff82e5f80,55d78f7928754132fdcc935a9891ed4a7c754438
9c42a008aa3122acda68a6e5fde3be44db58fade,67884744c3175377d8ce48373d350ebe98cf2234,3cf597fccf78a35c1f1fd288a8386cee27c6358c
67884744c3175377d8ce48373d350ebe98cf2234,e6e60d5d5e039d48d84d83e06b18f70b828e03fe,ed881e3f2989e56cac5050ebb11ffec6cbf6725b
e6e60d5d5e039d48d84d83e06b18f70b828e03fe,bb626d1605c1f5ffe4b9cf2e74704b96a83f1f65,d8f166a9339a22f3991707058f45f532b98db9e3
bb626d1605c1f5ffe4b9cf2e74704b96a83f1f65,db087dfe13f2bf97d130ea3476dc8a06b322e16b,daa5b8ddf98f0c95ccaa10a41535b894e0b7bd7b
c17c725057b81c22193c8fc9db38e662ade5482b,32c5538fc5d4ce441ce3b3d8537cbff552fcfc86,2b31f6c07aaafce637be1dcc095714d5b7f9e4b2
e2adbc37f1155c04fe88499a0abcf899e55ba266,d3ab3c1fa77d502dcfb15161ecee5f6b0153af03,6c3b7dbf58be35aabb24c13b70bcc5c3254de97b
1e5122c023912203a39b86fe6e08dba013c252c7,8b2fad32f642a75560527c9f8aaaed91906846c3,4255d7d4a8d37e10e02056de6a6bb86ff230ac76
4c2b56096b7b9e0a2682d5f05d16fc00373e61a0,686e883d87d4a81b653c98c0396199222ee95e7b,5af929f0be555c2a142aa009ab46f4d1ab2b7b25
6a18cde7826ac70d448260b28c9b005008cc855e,34ec39507cc468f42369f39661d5a795322f7664,57478d86c787527d56dceaadbfaa3d91e355dd7b
32c5538fc5d4ce441ce3b3d8537cbff552fcfc86,9aae3b8d7e600fee1c36bf62fa43eb6294392fbf,42107e6feac8c92b5540390d31f9a005b34791ba
686e883d87d4a81b653c98c0396199222ee95e7b,f2767648e77949ca5346e8b0d9c4ee7ec00f8d4c,9e4bdd270d53c2ec101a99b66401eca733a563a0
f2767648e77949ca5346e8b0d9c4ee7ec00f8d4c,c559432c1957b9ea9ebc8e9194428cd065d5a373,7cb88ab49fa2f212a191d905cf0ad699068b19db
9aae3b8d7e600fee1c36bf62fa43eb6294392fbf,7bc97a1241ef4bff3417b61ed10986d03bd09d53,304bb36bbc05245f82a8a02f5c4e53e9192655d5
34ec39507cc468f42369f39661d5a795322f7664,9e58bbca31d283f50e8d570cf1293a66d2e7c676,376a2de60024ee118b4025ffa35f101615aa5096
9e58bbca31d283f50e8d570cf1293a66d2e7c676,a23f66d8899db327d8a80c399898907f42d31af6,027a0694f7a23193c4d8e34a3ff9ca355e9b05cb
f1efce7d1f9c1fa62a4733f08288b925e34d72c1,9219f54718ef8304195d61026db588fa7fb870ff,844cc5a52784b3d9886d36140f245a70944d51ce
3791aee9d6b07cc18f4cccd6df09d7b265db7711,ea5bd51327fce13ca7d405e717092ca894563d13,20a223a959977ef9831386ec8ef28ea3b7c243b8
9219f54718ef8304195d61026db588fa7fb870ff,609607b096eef5a424bf985097c1b1a9d47510b5,5a2272cab11ef43103b2fdebf2bc3542e7d74688
ea5bd51327fce13ca7d405e717092ca894563d13,b81ba140e32c9ee8c7680edecf1bbd45472c134d,b94c20b8da736e4088d5ddd7660de357262e9e2f
609607b096eef5a424bf985097c1b1a9d47510b5,f18b38cde595839ecc82833a8617794935eeda8b,e9657668a9c1d530f3a0f9aca43d2c5339cdcabc
1696cde273855ed5f188aca2c68224bd4c3c9494,94ffc35b257de9f13ba39004baf1ede2f1d128ae,5a1e5eb9c717b4210d6a4af77eca1951bdd9f288
94ffc35b257de9f13ba39004baf1ede2f1d128ae,25ad2ef946e4e0f64706c0843d894d19c285ee93,8c1f30b1c87d22cb9ea8ec296ed9bce9c19e541d
25ad2ef946e4e0f64706c0843d894d19c285ee93,3a37202dc526b65736b0067ed39a283cd54e858a,ba4a1a9d4531fb53b3bc31d9b37df3f542332542
2adb0b0807ccf325f3710d6ebf183e5a9b5f1159,8fcbd3671d5c9c611584501fb4f33617e6b259ca,19fc84007df7d00a1a808f2509259c6ec0a8225a
8fcbd3671d5c9c611584501fb4f33617e6b259ca,107ad1d3fccd1c7c1dd0ae7742b9f0348942901d,0eadbef02d3d4a8fe8c3fab6e9df932c33a85fd2
0eadbef02d3d4a8fe8c3fab6e9df932c33a85fd2,d2ba80e6e97b13483bf113514ec1e6d1b8f8a03f,107ad1d3fccd1c7c1dd0ae7742b9f0348942901d
107ad1d3fccd1c7c1dd0ae7742b9f0348942901d,50ed13e4eed2cbd684e534087fd5f67030ae738d,852a586d5c93864aecec23b7116257682c22bedf
f18b38cde595839ecc82833a8617794935eeda8b,6d12ef291b6dd9a272a07b756ad1c9120a4b6d39,e6f1805df014596daeb3d4d8cb446db71425a73d
cb9b737b9dbbb123566a8fd7ea5417855ef2aa16,700b46162cd32d1a7cf1841d742ea73a8f05ad16,0e1153f6101a58ca3909e65b12096f76a4d65d15
cdbc4a123ce22322f8eb81af63836342ce1f9c4a,bb7c02b07ba413fe32ac699d16710f735af56020,3d4f9cd9192fbafecaa9e6222a5865113cbebbfa
7f801319bfc298965999378396e22a43027257c4,944a328f30255285ca96dccf7953f6cf323c2ed8,1a990f4563c6d2733b38792cc0c140d38ea57d12
944a328f30255285ca96dccf7953f6cf323c2ed8,c91e99b78212e8e80fc0f624ccc6db79f155fe12,e11b60d8128429afeee1ab1161898ced16ee9389
c91e99b78212e8e80fc0f624ccc6db79f155fe12,e7868f0fb14ea61e6116f0bc8be3c50902a74c52,da8ec1e4ab76993cb434a6e50a671d77d35ac5a6
c8d519981551b5a918837f557640c0e56ebb95a6,cd8d397e63453f49c8509bb4e90a380cfb1662fe,15f8a30cd4fcc39de7e97cb2b4b1bdc69c08799e
eca46dbd8502c6ac3a8df22c49767b1bcdcce252,2f72cd4b7d889a6249ab0f6172c90fbe9ab86260,51de67cc739f606a293dbd41464cd5919f3b7faf
cd8d397e63453f49c8509bb4e90a380cfb1662fe,2137089a7058c606ff8ad3c75479cafda9554113,5a9c0991885b3980812b31a78a8c827f9364e8ce
2137089a7058c606ff8ad3c75479cafda9554113,f2584ade24a0ceddc9fa4f24181fa3bc49473c1c,fbd02852a3a804162c9d9369d3cbf1bdc1a472cc
f2584ade24a0ceddc9fa4f24181fa3bc49473c1c,d867095f509482e4a7072ad7e68894614f4dee38,50bfd14968fa8dd1ca51d402f12b7bdcb88be48d
2ff53fc4486273327482fb35df51c4f9bac7ad8b,89286e628b124136d90d69f039ac52beaf7a89eb,42cd2e584f90e3c5ae439d1e93eac5972228449f
d867095f509482e4a7072ad7e68894614f4dee38,b7c19695e7eb497f2fc3d67bc27f1324307b291a,e51bf20e72f1fc1e198390f45499d0f33ad768b5
459925eba7023d4a300f9d2e945b94e778e1bc82,6614a436586b76fede99804a8fe02b89303df89d,51a986d0d4916d0096c47de65944ea0054524db9
88fd65ae34e8aee874507fd350922d00d75fee36,83da088024cf0ed281543b632bb30218904197b4,0aefe8fc0e2191c6dc9bee359034b15b72394fd7
a5dcf9cc24e73017a1786fb0223cdaead70c6ee5,bfd1e933250d51794372d3a2eba169d94686eda7,484c8985eddf4c136b7948f19edbb5e5f64460bb
b79034fbb9005c054863f788c4aa0daa99203fb3,eaa05ac6c19064cdf4a3094d9de01b7e60fccee0,452217e9fa3d49d0b00f42d80755047a738b290c
eaa05ac6c19064cdf4a3094d9de01b7e60fccee0,8f0a3d727e4d2a875bb80635dad088f8771a49e7,0f790f4293df70bf5c85629b3f5208f45759ac78
8f0a3d727e4d2a875bb80635dad088f8771a49e7,b6a524e6b489c03b2f8f7b91a3f5cd66fb5d885e,4836a0cae99d8c73f235c80a08ce133a53a243ea
b6a524e6b489c03b2f8f7b91a3f5cd66fb5d885e,302c4ade51770be0708ccac832171abd0a12f466,43d00deb88193088f0693b3691ee05fee6aa8a0d
7e5184d342516b90b9d788ab04514b7819f83439,52463dea099f73c5fcfa4858f9a89ff91f3ef147,8fa1fd55e9c85981bf62c5e3935974eccdf757b7
0c5e45735972d2ed15648e9f6853ce2e08ade22d,a019f887e9b5b84e029d980a8ec48613602e3503,bfa42956063b27356c645d56333077294429e9d6
9b8b66ed83cc8ec6ca51a5970c431ece3b342255,9cc3dd4c9218656be6585206702f0e94d184c555,50b0186c06c803d7accbb46b6cacb2d94b50dc07
6e1a994c26994dcdd267a56b671887a39b7d458f,2ccc05cb984c926ea96eb82c415beb4b133954ec,889b54f309fe25a9abddc955e15f4cbaf6027b76
1e166189baa2e0d7eabe179facc45909ba4b9fdb,66310523d16a1f342f3da2aa49ea90d927fe7d46,5d13ffda095dcac34bc69c02b3edba4b698706de
9010269236dc611f884aeaa66c9848ddf9517547,31b6d5971c8ff20d338b40b13300500ebd1bdf3e,aac254d275eda504c817a84fe8af54b1eab08ea4
31b6d5971c8ff20d338b40b13300500ebd1bdf3e,490f63a8381ab56eb7c27bd63a67d05ebf6f3524,304b6393d424b8f886a599a40e8cc0c28fa2d1a8
8531534241349865e0225fdbeea99b806126c46a,45fe5c37ccf1ec3fdfc7ac810ba7703ceb0bda08,0993621bb8b071be969642c09751815e52af7346
35b60d8d89f9be5e4996f9ab40be42f1c74145d0,63b4d37207bc64e8afdd977cf7ac49a3278a8bfb,2817936b877e3cd288c8c2f3fdfe45118d724c07
63b4d37207bc64e8afdd977cf7ac49a3278a8bfb,793268ed54551165f38343e5828490fb52e149bf,7acafc26d6207e44794b02402cdf6b9f66c53f01
793268ed54551165f38343e5828490fb52e149bf,298982b5228492036a3242549d629be97d8deffb,a4a05a5413cfff8e56ac54ba35cb4eb4c27b8b57
298982b5228492036a3242549d629be97d8deffb,9f2b3d1cd49475ab82a1310c52285bec03cd913c,800119fc926bea03221980e1aadf1aaa4028c54c
9f2b3d1cd49475ab82a1310c52285bec03cd913c,749d46930d8c817010406627fc1f5c76c4b3581d,725fc26880f5bbf47e4f3cdef440578ae5c09305
022c5a8401ea05806748e12d0b331dcf7c2f8f20,9c9cd8164b937538e959475c3c514d3cde0b5328,50fd944a62ffe1cf727f15f0f8fa98422b46ecd9
9c9cd8164b937538e959475c3c514d3cde0b5328,2c9d847a1d3e9cd966a0fa3f5f323649058843fb,8744449016d292de7703ef28a7dda478441e5514
a23f66d8899db327d8a80c399898907f42d31af6,19af14516614df79c25dc8bcf44495ecdfeaa003,a1596bb63c69eae0fafceb3a3f9946b7f383fa22
19af14516614df79c25dc8bcf44495ecdfeaa003,4ed81be0c681fc5c0576dd45ff69679966343633,95f46930a5076aa68a6adea9bd1f5fa5c0851c11
4ed81be0c681fc5c0576dd45ff69679966343633,d5fc402a895d03d6a83c6196bb06d7831c911c42,1c62adcdb6f09875434de2d886c23731a0bae53c
2c9d847a1d3e9cd966a0fa3f5f323649058843fb,833f97198ecf2b8e44549e8c3c8a0318dd09856f,816cdda6bb0b6211809c17d3e4a5dc98363db98e
76dd50458984966a17d63f9ef49e31040b71bbc7,c65cdc8699b13bec5d42dd20312efbe17adc9aef,938c69c8168bd622b0aafcdc0d030cbdf2513b84
293d5cc02b1232d0785088e20a311b2bcfc31265,87d21e7968c50d5b9ed38a8be876c5d18c6b3358,dbb302f22a44cb8e903506e61bfda6c6b0d503bf
f1e04e5629a0ff51b6abae5bfbe60200e556497c,cc913a728a442651c68e40190f4eda79d73d4a6f,f8c179b153689976f424c4be0a350aa7f869ec5c
cc913a728a442651c68e40190f4eda79d73d4a6f,463584ea103a4368972b4f5a66ee1b6c351dc441,9aef3b7f1d56427245939f5fc7bf41a5a3bf696e
1080cb71c49245bb37cbf0aa1ce9a47a2506bbd8,b4aa90b40210b6781c8456215fa69b41a4a2241f,39a295901ae886de6f7bc39a64e997b9b955257b
7e55b0b099ff96c78ae00776d1307116074cbc86,4d59d266c196839a7221a9a1518d1d5ab657930c,b4aa90b40210b6781c8456215fa69b41a4a2241f
b4aa90b40210b6781c8456215fa69b41a4a2241f,4d59d266c196839a7221a9a1518d1d5ab657930c,a1ecf8a413724ed0b173d92c2a46dbb7fe2bbe78
4d59d266c196839a7221a9a1518d1d5ab657930c,3838a3b4fb686b75a8cf829de35325ba18becba6,7e0a2ea4cb15fd7a962cd15fe0eec3e974f00a3b
3838a3b4fb686b75a8cf829de35325ba18becba6,9dab389b5085e1f0a8b8fedef56c3572be01e92d,7d748ae15e2b6e5f0ad810224735113a55c85456
9dab389b5085e1f0a8b8fedef56c3572be01e92d,182d92f9bd9a719cbe0aa525c1e7e1ec29874389,260b4adb8c135e6f4cf8f40cd827f040250eb610
0b22127906511f319d74d8df01fcbc54231ea28a,0b0b5078272f159d7cd42b32244940645460e230,f242e60c1ab4e8afb5cb469f2234ea5d95e8313c
0b0b5078272f159d7cd42b32244940645460e230,02dc97e4131b28ed263927b68dc4567c26a4db26,16de28994205cd68f3e7285f684dab1fe7cf4859
df1a87eb4e0c67144184f982aa1176de8dc69392,f458114c5b2edbc7c6ca778c7e849b1349957497,e203b1aa9a810c692444a10991690b34aa3e9727
02dc97e4131b28ed263927b68dc4567c26a4db26,703eae72eb219e9d6765d05835e4969f4fda8736,fc13328e2ac1d104871d9ef30c0bf395c07ca379
9c9f3e7055b0b73f36b34c6b9e2d7aa6eaf744e6,639f7939a31bc79dab55ede403732f81951b4356,2f6d680b6c72cdcde66775856e7f29a847cfc03e
d5c13603a06d3eec128007bfb9f2e65a085c9f43,dac055e2ef2e262137118cda66a12dd5af36f61d,aad253bfadab769005c594a8ce33aa54cbf48c5d
8bd6c4a33564738288cb137ff1219346c5945def,29eaff9edc2a9f183d3103015f3aa6442405a21a,45bab9fe7106925fb45a147504b0e2e9a24f090a
29eaff9edc2a9f183d3103015f3aa6442405a21a,08afaf7fa57a9111c621f8220ef9945895ce9431,a464f5a88e14b2c4c1fd97e79396882b2a192e0b
08afaf7fa57a9111c621f8220ef9945895ce9431,514eb8f0e38fefeaee6a795a28c277db67adc642,962a565d30b47a5b1beb500749b571412f1ca1dd
e548d8b1a55be095abea400a0356c8957d706f8f,7db50391f25aeee5133d77f8628017f1caa12c7e,92ff0fe6247c6671d955c4c784b8b27447e4333d
7db50391f25aeee5133d77f8628017f1caa12c7e,de6f341f41fea3d4202843e357aa99a83c0fd8ee,8b0d55a72950b42e748b4152231d7c028894a19c
c9fb530dbf05069d94c43f7c83d243941b30331f,52a6836872622c6abbf1a890704c8a6d49254ab2,836bcd09ec33b9b15af301afc6139b21f129395e
52a6836872622c6abbf1a890704c8a6d49254ab2,b26c072f0db054a1902ec4d2e3726dbf8a1c799a,c00cadb37ada437cfa0c428fe2283bc0374a81df
4aa0f567c3d3275693ab45e643de17ceccf42d43,3df6144b77e1ae7cbf74699082d1fbc2e0fc28fc,46560219027ba482b665083260425fd5b6d6727a
6d335abe214ec06eafda8e708720e510bba25fba,18b809314c28f7572f40239b7ca3de5410579e53,179b8a28b41bda716ae3f2d5323d9b21b49043ed
893ff3e9d7a469e8a23a8e47bc583c7c0f3d16ed,d3c804210264d6aae629d6f6f0d8e49fa5d53c0a,eec9a3cb8fc27a567cc6aab79f6773c7d00a4dcc
d3c804210264d6aae629d6f6f0d8e49fa5d53c0a,e97bf479fb804f57bb1437bf4ad14ce2cd2bf837,e590b44c77ead15ba60f71a03c5688fbabe53a2c
e97bf479fb804f57bb1437bf4ad14ce2cd2bf837,ee6c483dd483def1bb208adce2c2b04cb5e49856,fe2f71c9b89f650bba107bc221cf730c6bb5ab26
ee6c483dd483def1bb208adce2c2b04cb5e49856,fd4d68038bb8f96df4d16d70f38d6075ddbc0195,e83ab86f1f4f39ab7571da79cdfbb16cf6e8ea73
2d149f3a09dec36319443feb8ade32385b2bafdb,615eba3b40e17d0c7daadab012a32512ce580cee,dfd2c7a3d227bdbb404cf94cc32fbe5f79b47019
75ca72e3a8d8e51414d5f285c52cf40509fffe67,5eed363e102856b8bfb2884dbb173b973a977860,59d26c6825364f6b1631429274b43a10157e101e
5eed363e102856b8bfb2884dbb173b973a977860,49b2fdbde9c4abc7b74bc2e1cc91ef0f37e515c4,09ecb80625b5ec8c5d82f7a3d2ff7fa8981b0b41
49b2fdbde9c4abc7b74bc2e1cc91ef0f37e515c4,623f6e9542e4bd6681f6b9bede4f749adfadfb39,32356f23d39ed19d4cdbdd2eb1016f0cf2a09ffb
321ddabfd565e211dd58ce5692613b322ae6372e,bf93a6a1ab34dfb22bf36893cfc17192d536a086,06a8f2afab70d7c2c14fb90e02c4052006a94880
56ed46b99a9b0a094e11a35e7b0dcf29ed622c21,cc04530c4a6aea41f4207a097afbbe5f39c5a067,daaf21a4fe8d98680cd31d3246176a3b7e0a8a11
daaf21a4fe8d98680cd31d3246176a3b7e0a8a11,2a2996c22b5ef156206ab5b0936f569124d6f192,0b6f62977aa16c318b8259c2b65e7961603454de
cc04530c4a6aea41f4207a097afbbe5f39c5a067,2a2996c22b5ef156206ab5b0936f569124d6f192,0b6f62977aa16c318b8259c2b65e7961603454de
2a2996c22b5ef156206ab5b0936f569124d6f192,23a81b312176433b760b9bf055140142b48a93e9,254aba0995e8534f65da75c5163c911d69fe8d2f
23a81b312176433b760b9bf055140142b48a93e9,d1427e7d2e3aa7d8d1dab2a30605292ea7d7b9a3,c4659f816f98ff5a14c0f01a3b76213eedbbbc0e
d1427e7d2e3aa7d8d1dab2a30605292ea7d7b9a3,8cb41fe5fb30ea33b2ab4dac1561cf78caf913c9,5584d1062ecb1ce85cc28a0ae07f898c9701bf07
559f50a3e3d9cb3b71e471142089b63a4a4bdbdb,c385c08e2fee72b278cbf373925cee01c6bc5bf7,adf59d78d73c40a0cb5e44cfb90aa847ef735e44
aa1f819c0da2b81fe6fcdc55cf7155ad4116cda3,4f838685d6ecd521a372cb87108ffbdfaad1dc6e,5a8cecf4995dcb632d726eca29373100ef35a143
79f362abee69f0d422f3231b5f3f17147ba6c58d,3309e9f53f4e201c735faca9686782f90b0b9650,42db74b5228b6b7c7a8bdc260ae95655339755c4
8cb41fe5fb30ea33b2ab4dac1561cf78caf913c9,2a01f178da5f5ba643e697d0bee95a6c2b3719bf,cd893fec15561833014df8372efe4c688e45a84e
3309e9f53f4e201c735faca9686782f90b0b9650,23c2e82c9730fa6d334b2185bd03657dc44b05e8,ae3a0171439fb0a131fbedb82499d18b4cb7310e
76fa7f5200f03af0a923811313f6938f655fbe4a,8e283e43db70c99fc51b99f32b594085b73f2018,7a0a86d51c05f4f036d0e86af8c91080daf4ba04
8e283e43db70c99fc51b99f32b594085b73f2018,5c3e69b045aa3d55c57266d3a01da88b853af6fd,794744d5a3d84df90aebf94fcec4c6f39a050d7c
5c3e69b045aa3d55c57266d3a01da88b853af6fd,a5074eca7dfaf3f9106b60f9abc2904b3dc79625,9cbd595cfdf63c1e7cfacce4f96247e109bca89b
9386b117c11f08f62e743e42cf13dd1b50ae71cb,7738248230a51e74c35a2e4283affa8f39453e2d,85f1f808d3daad07ad823ea805f1db2f2e648743
6dbafa22bb873476c92c6fc6e21b9863ba964952,a45ea6e1d8672d3ae2ee893b9dd26bcd398c9eaa,cadcd37681271a8de20727f4101dd42e793f7cf2
8df1f482260d9fc71b4f9183da65aa2787fde522,c09ddf6de114642b3ae466f6404943bc2c9dd512,7dbf332a94b4379d281f0f18c3166c6980449d2f
c09ddf6de114642b3ae466f6404943bc2c9dd512,9b5fa99d6a371598ec868fd83a4b8c0ba889da01,b9abf32007967d7cacb2454731382cf62845fcc2
197b41d97ac4425978c7b91ad01086d8264785f0,7b11a57c6f834641e3bd92b9781f262be1329700,17bd60e3e9d78638a3fdfc03cfb090b1e269f6e7
7b11a57c6f834641e3bd92b9781f262be1329700,eac7945faec914a34235bc316dc7281a09df212a,1d24e82276ec7a35a7058bf43a8e468d34cd7159
eac7945faec914a34235bc316dc7281a09df212a,b9478a1f65b2e34fdde3780f459f58b4ff48f94b,1177d2263fc63f37e6e2a8d86a7c0d116b49ea37
b9478a1f65b2e34fdde3780f459f58b4ff48f94b,442aa72ccc1575e213ed65aa522383650c2fb93a,025cf916796f60f6cfbb0d96dc3c2881cf4a4d59
6339ba09f00e2e23bd670dda158024cc1c5f031f,44d23097009c4e63ed3df3254ed3e7d4cb60b073,b95d5f9f231a14ee1dc5d92b5bef447caed8d855
23c2e82c9730fa6d334b2185bd03657dc44b05e8,4812c380c4916a376187d696f76175a03ded9a90,7138d3518e1b3ed2f1f7d5863d444218bd32fd18
efe3a78499a7c75c02086727b867ab265537e6a1,31969a49395314798f5fa7a95d2685ab0e1d61c3,eebe115b7881c903c1f6da9d5f0994765b60374d
31969a49395314798f5fa7a95d2685ab0e1d61c3,7a00c5ac71b06045cb0427eda7ad80b78ebf6729,23fbbb51915d532a23ce0faafcc140663fbc008e
904ae3eab74497764058d59cdcf132b113c18296,0e833c155aeb6cd4de871e18dd69a27f39f96383,a5c49d89d58f455dd0d19a5671ef8fea7d5bb010
7a00c5ac71b06045cb0427eda7ad80b78ebf6729,37b0a5c04c693d2fae7f7a92fcf86c887033637d,a58b1ccfa52a3b95e437ba52b993780688d47637
37b0a5c04c693d2fae7f7a92fcf86c887033637d,635fa8473165401ad76f5c890409cd776b80d696,3fb4f60192a7fe42d60c385fa30fade9212bbfcd
635fa8473165401ad76f5c890409cd776b80d696,70eb9f0678b434fd9c838d87414f8f8110c91ca7,410bf4f0cd9547af9acdd6b7b72bc37acd6934e6
70eb9f0678b434fd9c838d87414f8f8110c91ca7,ac29e24c1b22604014ba391f4c1490be8423be78,b9de179fe84f27ffa661e5d1139a5519bdde3b44
1b8d5d06489ca0717d8ca62707b7d52791547342,03f035cdf03ce027892a46d8e0f731dc9b950561,e8c071304c4ed951d508a41d114e769666d7a02c
03f035cdf03ce027892a46d8e0f731dc9b950561,ba33bb6aa4c0ff24b530711f01c76421e1d079ed,ac95654409c6f32dc336b97e1f547e5cfd374e3c
2898c0507edc014120f05a3ba320ffd44db7c700,d59edd6cca84040f8fa98c2e80368978903dbedc,0316fedd4c71b2914b9efd98904f6aa3e46e277e
d59edd6cca84040f8fa98c2e80368978903dbedc,5247d93d7b54a34c0db7a8ba98959e8ee27ef405,74d568b1e7ce532f164d0619b952614f03db6ff8
bc3079332c431f1321e999aaa938e559487b59b6,9e7b591c7878f7271d2287b1897e3a05d652ec37,42f02688291e8df8f0e382b26a903319f1028daf
3c0395b19fda9c907ba5327744ec9ec2ded3613c,6280611aea6167592cf9c6b6476d3dd8dc99dbc9,2d94018f12a018dd1d484cb181c77e9283bbf76b
9e7b591c7878f7271d2287b1897e3a05d652ec37,78bbf1f04ff74a86bdf7f7d6a68106f668bedbd3,b6107a1198b50fb800f72056ba24d3495909e360
5247d93d7b54a34c0db7a8ba98959e8ee27ef405,4e155caae9db775ce50fe5f5e9dfd7883a3307f5,bda53129179115f33dd40941842a118b7e8b8a2a
4e155caae9db775ce50fe5f5e9dfd7883a3307f5,aedb7e44ba06088941090acc9f12e5af74fd006a,cc63a633b5da6afe2d817e88b483f447f72fd630
aedb7e44ba06088941090acc9f12e5af74fd006a,c58109c1b4eb4c4cdf7ca3f710f177385a0e1a32,22eef989f6be33a2d3342a99d5e5252d7a3a162a
c58109c1b4eb4c4cdf7ca3f710f177385a0e1a32,edf387363dc74cef138f7a3dcca305c0d361ed39,2167c7b6d4aa1566b7b51da95d1ebdb899d9b9c6
14ffb7443fe7adc38fadf80249d4b3e7fcbba7fc,46b8069c6d1507fdd33de890cdf16c998ecee549,c21ba1e64c55f3ab7d33365af5009ae1670297e8
46b8069c6d1507fdd33de890cdf16c998ecee549,73f329331482ed445867f239fb3338ab72d197cb,2fb697f452a4f1d91e2e6b06ba343e9c168d07af
73f329331482ed445867f239fb3338ab72d197cb,961d1775e57d4dc7dca0f50f243a4a3a243e7bd0,53fc25550bae17723803ff2b40decc78355e6688
a90cc018ddbd9d13f09aeed9216e6b9e02fb8759,e06f784d357e6be12b7cba31a058b379c0395862,dcf7230494ae8fe2e0084ce0003dd14ce1b697c3
e06f784d357e6be12b7cba31a058b379c0395862,86d579a7ae350aa6e7617c6ba9edef17ac62e1f7,5ce1b6a4c1b79cb3170e25ed1a0b2132dab88f7e
86d579a7ae350aa6e7617c6ba9edef17ac62e1f7,cd541c7a204a545a38996f98ac0bc5cc615f3ffa,d031ab5cebeac136f0ca4a2d2dbd4d61b449f6e2
dcf7230494ae8fe2e0084ce0003dd14ce1b697c3,20aca45b39c9363d00a3ab94ff5a2ed5c92e178d,5a5cf31aba1c17cd6d44d63704566c038eefb940
cd541c7a204a545a38996f98ac0bc5cc615f3ffa,3074711828cdbfe7a8660e5cdc72018bd50d2a05,8016bd4e1fb6d9de5afaf0b4a63deb353133284a
3074711828cdbfe7a8660e5cdc72018bd50d2a05,aa97c928e99aafeb6a4e36ab9759eec8f148ea32,7120ad50144677fcffb31002caf18c667faf486a
aa97c928e99aafeb6a4e36ab9759eec8f148ea32,1af09da2aa9fabddc27bcf259ed9d44908da6209,5b4d6f2feee3b65740d1eeb11936279397d72c5a
0e833c155aeb6cd4de871e18dd69a27f39f96383,53d3ac570e807e3d32255a7be2e2ad0ca2cd96bc,9ebb1b17d1f74346240b147559fce067db634ccb
7120ad50144677fcffb31002caf18c667faf486a,6286cfac287be463afe77b64a689bda60dd9775c,1af09da2aa9fabddc27bcf259ed9d44908da6209
6286cfac287be463afe77b64a689bda60dd9775c,99b0c8974b4b69b6dc4ca59670c45ca832b3f48d,634ed4a341e2cb5cc21741672bbe12c4e35736a4
1af09da2aa9fabddc27bcf259ed9d44908da6209,5316c2479e4cdc4937ec5d79d3dfcb9ce7a11b46,bea533acf87903d4b411bfbaa7df93f852ef46a3
5316c2479e4cdc4937ec5d79d3dfcb9ce7a11b46,9895f8c71e4173635a90e23507b969b47c61b772,9749a398c05a374d3cb9ec876ca9303b85de56dd
6bbb9ec9569d7ae35ec3f327a443b69298759d72,630556f7fed05ac02b381e4089f346a50bb9e1ec,32a79c4fa158dcad7755fa8f528b1ff1508c09b0
eabfee6890b9b4c2cd0454503dba6aab3f32047d,a19ad6663c7393fc1a97b3bb241f65851bc13352,6b9b2831497060fc90b3b484607b35f6c70d904d
93d03434ebf03a43f731e89354aff60a678d18a7,76fcd341f615f32d50e6052a929ebb454fa056e3,cfc061c960c28ffe5a9b31c1a198912dd897b023
cfc061c960c28ffe5a9b31c1a198912dd897b023,09bc1784e411ebf5743e8c0ba2251fdec78740fe,b049bdb33f7b3e76b6b35c9315ea728387d49be6
b723cf92e77795916cfa2260b09c09f5cb40e6a2,9aa6c2bd9ff7e353c609211b6ea8548f8dda5ab0,3d7b9f60da04229b9937cbe6a37645bee582489a
6280611aea6167592cf9c6b6476d3dd8dc99dbc9,1099e786dfa9a9cf8724a3875778d7920ca52b69,20c0e6e12be76211aefea7209a0433393b6559b6
9aa6c2bd9ff7e353c609211b6ea8548f8dda5ab0,523cd421b3731dea274c4287a4d6d6704686b194,4450cce0e935c7fdc0845666aa5a1b20a07f7d2d
cb8b25da539a49a040668f61040653e61de1567e,c517b98bae0bb88f315e7e2621b552f466098d4f,ad31df09fb8e6f0b632a235f1f037425089f169f
c517b98bae0bb88f315e7e2621b552f466098d4f,d66876a9c98def26f2a15a8749b0501f8985f82b,a1154bf383e8bc3c3591798871fecadda5679728
d66876a9c98def26f2a15a8749b0501f8985f82b,b12a58632d34327cd11b9634c899f5c75c53d2ec,1831e507fe4a6028519c3813f30a50a46ba31b93
74bce91db8c1db715e10562466f394ab7b18a2e0,5dd07757374084b5584a008aad069133a6d5fad6,469b74ffb38d61454dba2d73beeb80c270bec20e
5dd07757374084b5584a008aad069133a6d5fad6,aa655dadc4a94195149d1403bad3e4b71993a971,33ed5402f474902c6ed659196a357b37d747b87b
082802545020609ef51a7eac2f2843be36ce9c67,d9db3b695ca76b5b4cb968173abc6b335eefd5e8,c3e6199ecf14351be89821173ff54735d807ddc5
d9db3b695ca76b5b4cb968173abc6b335eefd5e8,05ba2ee2f2c46ca1f28fd385fe1d39a3ecc7daaf,926b9e0bfd181e3cf4457193241d1404ab896f4f
05ba2ee2f2c46ca1f28fd385fe1d39a3ecc7daaf,cd865e0a0a5ba0d158b9ab0ec60317a55b3afcee,08af876e019578f194bfa37fbc63fe450c917b86
a33fb05946067adece2d353eb826d2db0ee98079,de52fa564bfd2873b6575208e7a84eac3b0d38e5,3dbddfba41af2e12cedb9d481b9a8fc07661bed1
de52fa564bfd2873b6575208e7a84eac3b0d38e5,8e13d406d44ea00655bfe3b9fb7953a962feda97,fde7965bc96154d895bea405d0f450035ae41a1c
8e13d406d44ea00655bfe3b9fb7953a962feda97,c9cf6d157bb4509ff9c17679bf7b569ae4cf0515,504f738cff744984a015286f42f2169b6cd13aec
a1154bf383e8bc3c3591798871fecadda5679728,ea60442fd6b86b14be725c0c4908063d7ccc2125,c9cf6d157bb4509ff9c17679bf7b569ae4cf0515
ef2f637d01272341b2d86e557554d643743fd7fe,703ac131859d348a185cfefba2890ab223a87dcf,e6cb497d1a60e07cf5778ec8c1531847c31993af
703ac131859d348a185cfefba2890ab223a87dcf,3d64222655bfe04047b348c8d80e990a27c4f90a,a3e1c8695391ca36cc2bbc55c16d4e7ba5348729
3d64222655bfe04047b348c8d80e990a27c4f90a,5eb29fa99c4a9c055dbf5f4496135012f21ac1d6,40dbb0ffaf1f4d0238c6bc51bf2c2cb491d79828
89c2a6400813e7cb64d45b3f5d15112a69d16116,f739a1141d7288633c6320ba0e736f15dcacbd62,c1f992b11f142222dc768cfc1fbbdcce7efa6960
d78c5fd7c2079427a7332e606bae38e72426cdc4,3b98e4962a630681237ad44b3668eda298a7776e,f739a1141d7288633c6320ba0e736f15dcacbd62
f739a1141d7288633c6320ba0e736f15dcacbd62,9c404185e80c13e3d9813319d6275fcdeb3d333c,14dc86e9ea2d70f4d91e7bb53263631d2284a9ae
e3d2949c4687ff0dbf8a3e118821f598e148f0bd,6eb8bb62416acf1506fb29152bb2787df6ec69d7,53f563ec085e790c86529327030cfa1d9ac80294
9c404185e80c13e3d9813319d6275fcdeb3d333c,729ef0190e7ccc9fc7a69204b066de5eac82e183,3044c16ce151e4bdaf512dc25671ed2002823342
3aab16f6db5afaa8bbb19973a60aa11e42b60f81,0682882ac12f45796abeb0391b5f956490aeb02d,52aa87c145d03d9b44f8c5be68b4d6250fcc231c
0682882ac12f45796abeb0391b5f956490aeb02d,da46cd78a397a13c53732169b4deecc43b29c7a4,f3cca3483d1b93abb3adfba80e4bb9072f0e92e0
da46cd78a397a13c53732169b4deecc43b29c7a4,634ed4a341e2cb5cc21741672bbe12c4e35736a4,b11ef97b7d2f3e9adfa6420b3f26d5b309f0b529
53d3ac570e807e3d32255a7be2e2ad0ca2cd96bc,597853cd6c9d61a9d66c924c317059384e785fe1,237022baaef84ec00f7237fca8076754c3b7a2a3
1bd6568f94046a332d9475fbe908f1305ad29dda,ab7e7ac12aa2e837753d93e153dfb678e88f02de,4b2235aef2bb1fba420a415b6a95ca359ba8711f
3aea5fb704298ba7c49b825c9f2ea38b245ce2cf,a74b92517325f7f46797ebdaa3d630c4019dedd1,ea559592b536a5ac003bc8cb89746843f673f480
a74b92517325f7f46797ebdaa3d630c4019dedd1,e84f71cd378767b7731a3cbaf03a6d46c497ffd6,bc6428536c63083230623f46e0c9a862ca63114e
4d3e2f4fd37761c179d468ae132135a686bb841e,8992c74d32dca090a8a2b3001e9cc0dc59114598,a3430f7ce6856636569904a2c34bf0a0f60fb19c
8992c74d32dca090a8a2b3001e9cc0dc59114598,01f56c515b1197d2c238546e8f5c4436c500824d,d68d2a4b1813d54a0d8ebbf6341cfc02bbb550de
d24da615b320f04dc9652f1e16494e029fc59ee6,747cbc14420e5f73b74072ddabf39adccda3db7d,84c693ad22ca7b1faf360ffe73afc571a9221b6c
722cc54338c8504f9e4b8b8ee0c1ce24740e5c16,1d079c08797b32267c5328a3e3e44f0d966e9a29,21abf0d215fbe10481a58d5bd9ec59729b03177f
b64d8bfab32b1c7112ce024879b0b7f072c5f80b,b41c8ad364e68b5fc4893570aab301b62f34cb03,7a501164a960d6591910c8d1b27e6a53b7f8a480
b41c8ad364e68b5fc4893570aab301b62f34cb03,7a6fb4684187b632e94c52151a6a95a727c01574,03c6709254673a6f626b72cceed2669e2d17393e
7a6fb4684187b632e94c52151a6a95a727c01574,5b434073883344b87b89b057fbdba9d95e41789c,62cf372d816a06c93ec4209fc5e716d68430dbf6
5b434073883344b87b89b057fbdba9d95e41789c,0e05301588260fec082ebb35c768d94a926985d5,57ab7ee6f26f9bcad4d70010084d765bd013b718
0e05301588260fec082ebb35c768d94a926985d5,d3991ee672bbacba2545a602862721fc9bb9615e,94407079bfcfe09b22dd0e2562b036b4c5e70679
b4603069bf33956c4c1931ebfb6f3c92cab4e5aa,6ae2c8497f9248aa3634f261e067ec26c88a09bc,60c522a69635a0d3dfa99226c661c869ad8535dd
99b0c8974b4b69b6dc4ca59670c45ca832b3f48d,194a09f21d4bdd63214461b86d193d30ea2ce463,6ae2c8497f9248aa3634f261e067ec26c88a09bc
6ae2c8497f9248aa3634f261e067ec26c88a09bc,01b7509e617a8537c0326d95536e7addd5ad14f5,3207365e3a0f89776b234a986e37fc7d0489858a
37425713ba94a09d6339465910a450018d77ecc1,8e76d67bdfc25291d9e51f2cd50ad507c17c66c3,99cb553cbd477c2326ced88b8baf8f82a6951681
8e76d67bdfc25291d9e51f2cd50ad507c17c66c3,715de1b18c5451e46c1f0214f40c77e57a0bdfb0,dcc396234c5bafabbcb6b9545f6701c12e8c5bcd
3788e8d7b3cf35aa71f860706990444930a6dbb4,0f2981803036b1340a3b7b3a93c0f17ab3d0b21a,041290e1c79872bfec7de81695ebc22f5cf95ce1
715de1b18c5451e46c1f0214f40c77e57a0bdfb0,7c2384cb94533feb64783df197c580178d18cf7d,1f8417041db2288861f1e37764ae7e1b7e5bdae9
10963bd8082dcebcaac3739ab1f67a030fc429cc,48e475c9f6ea23cdd4d3445eeee9350c563893c0,0866c9357377bb2898b431499c505dd33f94381d
a65f57e0f59b0c633a9618814175561935f8d079,5e1971a951cb52fb50335baeccf7afc280867586,491027b04881f5519dde02a987cbdae17bf0a132
5e1971a951cb52fb50335baeccf7afc280867586,f64f672b20f1274b2dbff362e4a54892e8bf0818,7c0a5d60efa6876058af7c5c88d77ad13e5c121b
32aeba2bb83dbf5d1eae8c23635a58af08046108,20e376c214f19e14e767fe6bc469a79077060e42,a0c15527268535933f1fb903c53eb8a4b09b90d6
a0c15527268535933f1fb903c53eb8a4b09b90d6,2eafac3ff6d6965772ca0286fb56fe9bb7ff3063,46783e32d5739908e48f0bf0ce0fe8d1c7eb1480
742ef58d89307ecf80bd9a9ae0414a77588a59ab,23044b3758a5c3c5e943ce8edf3e1318970aaf36,c98bef5fc722637b47a75f3ea687d52ce276c95d
a860e3eaf7d1e0d86ec435ed83d7bc0506872b7c,c31504220d7b80632453c19565102459a2c47703,3d84bcc7ada0b635f04218364ec617291f1e83cf
3044dcd3af91cf5bc1f8d5a8538a63adf48ab4e9,3d64b16227b142afb61e43ff870da9415441736a,dcdd8cb3dbda27d167c6ae71f773513f0d46e510
25c229de735ab53f2bff2254458db5d6f39be5d9,3dfd7a9ab134d5b94c386d042ef1bc9506aadf76,d954a54017f16cf933a6da2c12f43b1a0e71b549
b272a61eacb5549dc238543d2b15221ea86343de,4ed5f278f8678f25ac5f5f160a03ad8e457bff9a,6a1685096074ccd4abede7f1922241a1b68aff23
6a1685096074ccd4abede7f1922241a1b68aff23,e0c1308c2a86787d7d508e4788a042794488fb66,0eac8bb96ebacad4cb6c5a09309be3bb817ee70d
6ed4be9135ed0bad515adf7402b9673492a7a653,02b6a21276bce67bbc523242a1c728b93293117e,032f7719969e2876dac8106723c90621fc0bd8f4
5eadd36107251b810bb28b427d3c573563bccd49,c6a370309d63eb281270eb3f4c9f66c8bd412dab,0b8be97fb52a946496281a1c57c1050a1aa67f4b
35d83d230608ceb446f855d68701dccd49769d04,dd23feb5ea6b8c773a6488debd014e10ae549f90,e21d7bd000a61887f02d9f352202cc10bea853ec
7621a71359488f2d567e928dafe57719d66e2897,47094ef046c81782c564fec235af8d827c1493b5,17f72f0ae23d5fde503d446738fc6eebed6fe405
17f72f0ae23d5fde503d446738fc6eebed6fe405,46937bbb87823ad9e30a417c17e78925a2c2e59e,47094ef046c81782c564fec235af8d827c1493b5
47094ef046c81782c564fec235af8d827c1493b5,463b258409409dddd82ffcbc1e8dcbe553459537,6e28e79b295e3764e2a267d085692f2208801f6c
197d3e9d36bdbf9d0e8c48662b7145c8bf00fdd2,adcc368238f970e5b1cb8766d7086a4741c6e27c,eff97c4d2887a0f0ef7d9adafc8551e6065d15a0
bf4266c2e3ee5dfdec6798ae46d2d11f014ed084,098753520fe84e388b3a71dfdd4d070c1b570f04,814a0f9016ac0a0325bff987ae191df8cac363b1
43ae12f63b3bc4652940cd25a38078d579957de6,5bf0c768f740aebf9c57cb51e40371048528aef2,60d9bfb2b8eb040a363a083a3000c287bc9bb698
5bf0c768f740aebf9c57cb51e40371048528aef2,f124fd4c23644abb11cf4857e47fd6ae485c5b29,ff49d24743ddd5d8728a4ca279245d274389cccb
d1a63b6fe086ac0a078acde687812f77d72c5fe9,d08efcfe3c9bdcfd9b20b7d7d22b2e08e9a0044c,3530a33fe77a647a42c467d24f5898d1c24e6e3c
a6552d7d54d392f844e4519e83410c42eaf649df,cacef7b316e95c664f7bdcc993493602c2a5fc8e,7a8642db94b82cf5c96a5271b2c0e4949e46f970
7a8642db94b82cf5c96a5271b2c0e4949e46f970,2b8e0fdf06e2fc808b33e60fd3587c67f6a2538d,146d6ac538ba3ee5985b330b5ac079f2c556f24a
673f6412834aae43f51a883203eb9bdc242615c2,36d8d308f2c15d75e41f1229520bd30e04f948e2,4ae1b5e04d207d4edd32cb96084bf4f1641ea871
36d8d308f2c15d75e41f1229520bd30e04f948e2,9cee8b7b785e0fea884772536fa526bf03f8c75f,3482dd2a6b71c129a1be825dc312ae7c691d1971
b42c1ddbbc1d1a7cd048271c6c4b981aaa6759fc,9cc4860050e824fe9ad34901c6537c6195c5fd63,f332de8ba9e71e9271533e6682ef2a5bd4db0c22
8dce9a6f669e94d84cf3ccc75e54026b7cfe389d,a97375552f24e26603f2c310595e5a958855ffa0,1c616115b961f4ffad00130adef5e904d855f146
1cf99d757ad2f4eab0d8b0523e797ee5a7de7f4f,2b334774ce82b00848c0a398ee5d055e00aac7ae,e84e94a8d19f291f623053ba734f3e579b1ed84c
e07c8133208b95be5e552e0d81cb2740b95eb733,b76a00b6feac312b03757b72c38e523980823989,83edff6b261d01dec6db09c694ae4047e1fb3be4
b76a00b6feac312b03757b72c38e523980823989,77e077d6580185d8ce0c220d3fa6734e08d6d0f2,30fa7f5a7f5cc613133daf1fae33a1e9bf978749
77e077d6580185d8ce0c220d3fa6734e08d6d0f2,fd58a5fe0643bcd2b8b3cbb5dbd30d8f80e6a0b4,1cec48c065205ab3ddc70d3f372593481c0b3805
59f87bdffe9cef7d1252113ba6681cb60c479c75,ee31e93f98ac039c927a8239a0aa25e843253317,d3f3d175367cf524980f976d119cc6c9da6a45e5
5b4fb961af26cbdbcb99e5cbb440bf242d3a9416,3995ec0ff7b7ae4aa6e89310129fd0bdc932a4e4,b29c9c28fa6e9b9263cab0798b9a207b3c526ffe
743a97c784d86b48fea5b629ec88f529f75b4a6c,ea7ae5698a63ed2f300722713bbe68b6ea0bc983,82d16fbfde06a35f0325aeb1958f3d766520d46a
d0f90546f3a2419c8a3270bf471ad0a4b48b7dcf,f2f3fa4c9c5616bb2e17c09ced339a6664d36eb8,22091cf27298c4ebbe117e6d3eb83a0aa87f9705
f2f3fa4c9c5616bb2e17c09ced339a6664d36eb8,0ab2ce9cf6f24bde13dd2d4c5ec7acf4f83b223b,1b1424fe2fa8dd43c67a8d79464be2567f53fa07
1b1424fe2fa8dd43c67a8d79464be2567f53fa07,ee31c44ff1ad89adde8fc55ff24dd226aff7e3a4,b456f71b64aab4927c3263ff07183b01e44b965e
ee31c44ff1ad89adde8fc55ff24dd226aff7e3a4,e64af6b11b447b68cb094f70434d497e90383abb,327703871b889a97562f930ccb101b263e1bae8e
e64af6b11b447b68cb094f70434d497e90383abb,9f99d5d42a38af7b1bb444503224b355f85c4278,d6045931a5be654f87cfabf2e9f61a6469f632a6
e0037c7eafe4dd2ceb9d1c36013f206a771c0ff4,59c5caa395272924e36eacdc8144c81d4d96af11,5d4007918cd4d3c4f17300b9b680c82aeb14bb6c
c66afdf4345fc5b066ecc0745e3b2a6fa2d9df1e,d62f5142cc9322aa13db5cfe57b4e335da0deb33,5b49b5c535d03adba5c8961e1f17303a2be629a6
c00bacb790759df7751e8741d815cebd1c4f2a41,56720192032706cb135d509a534042b3ec698d4e,7cb5da9971b649f977e8eec9c450892c5615d38e
87302d6d8669a5ca1272beedaaf0f361cd8af82b,057b18e4befb89d1b7d15fd6666788123eac0696,05b94d1d15339f2da53e48caf0a58d6ab372d9eb
972138138396425cfb921a8374f56284be5f444a,83f00d720e81ae601d4775e9c83e4434bde8bac8,5ea9a1d71587d589cbbefaad57ae89a10f2db6d7
52e91cc30988e3298789e0f17507c9ca532df8d5,8d3aff5ff1cc18d03b528ca8f50a950db68db475,95a09c546374fd632e407a11e7b8fc37353b3af2
85324d9109e1603f939373e18498599daf04c204,ce0984573bbb7ea887d59308f1766841ee586fe1,10b410d46f15663d8464e8a1b35928f3e557944c
0b6c92fcd23ddff385be3303e34f284a7f5a553b,da4e70bc60a16821766e109d3d233b3204f8e727,f26ea32897f2c7d96634f055819d5a664463d487
4491e71ee2eb7e4e8267f8f5a6f1bb6151e5822e,86dbea7ddb87f1f2b5d05825dff3d4e7d3302055,d09f78801cb96f1eac97e67f0073a5861a9d9880
6b7f6aee22c94606f4e81df2d737a4422873fc90,854596fb043b1d19d2d47400cc86b7706b4705f1,514fd0730cc72afc27678bf5efd330e41cdddcec
32089aefce88a4e5c2888a1630af3ff4673b96fd,048bc53bd00c2e0a1e3c1d2e575591b4ae53f2b2,69e1d046388f29f6e11c0803a55b8e99f2ae1e72
da4e70bc60a16821766e109d3d233b3204f8e727,4a94858ed1ae16f3a98780e2ef7b0d0aead0abfc,12c90bae048444ffc103d36155d7fe811ab603d3
f75f720c8a8d8b99e6622372c28c270dea204b7d,4e8c9078f71367cffb997cdd1177c09895453aa0,cddba641511424829aef75c53a07715ae911f67b
41e4efcf1f94c3a88a97cf49922d389c30702c83,f55e6138a5b109f27aa4ba3c69caa93114bf8137,6f7f10b2f7ec2bf0c117ceb4a766b286793689d5
738835088b20a11bb01860fcaa242d897a64d485,823b287edafc35d00c080ab1664d6bd90eebb492,5a5503ab34a522daa0bae129b13149ac6591d637
37904db9cd97670c3817e342bab6facd96431ae8,499d9da75f2dc5345214f04d5be3084fb0991109,198d612b876577fb6b0aab005aaa873318d1015a
861ef7313bd30353135b5c65017b78e19a6b2d99,a24b70de757819d845fc4a8e15f2f0f002d563e9,0291ffb95170381c4c244fad852223dcb6b41471
93a7f9f3b84bfc0d7e4029111b0a684a59166a75,62337e34a3e749882252a7de643c84b26ed3234d,bd7579fa65ce90996a19b92d0e4679a8924a0522
a24b70de757819d845fc4a8e15f2f0f002d563e9,93da60c03b11c7e761f9e2d0135082c7471bb0ce,b5976dc2ff5665f12615322ff011b7912022fa8e
3c9983ca12e3faec2df957e3e21bf9e92c0cfa19,d3412e7de62a59549d2dffc785323c5e2ac86e25,2841942899ef3467ce8ec56a475399f62d85499a
9223b089b1107501a85213f9db7cb8b0d27c11b2,6da9a1285c009b7e68bbde51ce4774eddffc741d,a25d9e7aa7666f7d869695c6ce9e290c40385c58
93da60c03b11c7e761f9e2d0135082c7471bb0ce,87210a3c159d9818c22109dc0fc41f53e68d3bd3,a3e501a3553cf053aa1ea02de063bd17da631e12
87210a3c159d9818c22109dc0fc41f53e68d3bd3,9a8a0932d0d447f59babc6ee313c4726c0790c54,26709155830113517c15e5b377ef5a65a906218a
26520abe2b489ccbd0772ab3ccf9efdddc615c63,1397c3248d73153c18f38ac63d5444a316f71a48,39324d6b553533c7d90aee1e30dc4e3b787b7c95
c40dc39b882ce13e9e06ada0213a8c4ec625ff4c,a2753bb27de05f8841557e67a0524ef475f9635c,606f15fec5f4ad8c7f71a333f7490fff26ce5519
9a8a0932d0d447f59babc6ee313c4726c0790c54,856b0f4469710b1cd82155748328007add31aa85,ce20fb535dc364058c220c63a2dd8e689ea72577
3fbdfa158301d14c0398fcc043676a729c3e797b,624bc1de5602029c5e3bd580e681c8dea9345835,4f8542c1333401f3b9a78d9c69662b188f1d8e22
4f8542c1333401f3b9a78d9c69662b188f1d8e22,34a2f1ad65790eb1104a4dd6416c7424b3d81b2b,0f2d49b2d6660d16cc99559507bcf55335412b44
39324d6b553533c7d90aee1e30dc4e3b787b7c95,bf9e8048ff32da80af21273f3cf7a9dc86b0b21b,b1ad187d1b0fd7fc08fca430f3390be5164450d8
ddb6f9c5b4335eec07f5cd8daba10c099b0f776c,e152ab6cf2665065d8ed1a229e0b66eca926c0bf,2fdfa64b1398410573607eaa17e24263090889c2
c550c1373e69f5d4f98e0d80af3250e17b1faf90,6a1bb88c3b95e8fcc1a61e865e6146c66e9db787,e78ef493a1a7bc290843551984c14e6b5f4eed68
856b0f4469710b1cd82155748328007add31aa85,7f18cbf7d5633387ebb6e7198ac1788ffe1b78be,0de317577572334ecd51aa9df5122234a3479bec
297224bd31294a697269fb478baa4f8d8ebd7d8e,9dc835c60c0f047922b65e31b7243753af49f186,ff5bf16111607b68ba91f4da65c7432981d7763f
91d144f5f7f034bf9b634955984e01933cac7ada,c894b1d335d1b202b1db9abc26522cd64b5bec2e,649d5f56c965dfa1657e379fcaed2a5a883a0590
b3005eeec747d88c9dc1d6c9ef4cec364c55c090,b21bfda7f6d40252c28efdf644da18aa9814a7ac,a2f9662a99d7dc2c3020509a60919d2d6984c717
c9e1159c427c101deaa6395c5a02eab987af9cd0,f9f8f7aebda72256481f0ec3dd10f18b52e207c4,870d57bfa5e03232c363174b8c14cc8049ca04cd
8d2cecfd5c38d390f9d1c15cb221f7949805ac55,fb41535c6988124ab74a066640b5b113686ab79e,667fae9442fff4d0406af5522f5f558e25fd8ba1
fb41535c6988124ab74a066640b5b113686ab79e,ee0b620d33ef75c9bb49955b7d0b7f9903749af5,b0890844e44465e1aac7bb5a5ca01bea85c20148
d954568f7b073a8a3b57184fa4cac89447e5454b,92a272381574f53addcbb0eba68a89e39dfc636d,612e718b919693b638e0f1fd0e50786ac9c25032
612e718b919693b638e0f1fd0e50786ac9c25032,61208817df958a2111cabcf9622a7352a97f99f6,cfc4fc354bff6d40c024f2d0dc9b820084bd44b5
a57d2c0e14a87ce729c97da2d175cc6ae9654919,90afa5b3e1238bb7fb83627b15e22a46388eb3f2,a7c0cd405d60969ba1d39364d9e435a574d23a67
90afa5b3e1238bb7fb83627b15e22a46388eb3f2,bed22468ba576d6eb6b43600a74d24ecf813f772,434d4298dfd0b49c56619bde8c21c0176232ce61
bed22468ba576d6eb6b43600a74d24ecf813f772,0c190651cb6042c682a1e81a9c906c5ade910db9,93d4c3c47ca8b89b8478186a6fd85b833c5134ef
0c190651cb6042c682a1e81a9c906c5ade910db9,f3f16c96e8a72de7989889b2b8aa7954042c1771,292c0356f1ec0f6c70e9c51b4404257d2a6756f1
f3f16c96e8a72de7989889b2b8aa7954042c1771,e24529d8d1aa5113cdca614f4d8b0d4d5b99c994,370793a0059812a2409351675089e8b4736c205a
e24529d8d1aa5113cdca614f4d8b0d4d5b99c994,26feee1ed54aa2073bce230b827b9c0ea9fb9302,658a4dbb2e1ae6f30ea727b3f3c0cceb9f540308
86758dcb70fd8eb31f114569addae3110a985402,f7c3b7c664c9330b01bf22ef24cf232559285f55,616d1a2c88092903231115c9ce57a3bc6412f635
2712aa2ae279bcd0976435756242c839007bfe7a,7dcefa6bee94c5187d4a3573b4d83b757fe8580f,26bab84d048a8ec1b22d9f8665236fb77606fdef
efea6136e7c77d131f331bce2971f4c2f890906f,0742e18edde70bc7900699a8757852ad0b7446fa,c56026c18a053c46bb101d2f9e04718bee64339d
375b76d46a52a0fab4b22a36f4091b2a459fbf44,71eafe436a4e0e65a09485e06c45a89c80bccff5,c3b9d3be8cefb98364e8099d1bebd35f2f149a3c
d5fc147ffd7b18a8df211db1706ed9137a848c66,77ffd7bbf93c7a2f8283d6ea67565ddec8630607,cff641ef80b611237879507cf67886fb11c5cc4f
77ffd7bbf93c7a2f8283d6ea67565ddec8630607,42775d3477c30aece7d97d2fa8227797508fef7d,373abf1b24be342c736c599cd901f56b1d995865
4e984f5532104120ab90e0ef03e248370bc3093c,5cb79a4c1ac67a594d57918daaef2a6af5598d66,083cb9cc9ae53687ab9b9f852161dcc79d842e64
0682df3801f686f86b9eccd214dc9153c897484e,e5c4391900348da691be3c8196ac44a4dd983354,b0800c7e38ff6a140e739fb6f28f18498654b258
b0800c7e38ff6a140e739fb6f28f18498654b258,2d292000a8c026a25b574d87a49256d5c9e6df40,de0eca7890b48af0a63da6d417c40b58dbda4add
77d4895cf0b595c3f572dd6eee60ca9b42dd82bc,0440e6916b97c120d1a9eff706c1c9a65d95ab3c,4c63a4046addce80b5dadf6e84df6e496be52c86
82fea3a98929abb402c2485c672bbc47b4dff9e8,caeb5effdc5380b02158572f7a72e618c5f6524d,1e73b3d92672093a5d7113fe8b59d86a1e5da66e
019bfb8a6b8f630da5ee9729132b32d4770bf037,c853c64a8f17a4be0b8273d7fd962839a4761679,09f702879e93e344d3397b70760346f65cd56cc6
d0cef987fe391c7782447b68ca852a8d97a85e19,af4131bb4d9b9cb4e1f8a10284726ebf1b7cded3,d6e0638cd9c97b131b0d1cf680b881b1ec558202
aa315d7c9748a88c99a9b004e56a1e6907b5c695,080b25e30c994e850fe7498970086ef8ed1e36bd,a7c8c08183be6f37d097e242065b49cf1c8d1e18
90353bdd0f3183c3b1517d31d22e815e80593956,a42a25125643fe5ca73d1b1b5ba10242b8be35dd,7118b70c1cdef02b742116e3f24d6f77c4ba6b21
a42a25125643fe5ca73d1b1b5ba10242b8be35dd,de5cd8e87322223bc3f6e0691a93f20bf39e36f5,0e3dab081aaad7cfc9489d5b9bdc38363838b32a
c39535fdd0597328f516d104f143252289697c48,c3311df2a87435e58d7f9be9ddd8fa0d2559c258,5a17314b2cb8cd6e39b02ce4730f477756e82bfc
f100982b044ccc6afc9f2215378f853b4607092d,e3ccc6d558b9daa1e71dbc27cb6c5a892aa0a2c0,c8db2a85c652a783026c88c24aca8d10faea4e04
a401f19ca1bda43e45c50bdfc86c69c9c71bd63a,444fd41d58aeb799ad62cc95c22f7c8e337f6a0a,8ed20e35ca5e748be673f7022f698648a21d6f37
bb99abdebd8a9bcc955388510963346be2afff17,74f7c93a6d6e46a417153bdb7b45ad4710bc5228,89878dddf6e5cae4b07bf1766ed2b21849350b79
d43f65366b182ae5ba0378bc6b165c6706ba040b,052ab2d9bc9122600a5ddf8d173036e5912f30e9,36c3cac4842cbfb294d61dd39786b672afc5ff66
eadc4788ce856ff1c4eec001758f24a64f62054c,16d2084af27cea25afa0111388a13a1812a90aac,ba20766ec36e2a2c5c726b2ecaad66eff88a7af9
16d2084af27cea25afa0111388a13a1812a90aac,6232e10d20e390ece247fea9777e4328fd107bed,1e8bc50da5b746bb65ef7b71601eab86edc54c16
6232e10d20e390ece247fea9777e4328fd107bed,c9068f58208ae361bfe594d2e47f154aead78f3e,68755757af9d2f35243a8f8c7d854da06390a2c0
7b803d855f86eb21c27b84ff6ffb5e65f088ccbc,3116fde51c0848efe2d2b2ebfb625fc644caa192,714c542da9a17f3a666677081c2e484b7fb070a6
c9068f58208ae361bfe594d2e47f154aead78f3e,b54fe820cb82dd8d45a717608593e46b51b9eec8,ec6df96a85cb0dfd2269fbec55db767e275f1a7d
ac20fe25e2e06887b0cf5e30aee3d847359b1fc6,5a7ae7731185a253ec7fe2bf584c85753fef0a9c,51ee8227948a654587f30cc58af4a244376d36e6
5a7ae7731185a253ec7fe2bf584c85753fef0a9c,223f501c3621af3fa46489b1188f40ef8229bd54,757ce4385b2ae3e82eaeae9160270292961ac407
757ce4385b2ae3e82eaeae9160270292961ac407,c703429288f665a01954fd66218e161919f3c9a0,223f501c3621af3fa46489b1188f40ef8229bd54
223f501c3621af3fa46489b1188f40ef8229bd54,fa8473a2249c2b3f55f40fd14185489bf11bd7b3,fd3bf981dc8e96906225b30d9fa78999467fd432
c703429288f665a01954fd66218e161919f3c9a0,a97d9418354aa1d390acceb5d3d1298f264e5c4b,d0ff8d61757627a6417319d4bc6efcd9e030af6d
d0ff8d61757627a6417319d4bc6efcd9e030af6d,b9304d219be05b40c92ae50e74643fe166fea1cd,6f6e66dacf7dd1865ea19287e9384ef6221f7e5f
7c56df260086197035da8ec4115217cd7d45dfa7,852310596be0e77a43b3caff8cc5836dac8ed64f,c38a63033aacd76fc59ab533832983bf05139f4f
c35dd009233e0489edc5c59ee7f9497a4e3c5d06,6c9586a68df0dd9fc8283b25f67188ea73314bae,03bdf795b96290513dd7220fcc63b1607381c1d3
03bdf795b96290513dd7220fcc63b1607381c1d3,a0bb84756cc9cb13efd4ae872f57ce5538fe6636,b5c363ba5611798559815c4017619e7e2c1f659d
cd45a1976b67bba8710266e65be66a4166099468,a0bb84756cc9cb13efd4ae872f57ce5538fe6636,b5c363ba5611798559815c4017619e7e2c1f659d
f291f36f791f272e44d9d64fc70038f070c99bc5,0169174a87e73588def73ab7cd6802d94da5cd3c,3e422f2538eb5bbdfffc255a30a21ae96e090267
0169174a87e73588def73ab7cd6802d94da5cd3c,fac7e1692c79238b06186c15b42d060897bdcb7a,e457e1b3167bded45edae1b8d5ffd0262b38ca5a
e457e1b3167bded45edae1b8d5ffd0262b38ca5a,35a5e128409f27179044bd87a89892c241caa411,d3b806c68dfa2d16b94f33888a75d220ffb91fe4
2e50fcb8c5fd144f706eddccc09e903c4ead8205,9a75bff2c1cb60a38579eae47b3d1630e41fc607,981716126008d9c8c6af41dbceacd8d6cf4571bf
ee417c9ff89244cbbc6844c8a34e7c5c8e5b2f01,bbb33e6aa00e06959809ec2f1987c50d17ad50d5,1c983b781d310a1ac0f26b18e98c84eec718b9a0
bbb33e6aa00e06959809ec2f1987c50d17ad50d5,5d4981e7b77ff99856b08231d4a996dc5d29c697,a5852b101b01058f6aeb6d4728cef571273b7a7f
5d4981e7b77ff99856b08231d4a996dc5d29c697,b8854771d8e361895503346f5bd6b7c8c9192a48,66773e129bb7abf660cf9194ce379692da749f55
b8854771d8e361895503346f5bd6b7c8c9192a48,56b59da0cf2852de1810d90b3ec5bb7d3d4d69f4,986bea25a6e95957802a71d12e235083b4f4e512
d1dc1564f35f5e12134434dda26f0d685efbbbeb,b76357eb72139b26175906d95c002d3735f16db2,3ac5bf57fd6a11ad979d7b2d3ca4644e7d1f0707
1c983b781d310a1ac0f26b18e98c84eec718b9a0,4da57cbcb6e064fc8b266bd80aa233f115a10abb,b76357eb72139b26175906d95c002d3735f16db2
b76357eb72139b26175906d95c002d3735f16db2,d31b6c527fcdb339674344cb11e556821cf7f0a8,c2120283119a952ebd4b793d28e95e6df9529598
c2120283119a952ebd4b793d28e95e6df9529598,6d6b6e891bb4c9f6449603f7775041f60c0a36ea,deb4855598c4e6dd27ef734b856efd8d47f46e2f
6d6b6e891bb4c9f6449603f7775041f60c0a36ea,4d63bddaeffb61d22951ee297806db171e00dbc8,c71e77d13ace9c4feb814f12c1a6d906e6dc73ca
4d63bddaeffb61d22951ee297806db171e00dbc8,81a80c68fef8c6f4e82a33c0ce94769eb189ce33,a27cc6ffa73137f332a6ad2dc9df640925403944
81a80c68fef8c6f4e82a33c0ce94769eb189ce33,cf42f33c6924767addad35ee62478e393f60c825,8b03585d26ead3fc0669a0791c8e72aee519ac3a
969e6501cbe9046a503aebeb0e9e276b0dbd85a4,0a78217136ded2c418408401f2a5b6101017d808,ed5e903eb4f8b0499cf60000b3ab42b754c31406
e076f6011d848fc130d24a875cbbadfce1d36e9c,c3e130bdf086df2d7b6b24ba7bf1592e6c80604c,59dee1c499c3e65e5675ee3145ae880d5b22d86c
c3e130bdf086df2d7b6b24ba7bf1592e6c80604c,974ae8a93edcdecccd800d93fb3ceab6ad979be2,5afe38c1309456e545eb855e16da2e79413ce501
fbecb17fea0e1024e385505aab346d01ef07335a,0f284fd1280582321e94ae16045bcc3afa895bf6,557c453b12dc3e726d237cf4c4d57e7e584fd438
0f284fd1280582321e94ae16045bcc3afa895bf6,4f64412c19edc6fc85b9e4fd4cccd72018c98f9e,2ec352bc709be8a126ad60030b5f702ad3aa9221
4f64412c19edc6fc85b9e4fd4cccd72018c98f9e,7ab29c5516df96bf2229a4be0e35a6d2f45cd874,aaf0aa12e180b358f55041c0f81f0902f7532d52
aaf0aa12e180b358f55041c0f81f0902f7532d52,423fab8822c34f9fe33bf8d0219ab1ebd7e39fe2,7429e62d9d7802369005cbe9e2aca91f9814e621
63ecde0ea71f585e194743d25e48833f36365b2c,44bfa55bee1b1f5cb38673ff86d22f169fc3a472,6195281e70ea9092ad3902b6d2383c82b4da3b84
6195281e70ea9092ad3902b6d2383c82b4da3b84,02e3ed4588bb4d91df0c5c3b0ac54ea9b3d06551,ad359e2659b8e9bd87c34cc2cc84d42e23b7aaa0
0b2aa433c533d2cfa363dc59205bc3952bc5e0a0,42f090840cf5e73f3dd3149ece83c82e8c6e2df1,8488c657af0fa1d57054b6bdccb08618cacb6454
3b0d8b37e7291770c83b3df383de06029388088a,f026c6238d4a8b6227bf11337d150fead823ca91,42f090840cf5e73f3dd3149ece83c82e8c6e2df1
fe9e0dd8c16df73a4310bd7e4cf9624b61a7eeb7,0106c104838302bca9ebc1b8a90ccdac2727afdf,d5b351cd388ef4d7fba0a1e614f1929a854546a7
0106c104838302bca9ebc1b8a90ccdac2727afdf,4dc4cfdbcf98ceffd7e95f858492e6247511f0e7,d6e742012ef7c8554f49b2cf47ea9628c4d5f0e3
822051430795fbeaa1053dfaf7a8f0d736fe91c5,ec965791bf03f919e3524b9ebd9cd0ce6c898b83,1d06f7e93cb6fea87893a3a6f5aa5c360db3c746
ec965791bf03f919e3524b9ebd9cd0ce6c898b83,9d5f2fb5999d9e104a73ca1f92f4173727f7e1d8,00ea8e89847ad414ae06a0b239e5bb016fb61ec9
36b90691c844bdbc84404f81925077751d6d4e27,05e44d5148b266b954231925a68da9ee397865c3,67290157b754ebd2e0d891be1231e89c18329ff3
67290157b754ebd2e0d891be1231e89c18329ff3,64ed10530b4f8607d6539e6da70dcf5339013675,12f72ae5ccf7ed288f901fcb54b0da5fa6fc28e6
eb9f6aca032ba51c059da3049525391232935cb9,82f5ad4af2978e54469c0ad16e9b146096f7ecca,6812883511b616b675a18446419e14f1bdbe4a1d
9c34adf2dcfff2cdf1fd65ac1feeb0c8f21da8fe,26503f8ee314d10b87277cf794094baa264a239f,b544425667e20c21b4fc63c3f1e3ce96afa5c043
6812883511b616b675a18446419e14f1bdbe4a1d,50c5edf95eba21ce971ffa57dd35b9831c87bce5,ef721bcd9de8707ae9cd768faa5d1ec3c0356000
50c5edf95eba21ce971ffa57dd35b9831c87bce5,f242e93b08baa859c3dfcec11f0bde6f4b2e0182,8ce4c1cdecfb5e3c515dcab5e8ee52f0902a435d
a6c6e221f7366e27ed97a0db6393667c545b6229,a87b86b3e4c9fab33e50042a4285780b03e83ca0,7337a805504e7e14d5a6cb389fdace0ca9d2f178
bdb4b4b6be483c8cfce970a2bb2bfa34c8449c5c,728d96b1c63b880c077fbf895c7180d19dc11730,edbe667e73a763913566d3d84c3afcda54d4dbe7
edbe667e73a763913566d3d84c3afcda54d4dbe7,7ba28d5c2958731beeb511dd62faed61a72c7eb2,e11651648ff4cadad59ffcb983eb6b23fda1b2df
f0fefc7620325fa09bf4481b091e40b803f67c56,667b094bb7a37ba8c6c309f02cce8cd5f30181f9,be679d6bb13bf41b2bef458d6403db3bfae611ab
fa55112b53bf70e4e4cc27fb97a739a10da593dc,7ba28d5c2958731beeb511dd62faed61a72c7eb2,4f5593e7bff2d65acb957b4c7eba791743d07a37
a87b86b3e4c9fab33e50042a4285780b03e83ca0,c9e0abfdf30e6833411db84664ff4deb43a7f0ab,7ba28d5c2958731beeb511dd62faed61a72c7eb2
84b59b1e558ccfd9350cfee0b065756eec830e08,b4176ce2508b02b2056ed6cdc86859c0ce52bcec,6ac43b2f3ac7ac1ee0c6452b0e65b8661077db82
4f5f36e4b3369c47ad9fce2809ceb3c6376ab0b7,133b1c12a784337498780bedacf48fdaaec95e67,70df4932f2ee7103572f364256bb87f8477a1281
8598f9493dd53914335933b89ac8558538c888ac,376788f385f33303af6dcdfa2e327cce517ebce5,5ce5b4c3c65efb4e707c02a6cba58cb76938b748
030e557575e752769d782ab93afd7364ed3c4d88,4ab8cd398bd2d301f0f4056adef481ca3a167330,8c9a08b3a35dad7d8bf405bf2a4920f798bee7d6
8fcb328411e0ad796ff5614e1eb5718f2e70c7be,12921bfeadf41c3c202b08198fd9a34e8ef604e7,d60ca60360a7c18e4fc1b065de287c7cb2b2018b
86840784377cfb2431d6e80a3ac331c90f2bd74e,4ea387ed358a79cf364de1b586c2d2f37ed8977a,9e3081e87cb3f4bd336675c45ee8e312ded38d3b
4ea387ed358a79cf364de1b586c2d2f37ed8977a,83661eec48c0c13abd49bc4668268b253196dbc6,381c5fea77133ed2663479b012a7525a68e264c4
7021b112ead0f6c470cbe59fe60e8cfff8b3f21c,f7438617a281795ab18059fe56a029e93d7e90d8,3af267669ee2eb06883ae880aa396187dba2218e
f7438617a281795ab18059fe56a029e93d7e90d8,341ad5c10c36e1056d8b8ff45e8cf7dc0df82470,f4d386b69469106cb6eb8f1f1abb426f0432ff22
8a4963026a1b057e374deb985a8fc24555a9bb8e,d53878c130155992737e37aa4974f77601674088,341ad5c10c36e1056d8b8ff45e8cf7dc0df82470
59d49166c7fc8e17627f40a09931ba9d3b587dc0,52e72b466a31c440e3debe5cae2101eec81f8f5b,0ca0ac07822b729e1a896be334c9f0c87eb62349
9825707837734fea51287446f661835764657a73,173f5ed17ebec7f1ca2eec6875308096b6641b9e,77fb081b9304064ceac244fa1eeab681ecc392d3
173f5ed17ebec7f1ca2eec6875308096b6641b9e,a134950f858a5a9055bf6b80a4823ab9fdc11597,df4ee497265e3bbff57e50a73138d852d057aa9b
a7e464a9025a242c58bf7f9274697b24191369f4,faa14a079c9164d126083d04ad0231f8588045bd,b7c3aa59a736d137be914e0572221db860baf350
b7c3aa59a736d137be914e0572221db860baf350,2abde5539d3ccc14085e93151dbe00040407cbc2,a134950f858a5a9055bf6b80a4823ab9fdc11597
be79b7028c2c5d4ed5ef07e62bc2412cde6d0bcc,3bcd2e08e85a7daa7f7ef698a182e6daad54af7a,77fb081b9304064ceac244fa1eeab681ecc392d3
3f79247ac28d725341eaf0198674261f6727fa1a,6ef92b0c959d3b282842badba89c0108b9fb1703,a2e593c06c125ab80066ee347f7b1f9cd10c3a4e
da9d5538994aff8796c80d4cc9bc362c47825842,bf371acc4104b294cc21843181cc0e126e37ba67,5cd8dd709430bec401c88b3df3933508fe947a2c
6823acd0ffc62b447628340b5a2ddd46269717a5,cb2cb7ea75cfac0b38c8ee252c4291d4716c0741,6bd00a0e8e4ad339b4f31c3b19d70e8bb0f09177
03e55cadbb3e364ccf9a148da9c524608a960a80,2cad76d6ed2727681cf83e5b5a54d8ddc4e8036f,a134950f858a5a9055bf6b80a4823ab9fdc11597
2cad76d6ed2727681cf83e5b5a54d8ddc4e8036f,058524ca530fd38c00f6712138ad6ed1f9ee425a,b0bc14a75e355a14d1812b37666a06deeed597b2
a134950f858a5a9055bf6b80a4823ab9fdc11597,5d9257d908612ef2084430e99f4e490a2b4c34ca,ed13cab9943bc85cc1390c797fe489ec542783e1
3c85f9d89166eafffaecce84f669871ca77843dd,3b1a2045b52a1f4f967821f627ea1da6669d4032,d07f1e9e52ddfbe3968ca46279e54887b5b5e9e7
3b1a2045b52a1f4f967821f627ea1da6669d4032,020303910ebc0de2a998a5bf13f1a2d41102bfc8,0763fe0775dbfe198c4dbdfe23ee58edba7969fe
f0a9e4c3844aa2e26a6025989565ffb078390a7c,fdb78d8179b1cc833f5777ced0b703ce76b7a7fc,020303910ebc0de2a998a5bf13f1a2d41102bfc8
020303910ebc0de2a998a5bf13f1a2d41102bfc8,9a898a287baf7c9f84aa04b0b4ff2ccf00372639,406ada8ca64b12f82e98f72d1c3e8a50b76686d2
0b5b761a8c63572ed075d99d840135ba098e18ed,d8cc04b1fe8de5143797bc6188e45bbd9780a5d8,a3022e2e9fdfac0d2d13cd4eb68881a4491b7d1f
fdb78d8179b1cc833f5777ced0b703ce76b7a7fc,0b8297138a8fb3f9644dc843441186e99a18b0c0,644b45e19c8b06b3317fb59fc088c56c4c2b1a99
fb6fb519ab6290a203cb79649268f792bd62dde6,50f80269cd9102f71e59fc0a4ab682d26d60e557,4f6284cd0c52c0ccaf6b648f019a2e5b786a4e4c
4f6284cd0c52c0ccaf6b648f019a2e5b786a4e4c,3bf1acdfa27b40868d16c611961a15cee27841b1,a7dca30d9db1a1ae2c8de364a14fb47203f2f29f
3bf1acdfa27b40868d16c611961a15cee27841b1,b43517af631c7b90369993fe5300c7473b9d8d25,3bc36649cf19d4a46365643c1c70c7fe11f7a012
b43517af631c7b90369993fe5300c7473b9d8d25,4527f76718cac6be734dfbfa08cadd5d7f304dac,71fd72cffc2ad749331d632444584ba8ee129019
71fd72cffc2ad749331d632444584ba8ee129019,1bc95e1dbc142f1b4e3d6415987efca350e5ec16,eb5961ab6f708cc42b0b41a45c638cd56d07633b
eb5961ab6f708cc42b0b41a45c638cd56d07633b,c0ce0dfa972492d64cd216ca96797e0207dbd257,c93861f29f63e206aa8f4733d69eb3f920c78cf3
1bc95e1dbc142f1b4e3d6415987efca350e5ec16,164d36667025e9049f2bbb3df5788cab5b70d5c6,c0ce0dfa972492d64cd216ca96797e0207dbd257
88a93db019d82571f1e8c82044804c70260dd86b,ac7566a32fcc9b658636a4f6bd709611ddf42a6f,9a97e5f8162369766ebba5524f76fed56b2eeafa
093cddc0377fb96eec561e636596c1d7f8ff39f1,5295c347f07d66a47798361e2bb5b600742ec142,04ddff3f3e94404b5425dc692814aff99e74ba8c
5295c347f07d66a47798361e2bb5b600742ec142,63bc505ecdc8805af2f9d14b5e26463d1fa86672,d4298b54c1646fe98377907cf6871ad94a67c3a5