b725f295f74d49fec287ff40651dd99a1bd5f8ca,235f7c8750972fa8996d882eaa013c73c5bda443,bd11a57a066db1c8785fcd86c99021a1bdb826cd
235f7c8750972fa8996d882eaa013c73c5bda443,7375cb5ca7b99ea0bde66837332b5512c970673d,d776fdac7eea2b27a0868d46d1914f2743ef148e
f07509f4478427d4bee6c4b1df64345161d342a6,4ff0e04ffbbb4d83a59a4a71f9ea4436e71e447c,a7c81e14e0a0108780381a0889c84345c4d83d76
4ff0e04ffbbb4d83a59a4a71f9ea4436e71e447c,3a8c083ae786a6947b4758d68ecbe69e502cb074,338dc6758fbaefa77a0e3d913ad40c074d9648dc
338dc6758fbaefa77a0e3d913ad40c074d9648dc,3a8c083ae786a6947b4758d68ecbe69e502cb074,ff9940a7678072c3b7635f6e74fac2400a4af1fd
3a8c083ae786a6947b4758d68ecbe69e502cb074,0de14dc3bcde9f9783e5d6d6c3bde1faaa0a1783,821650705bf588f535ec5ef4d872b609a5a7564f
5f98a7c0bf8a86eea2eb176dc70c81fa70360044,81de1fb7303e4bcec28fc734d33544e18ef18bbf,781ccb68c0bbb11590f2d4ca8065328bb0282941
4eccadd0fd0b4830c23bcbe70d8e59cddfbdbfa2,68a013b5b998c935342864e7865582feadf21d79,d0e0132b412c0791ccfb6083b7c7a85b3f0e7cf1
68a013b5b998c935342864e7865582feadf21d79,0a59552253f42cec99c9d68c2bbfbf6b0d6a02d9,2d7cf443dc0b498453a365c59c4f3edad67ed5de
0a59552253f42cec99c9d68c2bbfbf6b0d6a02d9,892cc614d9c91e649088cb09324440607c48c612,806bd213faf9422ddc1fd09fe7e86f18b51b0976
892cc614d9c91e649088cb09324440607c48c612,739fc8e7a866be6d102fe005610288e6ac3654cd,c9345b40300582b5d41e6d1a8a5e2efce6ce00dc
739fc8e7a866be6d102fe005610288e6ac3654cd,7a369c41ebe74f4456f1c3ada104a9295cc7a136,9699e6144c75c7fcbce47bb25c0410cd534f0d77
7a369c41ebe74f4456f1c3ada104a9295cc7a136,93adf980c5e387105646b0c73dc41768beb0cb60,b49d5d620d359ea32456d9b307627faa7ee47708
93adf980c5e387105646b0c73dc41768beb0cb60,e4a7d4a3d002ef2cdaf79fafd787d33d79a544d5,f369ce9c0c31202e843660bb4a875482974c96d6
07f841d3ca45b8779467d64c12a4a955db039b8e,dacf5479859dda414ebf96a26a60e317df04a646,e28cef6f12212a03cfcc667c9a4aa725cccc3ad2
dacf5479859dda414ebf96a26a60e317df04a646,27d4349818596c9f1f0c83d9c2b0ede67d5e6293,dfa2375d182a1ca1717afa9ca0830cd24602007b
414ad836537473abfbcd031ee5f43ce9bca82ba7,2bb5571df7c8ff3f3ad7d330a04d283ba3166447,efc6b75dc4de742ef98519dcd7a86c83c7acd953
2bb5571df7c8ff3f3ad7d330a04d283ba3166447,feeeaad117e40711f91e82cd5241dd8e832779b0,aa2391f226106a03d4aea7b5b423d62e3e508b1a
883a2e4fd7cef0393ba7d4759df2fe1445cb158c,06eff15ca6012d33f2dd3f2c3900ea62256c1fc8,1314670ccfc20ad6f2dd148e69b367afe1755ce0
06eff15ca6012d33f2dd3f2c3900ea62256c1fc8,045fecdf06baa4ee077a7ad4a9108d4778fb197f,e2ad856be0f05fcaa2509537a1d6ed9c54374ca3
374602239d46f9d1c880f5a50f4c1a68ef81a89d,f7af37740b98239f34ce4f8cea1243b61458f6b6,9c8ccfc9d3581f28d562c3253b59fff5c1284b27
6d55355c5625302b31d33334cee50e69d928c125,7370587cc3559bf83bacddf74551cf2d5407e250,04dc7133e2643d7ae51f5da67b0eb03a313836fe
9f0a9607d77ed0b9801b1aae111a948079772327,331504ab02652363181f4f92a485df6e0562c8ad,b42362d17bc5320570ce38c864c37a153a89ea48
331504ab02652363181f4f92a485df6e0562c8ad,e404e49506f002f7e1520c5d88a31d97bd3f4dc2,7f1ee2bd7a90f506f1afecf223f60817a9abbf73
3005e4b456a261c84994dff8329573de3dfb7102,0be126a6a3fe5dded6c59ab2fc3fcf8c65ebe571,ae9e8f083a6e846443de65579f787396d3f048d4
ef1ca33d0ed0adb8ee100fb0606dbe4116116404,fe907bf596ffabad3c12ac35aa8c6a1f9ba59fec,9bc325ae7ecad0c4782db9329e9f6c024842545d
0989531a7ad2bb5845ab17aea9eeba180d47b9fe,8a50865b3ac9449f93c5d717b6c46e07828663d4,fe907bf596ffabad3c12ac35aa8c6a1f9ba59fec
fe907bf596ffabad3c12ac35aa8c6a1f9ba59fec,fcb155067e21990ab5034b5a12d2bd19573a6223,8865d6b4b4941f3125da2e7d8a6699c18f1e7f24
8a50865b3ac9449f93c5d717b6c46e07828663d4,a61eea65b3ccafcc866701a86517455b52c6e6dc,fcb155067e21990ab5034b5a12d2bd19573a6223
fcb155067e21990ab5034b5a12d2bd19573a6223,09602f363ae7d8f70f54cda73e1cc83b10dfbf1d,2ffc3d5b31e5664d8b094bc2b8812e5f3121bcfd
a00dee37de79e551b07f665add35ffe7630a1cdc,7c3c1e66b2ef48b3170fe36a033b511ce06fd474,c2907e86fbbc77407becbad21cd8092f66951ea3
7c3c1e66b2ef48b3170fe36a033b511ce06fd474,559ca26f65667ae51503630b5e4a935d7b3932b9,d683eaebfd13ba2d2000594807871b0bb8ede2b3
04415421c26cf1a801dc14ddaaf5e5ae95240b42,3f611351ecc6078159968c50caf5e004f9ae03fa,e648df19c21da180d24b62de1c30c26e83ea5f1c
7567acbf7f4e0836f36a52241827d690832370a9,ab6f6c117e57891ac74159511f5b6f7343e30b02,69e23d429d432df67bd3003b2dac0d40373cdcf9
234c82e7c8f42e73161e1ff19cc42541efed1a09,8d40862ae12764e6a41a13d37c745ca586204c8d,f538cdd26e05686200d1250a9d61b023d21b1df2
8d40862ae12764e6a41a13d37c745ca586204c8d,e89b9be7ebeac90d8779c4dc4bbccfb278972286,f99c5fe78cc33b69bfaef060ebeeeba65fe01b89
cdcd5867274f35c42f7ad66069a7106ff165e62d,6c5808fd628c018b156ec321d28d0f4f95482146,3cb0225a8eb14cf5691e3623b9eb3305d2d65794
16373045df33a4f040a9691e3d5a3b41f148a6c4,72fe12588fce58fb98eceb5413e2841a1436c429,ef31edf4c170238bc3959c7651623a8251109b39
caff2b1a7c61210ec6537288db0a11a658a2d446,44e9434e7ff3e144f6c8d0db0eba3aa4716433ff,25e9e5ffdbd77bb70881c0efe032aa7c0d593816
24522586e91cfe94d6cb032cc0955e25ca1798f5,a12c01b2f738285271903fabddbb6e2b6d0bfaf4,c12c610d6c005c0598fb58569a3e2c49849ed0de
eb9e4d58c25f530cdea99fe97ef1c975b4371d05,777f7bcdbddfa4bb7c22a49f7002323e32d0c12f,a12c01b2f738285271903fabddbb6e2b6d0bfaf4
a12c01b2f738285271903fabddbb6e2b6d0bfaf4,08381cf44e1c5d0cb83768abfaa78ffbc12fa611,b2c6cc4d38eef4ce600151bef247bd69be4c9e99
9127ccfeb1f850611f31371e56212c00aa0d2c67,d29801648258ee0b1833f87c443e9c816d718040,d00e75d53d26458acaf551775b0b11a675bf8fd8
1b83868c7592cd4012377d760b7f6b9647dc11cd,43ab38859793db93fb44d259f07adaae9c4824a4,2ed14cf851ab55cf150bb582f0f52077fc6a2161
43ab38859793db93fb44d259f07adaae9c4824a4,53b48ea3c81a6c82ccbac975f39fa0d163029263,3e17c72657424d7a10cdcce1e3b0d0acb2dcb7e3
53b48ea3c81a6c82ccbac975f39fa0d163029263,e7afa12ef3846111a85a90b14406b9d535a7c1c6,ecbc2196fd6d161a2e211df657cc78c7ae86aa53
e7afa12ef3846111a85a90b14406b9d535a7c1c6,1ddb3111e509eafa6396221e383e5869e220759e,660fe171bfd141333e4635a4fdfbed6502216e4c
1ddb3111e509eafa6396221e383e5869e220759e,fa0e400bf7eb281f58ee99b8eca48d73ba23c3be,736c702db5368d5bf65d6f9ae54fe3d5726ec80e
a4a390c8852cee86a96ce3594a6ff3a24fe5dc0c,6be2fe81ad2f9362b8df086d073bef379250ccd4,fa0e400bf7eb281f58ee99b8eca48d73ba23c3be
02292da66d031cc233847f37586c59a7e5081782,84e283c72eaf060f44a90de2fec1939cf438fb19,bde6163c9bb73de8eebdb541b3a30efd843e62d7
84e283c72eaf060f44a90de2fec1939cf438fb19,4e9ff29535326e7a92f4b3897b685dc2d2b908b0,29efdd28c9622bb631502f41b8c3a270bbc04f6b
0e62b87169bbde297af55dbde109724f913ab8db,d2843695047749a350909b69a26d26335b388083,8e771eb76fa86ea872e7232d28ef65fd90f3cf0f
5bdeccd83bbe2b3f4cfd1fa8aeb3832c3a65d26b,fbdaf33c1d58f95e51a7bcf71db13a5b77cfbaa0,ef77c16b7ce655f8446787041fb597f2fdf3a7ac
171ac1847712a6c40ce1e83ca5c951518db831b9,885cd47e69a8fae050a018556e2866e3013060ec,275a5bc83c12ddd601413404a044bbd160c14851
6d3549cc334bc153df10dc5f46921425a1a6d9ce,1f470098799ad9d3e12ea21687886f127e5a2cc1,5cc0355b490e27532b1ee6946d5588bcd13d77dd
139d12b2c3e826df5273b32abb5b6cebe041c2e3,a538b873cb5dd9a6e04fcd5dec5c905f39d85026,19c16f3aa1ea8cee5322d1c86279cf5dc469ac8a
0e13cbefbb9ac610316b9ceae355ff3bb68a3e85,387c584bb0e0371b4e3370ee0ee4158c2b213961,414893a766e87c3f315088c5c5ae46e866ce3f2f
387c584bb0e0371b4e3370ee0ee4158c2b213961,7922225cb269de171651be1c1001b341eaccb0ec,dd53321f4be6eb6f4e832487542ae9e7cb56f9cc
4d8ab41f7779325457e214550e074fb3b84f358b,2151b29d6f0ee160bd27b9d936ea5b6306f12a22,f995fe83292fc7ac08e9e333c5d7fcefcdfdbf18
7922225cb269de171651be1c1001b341eaccb0ec,2257febd339dfbea69d7d8c0d31d60c4931e7a20,d0a04a4d5f54851f2f95a12c7a07db1d9c523dc0
55583ac3c16cf083a5994ac3ce973850c1be5bae,a4752c5df6e66cb70f9fb4b54462fd66bf583218,d0289bc26c58cec1331de625a54a5ede841c06c3
d0289bc26c58cec1331de625a54a5ede841c06c3,0bfd895a59f8658808fe9a475f246c7161a1b65f,7a035ddc9442a2fae85935422f5feae79f5f362c
0bfd895a59f8658808fe9a475f246c7161a1b65f,44a7b92236fe9ef4b9bab577aa088b3c5bd0e1bd,61ffebfa5604a69b915a6828b23d17711c37fca6
99c3ab20a147568cda563ccef64fc4b9670d9b54,2fcae0b6bd72f2e958be928369b91be50fdd1b35,8ada717fb162a58c7c3b333d928e5f317d02dbe8
a3f30ded416ac37a43ffadff1f07550e3f7adebe,fe91fb438dc641556c4a76e4d726d9b468c94c10,2fcae0b6bd72f2e958be928369b91be50fdd1b35
1942d305eafd5d531e7cb3322f629cabeb846996,eda9fa5e0cc4cbac91f215cafb37d439de4d5c7e,ccda9a58e5c7988fda15c659f0b7460b851c6af5
d7685349454b5cb49d8dbc434e5d757c5edd887e,c59b518bd8e606b02df1f5cca69105e0711d9cae,c43b80defd95c609dcf25bcfe7ebaac46299c735
46b5c419fa6f6fd0e4df834fec63fe8442486f6a,5090f14b2982c04905110ca1eb0d7de64ac957a5,e569c1d7896cff017939914e7e787b356334ae70
5090f14b2982c04905110ca1eb0d7de64ac957a5,a2d54feea67533bef06cfc201068aa3a5afa7915,826b2d29cb8c38b39e5c23f8febad4aa8ddab67c
892484ab6408fb5de14c20242b550c5a5da2840d,a5490ed934f9c4a9ce8ec2b2e5311a5bf533bbb1,7dcc851226bca71d5e455e98c52128b6c2673b01
a5490ed934f9c4a9ce8ec2b2e5311a5bf533bbb1,1bc47575fc702f33a4c0c85cb5f5476a33b3fcc3,717fad7443f86bf56cf07450546c809e594eb0da
7dcc851226bca71d5e455e98c52128b6c2673b01,9827f05e00b8746a21365add0b203fcecb146964,1bc47575fc702f33a4c0c85cb5f5476a33b3fcc3
a87eb6ca3713671d530be4f2fc5f588d81411bd3,c2382cbaebe614108064e6d4ba8dbdce50a27cfe,2a1b9e654a3bae7b7bd4ba372b16885ea2143558
553cf59e107973452e650595ad2edd6c54bc1e8b,eef5659f6326f0b94094d439b7a760526a1f9948,c6a0ee4328c019cfb413e6b25a46816c16e725b9
eef5659f6326f0b94094d439b7a760526a1f9948,845666f345abe749ff727c4b1310e610070efe81,562fe7edddd5c4b679265270c93bc55cae8ca959
24c73ebc0cdb763d32bf3917c0cc9a9f9942161a,033345488c10252c4d0bb1a7f6d22c98fc96c026,3c7a11f5fe596f41fad3c3e62443b10db653dc73
ebe20f3fd61bd60c91058cf236833daf1830f30e,8e0becb5b0f52268ea386ab08766131d0b1fa1c6,48147da0e5c87b4035ba920854dc425454b243f2
8e0becb5b0f52268ea386ab08766131d0b1fa1c6,48ab963e7f0f9ae0501cc3f09ed6c18aa6ac3d1d,637be7cc418e15a8f5e01da2f9c3246f87fc3a97
b4b5e4e284c3c15e409b60aff6f1a58ad87c4bf3,5c047fc6c8eee8d1366c646d5aa604581fc84153,9d9272e319c9fc5e92d1bdd154ef96465912c351
9d9272e319c9fc5e92d1bdd154ef96465912c351,b58ec3c6f087631afb6206875be79b91ad602437,b04566ad0087aaa98aa0ff40af4344568bcba4f6
e67d71a3a5ae0f644da91d3faa8af0653413adf8,3de267cc126a5227df588fc0e57ec0074b451a13,1c5cb21733859d3711ed5ca80143f3b066b8e6fc
3de267cc126a5227df588fc0e57ec0074b451a13,450c7e7bbddff931a76e0641f07b78a6746b545e,076a32ee89a3550e1a21cb2d04eb63f9bb6082c9