d339c019da5a4e36cceccb2023a04b6ace485528,56c7959516f281be4bf9fccb9f6a9ca03fdfa6b9,32777839ad0fd41863e6624bde443d3a8a45cc9e
fc4b6d022a20f15fc2630e766ffb345e52f55802,9b8837b2c91e2a832ce57cb8c6375db734f98916,42a8b45346a548bd93636a5948777aee0b883fe1
9b8837b2c91e2a832ce57cb8c6375db734f98916,b5b423f4be8302b753a072447e6e9109fc500302,48ba501fe81fe5a7ade11b4dcdbc7531d787fff5
b5b423f4be8302b753a072447e6e9109fc500302,6833a231bd2ac7363b6c393cc4b765adad4901ea,0d41aa7b173abfb83a6bec3ad39a6a708bc49108
0d41aa7b173abfb83a6bec3ad39a6a708bc49108,9d60d81c91ec2362262cdaee3ce096a1d2b9f450,6833a231bd2ac7363b6c393cc4b765adad4901ea
9dd6e135603822def28f59f661c66d9aecf85248,6254001877bec03e120fa2dc7b61f2164fba492f,49580b9e461c2440f3a21e754b634542f348bc82
9d9105c5099c015ecfd7a7dbe3840ea49adc6f14,215621acf801a04d2cba4c1f990fb3844b9243d8,a0a38c2df43f2b2786cf962ec39feba84a94c4ef
9d60d81c91ec2362262cdaee3ce096a1d2b9f450,51613787a7cb8be79435f039ba2ba3a43efe797d,215621acf801a04d2cba4c1f990fb3844b9243d8
743451ee9a5b3b0fd02f3108a3fd1d10ad60aa17,78bae4e98226b64d3c7ba7b9956f63e4f8c965ec,2baef158f71c9088394e85c4f2c30df378559024
825ce50c64cc2d9aaaddb453e6dc417aa64fdbbb,78c16b0bda2d82dcb438d8a69d17f63565ce19e7,ffe16c87ea249694b86fb21bb70036c85788e38d
78c16b0bda2d82dcb438d8a69d17f63565ce19e7,b411d71ba244f552e5487a69e3129f4a60e39017,f2cd964c6bde47a339e06fc3dbacd4cc58a35f42
ce3804155af648ee00c6f9b8e997400a4d08513a,35c73fddf78380f69e21493674754a2663a36ea9,f8c457bf49692aab47c98c1f558c8f0733311130
3e58a70435975dd13a91dee132fcb6a8eaeb943f,7372810a4a3693728bbd3dff4384818dcf490831,00eeaa48873654dae7a2244604aa1d36bd4f15b7
d3bbb6df71058f3f3b0e7530d249ff29d114067a,d5f3beda1802b4abd402363bedf8ea5f2d1ae2df,125ceb78c17e589f3b9014ff3d2efe1baa332d73
1661e553e2add809cb5b7addc9e275ca4691ac50,15c82448d08ea2eb880a8c86133bb4dadca9e67c,5aa4ec90dbbffedb40614b6e37af03f02054f051
8882fc43b8f6120388928e62b7cddae429dcc539,ab4327c82b1b2e38b1d8ac5576f32a49e4441ea3,9bce510749510c5b91dc86e234a27935eb73a0ce
31a77d03d123650d2fba666f40ea996a902c3159,1087ddde951a55aceec163fa402dbccdc9949e40,395f430663fcd7552876c6ae964c2bd7ffc85706
2ec9c41a8f365de6138c740cf9fd24c37822cef4,a139bb24ba4905182362e10e658f1f69dd1574ca,dddbe0a977ec799cbd603136789df27656a64f61
da730bf8c7dbc174a2f2a4b38f4130eb1f202233,dcdf4d85b7d98dc2a141a7418f1bdf8987586b40,9874f86f3acc60a08f7cb47a1e2956fb16ea9fd4
dcdf4d85b7d98dc2a141a7418f1bdf8987586b40,20daac789aa07d768f829c610d20839246f71ba3,879ec700485edd9c8b1a653a60415cea7a34edcc
afaaf95f984f2e2a80670b980d421683ac42eed6,d50e8d64950277f968290d703d47686c5accbac0,c63bf88a5d6d684c04d9122d153d3edf3a9d3d35
9665b738b3ddb8f99eadc967d6675f6e83cc034d,99fd27dca66416dbc047c729189d88e453d8bf54,b87f9a6dcf5cf5dd8530ad5b0ed75e625e1eedb2
aaef0d50a6fb47f1a5945bd6e08d361fd3a9afc5,45cfbf9bc62e24f1b41590f89bbea95cf36a83e6,b1a902080dabcb60afe5a1b5e7867c1e719452a0
316a740e563dfef963927e56bea0cf31f87a91a6,26475880d334509f7437b333fc27b418c5a02276,91c2f663b55c1015653c092b12bacd666f2debff
b84ba3aeec160aacd91da77847d98b5e31fc9e52,12305495ad8f8472d0788b96f51d907283000b99,d04c6fcac5f9d19c6c8d361dd2b577c5f28a478b
12305495ad8f8472d0788b96f51d907283000b99,37a92946e0a36712d59f4e9c8b5434e2bfb4c7ee,1b8ed8b836affe02d3217cf46c9c92fdbd2e0872
ac908ed3453021f10a849b767ab18b896ceeae45,94457c532372489454f7d104333a404bd7c23773,67a0c7e2fd442f77830a2ebceabaea0070083eb2
71a1c2da1ff63085640b615b7f387dff05141e64,7e3ba245f7fc9fb2cc0ed753ea7f51f9038c4b1d,ed212701c88f54199dee65a3a8ff242d85423ab5
439b751632053d76e4bace15bf1e0f97dc9a8c98,ae3fab707e7c776d9f414d7e9877f58cfc64e550,396166649436eca6f7f3be4285cb509ef3961d04
ae3fab707e7c776d9f414d7e9877f58cfc64e550,f1a07c014f95da8b545ec4087f2832af67baa292,3de98203abd72e494a69e08878718e0d01495b01
65516ff72a3c14d67bb3b1f8c83ebffe419e2e9b,6f04252a355b76183b7e762ca6962b371d215e5e,5031fc74d5ace429fac676d0095747a21cd80d29
5031fc74d5ace429fac676d0095747a21cd80d29,faeac4ef3bff911e1a8794ce5a9a691835327438,8a5870bfcf7d0aca556f6f952f016feb96728d4b
fe62cfa50dc591b2315788001efe7421c16f5463,b6162806c0e21456bda6d100e62ef659a78f8796,3465b65abd5cf9f7e205b9e547e72d338401dc30
2d76fd0572043f8b3d80dcdf5cb7f33899ea81b5,f236b95c0d1ce67932f0b5b4e3ba941af18a197d,144f9e9167a157b09aeb2c72de9d3230f95c0ab9
b2a0c3e01650054ca217657184f79e2654fdac41,92224c5a7679b0aae38958874ab0481d343c5b6b,5047439ae368cd7ccad0da819f536f22bf51444b
5047439ae368cd7ccad0da819f536f22bf51444b,9036c422b93324dba7e79484932be0db9cb6a7c2,20328d4affaa75211c967508edc476e82977889e
049774dfb5335f3360a5164f416160182656ff03,91d4eb356a7882923b2be6ebb4159caf63f1495f,6fd0bc47502a302f27464641e30dc81f849bd349
d21dbb67b2ed1312cae9066f21ea44f11ef1fdd6,dc3e4eb657772206f482fb965757a5fe17bfe024,105c8536b507f300adba455a95c8763e79df5222
6ef8fb175bb84b8e44c172daae3efa8c9b6f8b01,98a292e76297e9899cc5765f1b5c02a2caf798fb,a406a1163423b436ebd75a9e5bfeaedf57e2c721
2abbfd974f19dc34a2d14bf1e16b2c961c157efb,c62512b29509e842449e8e8542febfb3220a1474,82732b39c8e373ca13ced0793dbfd47f254a432e
e01cff520d4a31c4c3c78bed766f3ed2f54726df,fa54b6f251dcb3661ba177a226e2380236d64c26,a4eb18ada8ab5cadaac4e5dfad80c67cdce7bc9d
5e971c23719ff28da202386a47e76963c212872e,bef58eb072ff1b4b99988ca9e6975943722b1c97,88148378922dc6e5b8558803f54a3923a95aaff6
2a7450c4f6a0944c946dfe2ee2af69df5a9fcf1b,9b422dac7ccf6e1c9328174af8f23644e458c1c8,c68b6fa0f76acd9fc9158684e7a64d4e42a1b52c
c68b6fa0f76acd9fc9158684e7a64d4e42a1b52c,ed6f4a76daba209ae2e54afc27d13045964fc61b,d7e18e11138dfc5955c1473edf7d1c1f16ca99ad
58e17ee654aaa39472354ce6443837a4363da631,0cd46f0f4e77834d37b1847b43da0e38011f4124,de814c2641f963068662092fcc1e90d5014c427c