8667e1354e9dd7368eb2f03319dc9fdb3231a4d8,4e0ed3616c8c4ab18286b7b44cdc626ca354b975,c58cbf320e2221236ea12d563df2a45ed5b13ea2
18ab01a21f65d2af80efd6d21fa5312944f0d489,80c6881181c94f10def31d97cfc71941d94b104f,03ec7315102c64b9ea815cc079a4aae6b06cfb3e
cc49a343610c025757ca8afc66b59e695ee6d265,1fff8142bcd223b89cd6ba8fdb9a40cc1db186b7,64191e4d017e892ff407a9b22106071d57391deb
4470d48ea6b8ea37802e849b74519d430ec1f8ca,de4301f80fc6cfc2f598f7bfbc8a0a6500b7b69e,c0a36c8fa3c57e2ebdf21e2ebc30350d88a942bb
ec9ccf3e69b15c1f94bc7f777e23f98aa13242a8,f2db4e8df77f6633f848d2dda89a5de0d27c9cd9,a82e104d1595c44e5c9e72484db7a09fd060a129
f0daca821313a2d8fa2475c36121e60c98221c99,de402e483deba6f7ba635d9910ec9e34a9846c7d,7fe6f82ea7121f31a09942d5f7b2e0b22abd1466
3e619b855f3010b64d3108472370fe5d41711701,1ce0d324e110da31aba7cabd36232870b0e63e3b,7a741df5f89235361066526325517c276f1b9033
f52b4dddcd88316b073d7a0416fdc7562bf35c76,ff6f9fbd8ecd399a409f2ab9e59c4b1b303fd91c,53523ef98631a1b3cfadb654476aa2529a40746d
adc8e87813381f2324c8b9be9aea1f39a1bc2f09,9e7a1b5f23b033726f5435a71aeec891b36579fe,4e7495368c54943b60688635f723ec9e9592521a
d7f59ec059ef91eb05bcee18ab3e6914a9068391,e26637f92aacc074a01a343ac4bfaf619d6a3cab,7420a390d179900a399cd55cdd7d4f0fb8fce81a
f4cdab2b5c4815dd935456f6478ae2c9e2c7a642,a9a87f4f9cec5e7412a097a132c64cb8ff671663,a9f113df9c745c85b8ef218145b131fc3376e9c0
c1dcb2cc8cf3a7cdb9005b96fa1f04a979a4b87c,0f750a5c0993104f1948ccb83cd996fc1b7ae404,3faa4cb2f826640d633dadd56285672e785879db
0f750a5c0993104f1948ccb83cd996fc1b7ae404,441429b8f143f5f815c8942661236dfcd3a7b8e7,1f97f7956fa7bd5efe9f8b61e29b4d87eccb6e41
441429b8f143f5f815c8942661236dfcd3a7b8e7,fd4e61784b97d946926c285a20a18d541bdd68ac,f85723ccd6f9cd6a50361c31e14acfe5a653150e
fd4e61784b97d946926c285a20a18d541bdd68ac,69da23a6e0624deeaa2950469d6aee8b5151fac2,c8948cbde263711739edcca54ceba6419687b6d0
7a8fe39eaec3c940b137fc135083299d2855754d,8467547f7cdd3021fc54196e9f1773fe6a5e625e,31d58c8bc053f853b0f2ad0d5c3a62a81aef934f
6bc445517224aa86cc4469c8edbbbb8e0eda88c2,4bbcb17d354b8bbaf14d085492f93d39730594ba,7ac83d5628c5081d0faa6c3e46caab96c2a0cb1f
ddc8d77bff6b3500d8084d598e26026ef8e93c3a,69fc408639d4ac3a87916942d230b8cb1089a573,644e1e9708673983aaa4b77bd97ea6bb78f6d8c6
69fc408639d4ac3a87916942d230b8cb1089a573,b685ea20bcee0bb1d013218b547cd1357fd3cfdb,3b58f3f3c23f7713c8659f8d5a2435ea1c2ff64d
b685ea20bcee0bb1d013218b547cd1357fd3cfdb,a682d3759e3f2a0c6a2729ba7ed250a514cfee41,bc35a8365c2bb57b5877da3da42ce67e776abb6f
a682d3759e3f2a0c6a2729ba7ed250a514cfee41,03c3fd805a42a3a0b752ac0421c41f476ab5b31f,3e1ac2425f3a58a0e4ef06870ee28cb6b8a42d1f
7be64670fa7b55f0cff54c3535c077103f1b5050,9d1aa47c30a49ea923b64287e299fe36b928414d,dba86dd0dc2739e602a4cec7ade6dd48f0ccc99d
6faf9b045459b252cce6d47b5271aaa179026eab,0ebf7c06abfa16771a1e1126bc037f8836b88468,d405708fbd41658313cb52b5ab28bd957a057a88
fbca8e62eb01bff17a7058d1ec6f1d8fb5759b49,9e2009a58d6417529e2c4e53783426374225ac70,614153856ca18f4a804beaa9f3fef45c8085b112
efbb7375e9f8d7f4cd7d830419caae97a73afb3c,0b0adb17da11ef9a05bbf99382593b566e23bb36,81290e85ea42d23a2c691d03f0d2e20e5ddcc703
5fbfe456047abcb22797a7a5c99078160deb75f4,7b13e4998290225367c2f08a8b357d677307a4d9,1ec13468d8976ab3a2bc5622838f244350b9ab3d
0c1fe2e808c27c3eedc599f57d7ed23ee5df69e8,36f97281a12e1cc00dd6eb0833ae5ca5da433fbf,a6a60a74433c946b5f89e1670f6b4bd84554a65c
cd23b536632b89723c538f5af23311cb92bf0cdf,7c4fc588f5ae3d4d3e838354ab5195905a2a4184,c44a4af08902ae209fff690fd84f33041056d424
f93b17b69cff28509ef8f286510bbaf0a0b0962b,72ed3699554e8912e326641cbddb3cd35b1dc8e0,1b0e2a5d32deb904dba22f0120884a41acbfc76f
f5cb42abf6f386aa64d1790b19809105779f7161,10df5e3270d0c06d48adef559528712debe1294c,26179d252ee80f00c72d3459f4b479db7b329057
48a4eafd9d7164795e5a822946cc6a09bd33fc60,668692081a95888d61f0c34da9f384b64d1ca017,c05c16fcc1313c665f93310ea89fadc1f1258488
d635351193b465fb87858d4db20a8cd98ca70337,309e932e89ca40140a6badf23809a1960bcc391e,5a8797ab9e2c2fdf9e3cb94072f8acb9cfee5eeb
0eb2bddee43c0a5d7f62a9dfca235abfdb8ce6c6,302e44cd122444095502f2ce0edc1872dbea0458,2de6b920744e0d53f8c07a02dd24b31ee56c6b6d
012809823b650c0da8033f12f5d83c675c155470,d6980bd9975c38ba25e7f84c1eeae64ce49d42d6,030e363b9089d52acccb1bcb730965ae68bcd523
e2d84dbc7b4ee9122ba095a8cf06552afe61b6e5,750323c94b6991abe52fa747e29c52296ac21d6d,1467d60a6fb624af6b66ef493ee1be47db8fa86a
59cd9dea181cbd95b7b768d8b130b5b5c26ad44e,a2fe703a75e40db86914466ecea76a175f64080e,5c7d429fa3af807380c2eec44684309be8d6a8b5
cb79b95279a9a6692e4d2cd9732c3e758910e72c,f715f1dbd08ab71f112967b78708c6269e634ffb,477c69301e4897ef4e38d3e9500c9c9b0b9fa450
1ecf127a65b0e13cfeb741fcc52cc366e7cabd2c,a75587cf4468654d1b7fa775822965b1eaa8dde9,de44daf67133a4122fb72007be760e680bcff0a4
bf24cb7de8e00f6f394957208944daa347a0624e,e41871ff62a247dc98c5e3d09b0db307d7ced448,b942c0fe43009c9aad3e6c6b09fc6f77208ba427
8287c7b343d35338f7536564acadd20ec3c08abe,69ebfbe3e7ee3f01e7b11753ca2ea04223b61c91,9489ab860e95f0bfb6357e867e203717c626ed0d
94d50d8d385a4807d49aa378d7190b9020c47f65,dc88b7d6c13cf0ee6c35e9f3c89f767a7dd07f82,7018782a00d819ec3dca3a9c2a253aadffcd2139
dc88b7d6c13cf0ee6c35e9f3c89f767a7dd07f82,5f5716902552dd8cdbb6c832914622d8eab2f2ec,f4917aad26fb0a2531e9bc3266cf40dfb47cb0ea
5f226197b964a888ab3d80a1b09d825d81a058ac,67dfa327a59b69608cb634a0adadb7dc86364eca,dbf9a62a577205bd9f65622e812e4e71d8713d3b
b29a6b5e9f7231d62c1f4f00b7e8137780721e60,b49f93cff54f901c5f0fd66b1147428d682c53f4,cf8870dbe939276af546d3dd70895bbf3e976011
21d592b8086f2417b94a33d92e1281d8dc27e095,c0f3b6aa882354488a6fa4fec62cb543a4986bd1,9fdb496dc02e462f7e944d7bf17912d358a48c09
42734619b4dea3536ab89968fc6cd41477010a6f,dfb4f7974c603904775561aba54a6b474e3b08a4,41515313293d954dabc1f0f691efb9e2a151c284
15f966417688e3f93cabc111f7c0c4049cc186ba,b1d6fb3f74bddcab6536894ab7493c9b583db8df,4f45e3ffdb2c3f5750b41ce4449eaf2f8cd40396
b1fac07d4766fe7ba6b386e39bbead36a8d3a68b,2bf9d313931c648e4ceb427de109cb4f5dbad4f0,f0e42439ea027bed635cb91283d47b48a01cbf9b
259f8cfee25ea55983bf31378a0d523f720bcb43,82fae629b04a426e0fc5cf3a005e61ddebaa05e4,cc231535f4ada6a7a9988069e44afa163b56fb10
c575f4dcbafc7c2627307056703cabb2371fe5ba,9a47091b8c597f9e256abdba644ba4c6b5d76397,3b519013e4a4d5f6a4eb7a9b77b14dd39efccc77
68369ab848e2e2c7b0b14389ea31675a2ff04042,fea1d65c1698ba3036a09eb82104f241b8c03bef,7548ae1c27c62d0d93fcd3d9b71f330f32fca809
87373d6b4551917e9b6d5b96afd031d521a8a285,d9ebbd63c836933b9e916db1b1a1256bf042af31,3c1b7e5727edbc24d0d002f91e4284f90d3299d9
d9ebbd63c836933b9e916db1b1a1256bf042af31,86bd43543e432683b10c603a8281a798f8fb2c19,90e41e554e9e2c4731b7528e983e9975a5643887
1d70a66a6fa484f9e44231c528a723106ad81371,3fa6faf98ee367b148e800e1cad4f7323876139c,dce24fc2f265981aeb649fbd49bdb549dc74f31f
3cf0cc4c32c19c2bef00c897aecac1c939656a0c,97c450bb23c02dca2016b3e6bf72717ce25024c2,556b56b452e9b27ac19432798e0fe3959e212297
6733789f0df6bb0f62a0ee741641de33752b0bbf,fc3c586d6070b01c8ce55f0f280c098bd865061a,33a7a95b5ea93c68ed8746d7e36d02e012a133ae
9443e8ddd0bbda3a55ef7986adce9468dc3d8ce0,33994d5021078ea8d86818b0b206adf89a547949,033f036325c5f9ec8baec2ee9a5ce7b0b538b9f2
b9c777f0b5bfe305cfeb8b5cfa8352725a8819a6,701d97bebb2400acfb5decb1d900de0d15802b33,afaaf4f1472b636f85eb5b7ddf87826283839049
7a9d137b4bb1744c643cf365613f443ec6758d56,511639b834053b80b7b0e907b335978873043f5f,510796bbf35ed0d06a3689e85ceb9b73d224b183
5a06bb2b5d18985e3d409dedb4ee9aafe98ea941,6a21cad87cb4d496be21c98745e03ca68071a792,22c73ee6b25b3f55757672c683ef7678562dc766
6a21cad87cb4d496be21c98745e03ca68071a792,cc031fac5159f97a46d426bac169885485403bb7,9da65524cb26792d857ae0437b2d27fdc0a4d0db
cc031fac5159f97a46d426bac169885485403bb7,3383217e84d429df31321ccffd3ec88257e889af,3925ab289d9e6b852c9ae01ea32db35fc029cf7f
3383217e84d429df31321ccffd3ec88257e889af,e6aed2ded4c18a726eb4a5019c30af5cced36aad,5e798ca0d769f829f0e6a5d470f614a3e38e7b24
e6aed2ded4c18a726eb4a5019c30af5cced36aad,b1fba8924d0a00dd11a027e624c0d51b673f0e9e,9cd32bce5d47d1a4832087dd05437a7ce7cdfcae
9d78d7ba8f1470a2187e3d6938e3ae34ee6b132b,cb94180713d7ef10408c0576b959aee39295ee3f,560951db81359fa6feee4c986e3766f041e1fe6a
e1cbc5e76088e65d149bab24de101a7d89ed90dc,68dcafe4566180d3294ae22f79594b848e1821cb,a3f1e00540ae8ff7964fb4dfdb66d10fe6686407
a3f1e00540ae8ff7964fb4dfdb66d10fe6686407,5636ead859a589478c8e5b1b65c24ee531dfbd44,7f73b1c90993ca0a0870dbbaded9da9ce252436a
c07ce2b574713499d588a76298ee10da3ad8e31a,f09d2c5d5de6f6972a534a30b81dec810ee7f509,de416ffa0559f4d28189f7c066b910d2a5ff9df6
94f47809855c13e86b37fa5e4e652303948d1e84,1563f0c9bdbb2f5f499898065128c9142a0d0107,67e3d8f6746ed1c6d64f6a4d162c585bc38ce96f
4ded98f9166cd2af0f78a4bf1f2496ca0927b3a0,6e61262bc7c23dd5b65a11b51b980cebbd44beaa,849b6e93c44f7ff02a642e5f229e632a247bd924
6e61262bc7c23dd5b65a11b51b980cebbd44beaa,01c08034665d926f4c5af1cbdc76bdd20c7dc903,900e21a57f8dc007c26a34c2460418bae747ea71
aa93e80bef427a1d5303a09c6579002c1d462cd5,a176d127ab3d730fa1bd29625b211852c6c5bbcf,47e8bab3f70fd3cbbe52de691220960ce4c7e087
a176d127ab3d730fa1bd29625b211852c6c5bbcf,d63977599a4efd86820d84fd9c0bf7ca5479744e,3818e3ad1d5e25770e3a3ada15652463fc9f5611
e70fe10388bf1bc75ab87b8b074307bfe0730283,fcff7c5163432a7df057e9db3e2c71a0410e0c17,1800ad5940bba29bdd1cd042f75c6338b665ac40
237701d14e13c2ef602fbd5d3241ce364d20610d,e03c84eaca172cde0b63ffe1d610c229e69f45ca,e12fa5fbdb7dc660fa28e32ec423a6dfdd8dbe9f
e03c84eaca172cde0b63ffe1d610c229e69f45ca,642d81611f85722afa2bb758ecc127033c46fb3a,16a31e0331065b25eb858b1ce8c299b5423b7200
13b16d27b218baa1f2c3081f0c382d347c5c5cc5,c4bdc72f187bd889fdd0c12835fcfe67a4e0a74f,d7e945ada8b8a800e5d834428e84e3faa74f7c07
c4bdc72f187bd889fdd0c12835fcfe67a4e0a74f,b820d58ba0ca1c0f4fbe7d505cf691bd1dd23ed7,caaf1d5da369d6e3fd35855b7ff17e0ccfbdc096
b820d58ba0ca1c0f4fbe7d505cf691bd1dd23ed7,cb1cbe1706a3d33b07b5a2198efa7821658c3386,0aa4beb237e83880fc40388ac186e414629b3aa9
cb1cbe1706a3d33b07b5a2198efa7821658c3386,0c48dc1b53b5cf10223701ac261b36d465c3e8b7,d84382c0d831c3391080feb4045749140f5fabbb
98cd2bdb2dbd10f4a78c01796fffd12fe261d685,99a189eb35153e81598642e0e786948a8c335dce,e4c4f2b8e1f048863bfae0b38c3e545109fbd64a
e4c4f2b8e1f048863bfae0b38c3e545109fbd64a,1c9e9863761eb03fa6df0d0d035702ffed57d9e4,a8d472fca1abf72afa638aa5e7e9bf1882d9cd15
ba5042ba9a32325b48c952ee90a928bef78f47b1,bb0b2076927ba23255ff6458ccee39aaed95f2cf,b2957c3d2909985d9bca07cf7d3712ace59868ab
bb0b2076927ba23255ff6458ccee39aaed95f2cf,76e137ed987412634f9c12731c446dad973f14b8,e28297a3e0eda9efdb12ca632aafb15478ab9e0c
e6576cc6308efd301d2de57279173bb89332f5bb,a9145dc6d9477e78c0d8bfb0da58c7d0d9408b06,ddd38321442b89b7979a87b510d9f04ec96943d0
e2d9710672e120f72134704e4fb33f0bf5538af7,8bebcb82fbb739a745d531af7914dc4affcbf49d,e30e8c70b33f4657687a2fbca3b17f732f9a839c
a9145dc6d9477e78c0d8bfb0da58c7d0d9408b06,f951eac8e3d1bde08e996f8d0ed7a31c5f3d3154,7fb38e091f9b8add541f1a679b1c08720043645f
f951eac8e3d1bde08e996f8d0ed7a31c5f3d3154,e5ad8a2c0f46a684dedf0e6edc0cfeb1e2922de5,e20e757694982e8a554e96f4a3ac5295f3ec0946
e20e757694982e8a554e96f4a3ac5295f3ec0946,2e9e473a3a829cfa9fd3185253c4f65716a246a4,4e0713b8456d3a0d81b08243af00d35b67423212
12003cea3c932232d59c25560f0c2973ab46ec11,0165f81822060e4f86602ba35bd351e5fccc37cc,8d2abba0f4fc7607a5d43c12828ca63faa70aa4b
62e0317830dcf5666c3e8a9dcdc3cd963808baac,d2dde508fbac6ccf03eb6ca201c1a1e8cbef6a8d,bafb60d95f83826c8e7eeb5ee778448799dcceff
d2dde508fbac6ccf03eb6ca201c1a1e8cbef6a8d,4a52bf8296d0cf1c8fb43eef69ce5211cf6abd24,90c2935ce995bed489810ae43e6d7616b2f2f9dc
4a52bf8296d0cf1c8fb43eef69ce5211cf6abd24,ee0b3569fdcde4ffe0f9cd2e8926eb63c8071e1b,1c0654ca48f57122e586bdf4cc91091fc485bd69
ee0b3569fdcde4ffe0f9cd2e8926eb63c8071e1b,b5682c99f7e383c297a6171e523c934c06955850,feda0f4f9885787ab6cdef05e331e46182344b95
b5682c99f7e383c297a6171e523c934c06955850,58b7466f4f546675136e3bd70738b6a1a768e38b,384bab066a56107864085f366948c741979e71be
58b7466f4f546675136e3bd70738b6a1a768e38b,adb9299b2be934f75a5c42477323717fcf8ae6d8,c7eaee8d50768f5942853167056a553f040806f6
62b3e8a1a6739ea5f349dc24ebfbb494260239d2,05860e9782f1a3d7505dea14f3e01352f9799c58,9c7c2a2722caaef9f0d06cb549fc622e4dd8d24b
cbce7c9f79a5971dbdf29496dca12dce9041fa94,e5b27bb857c284eb8510082f76a879b67a6e12ec,fba7059dee6957b527e300a21f52255ef0fff14a
e5b27bb857c284eb8510082f76a879b67a6e12ec,b1491c37885fc947dd88890dd4d7185619823412,b47b4d7591dbfa38254a2f3c1a67469e39594514
8a01666817bd6f6f69b7a5b08b1a3f1d1677f1ee,04b4e6010722fbb0c8e56f095864637506e9bc68,f9b9c3ce3fe93e0e30a12d09353baf1c2ee2d06c
04b4e6010722fbb0c8e56f095864637506e9bc68,55ee054c54b10c2ecd8fad0ff970824d753cb70c,9c38d8d6d218f172bcd0c14639010eff51a12c0e
6a8850d8d17f2633b0cdddc30f97de5126671ab8,4dd08f55cbb39f45d878be0cede5e226fddc5c93,af59f0b105f09f85cfcebcb89b2a7994167ac553
4dd08f55cbb39f45d878be0cede5e226fddc5c93,bd83df291e798e48115c9482eddbcc584eac2a94,b60135780dbd38ac677fd674fa083f49bb953671
9b2aaa281d159723705d4377056119f86917bc12,c3c9d74808e630f3663e95b81995ff96afe78f75,7c2527cd8be60b840ae7ad1faefd3b8f0d91b385
a5feeea16397d62737e0caa7577e0688f2b09a6a,80f7627285ad64c7782456724af9bf1440e19557,d9d0028e55d5477d66761fe53231e8750c22b5ba
b857fe3a5b1bf788cfd629ba0c19d8198851dc8c,fbfa1f6f5468bdd82938912e09fe32eda62b9281,6976f01637bbd0f3b6b0163c7c995bdbdbd96465
fbfa1f6f5468bdd82938912e09fe32eda62b9281,13c366aa7df9fba20af643c8fd85dfde7bbea16f,04882e0d196c384bcacfaa5a8a1df731b0e0d37c
13c366aa7df9fba20af643c8fd85dfde7bbea16f,0503641be519e35005a9664a012a04f68f737ff0,87f00bf7855e4b01d785872216da9de2776f81aa
0503641be519e35005a9664a012a04f68f737ff0,0502911041b975567490c28246c0e7112b1699eb,383059a7623d8edbad79f1a072f6454cfad75db5
0502911041b975567490c28246c0e7112b1699eb,0876a19bbd93f2159fa1959dec335a17bf8262b2,f11371d60751a03bfd632620269b475d8c57a570
0876a19bbd93f2159fa1959dec335a17bf8262b2,b95df13d55a4a3f4ff9b96bbe0abb5c1b91d9e70,71b2825b18bbcc9540081cf7550e1b23f7a6276a
b95df13d55a4a3f4ff9b96bbe0abb5c1b91d9e70,fa06c36be8d3ed70b7a518baa1561a1cbb36def2,97d47f93b55f4f68f8a18ff2f90eab19601dc6a8
fa06c36be8d3ed70b7a518baa1561a1cbb36def2,c3c9d74808e630f3663e95b81995ff96afe78f75,397bbfee871d05e44195d571d8a438ec1d223d47
c3c9d74808e630f3663e95b81995ff96afe78f75,15b485b75bbd2d69258f223e032ddfeddd117458,febca6c824e17919b9b62dd871a5aa30e42e981c
15b485b75bbd2d69258f223e032ddfeddd117458,8b2509f571e4261d999c67695f3012b39b13c2a6,06d6544343ebc4a9cbaaacca44713433bddfd5c0
62af1bcc7f68a1a56f743e97e0a00c2d633598ba,efced6b408dc2a2d43d0c81c8f13c9a19c8182a9,566563b2d674d0fd704a127bda7d4304513eb619
6ec22cccfa4f82f8de9174408b7ac950e6352dfc,46ff6bf76529c97da3c9f786dc76ab926cc350e8,00348efb1edd04450d2bfc2d7cbe08eb38461968
46ff6bf76529c97da3c9f786dc76ab926cc350e8,502c1cf7af877917fd1c84a325bf12e69eec115c,4617aafdeb1dafd370bc346ffbc141e89414dd3f
1a8a477c04c075028dcf009702d3f776eb6085ff,4806df742e23c0a6f68a0b1bc4171a1bb44b238d,502c1cf7af877917fd1c84a325bf12e69eec115c
98cf49e2fa2675e62dc0d732ad13f367a70e7229,3ec32fcc98173f39e0ea8359076af063664561b6,8af583a8d9ef8b6744a3a1132c0d8bd2e0d22659
1c9381e9cad1e8bf868913282c3b73d736eb6dfc,138be0b945cc8e1ee24d76ab6c1240c3f3628565,f97bf0b5e4061b10c5e6a9624de97f138583c003
b318e1c9ef54871f1a3e7cd585b1d8dd9f3a3667,0f2c1152b8075220fd919a664d543a91175587af,cf54e340cfddc1d32a0d6fa3eef7006a9210a35d
8bc1031bbb6975c77d28c1841e404372cae3d98c,bf6edfd4fa169cd9a8e34d2ad4646a04782d8a91,d52e8034dd3cd6b7241c66cc549d9bc188832707
95eccf6869f8eb0dd89137fe603ff81831de0741,a5c2b8f744e9bdc5c66d6310bb2c514506f41766,d818411286f49693e2aa03a3cad078f4d99b2def
389fa5f5e557f692c32fe339c2916370feac5dee,6d147dfb518dfa178bdf2e44fff54b0ed003da63,1ea03bee5d018ecb688349b59d00d1c890a1c7a5
434012986006138a1420a9896f7aa6692ee901a2,91d1c15a4d4d71fd84c097c0e143f6eb2faa733c,ef69461efcd15d2159c0dadc575e9cd830b47853
a57c47cc1d40e6b87397151b1390346d33739fce,0407ee5352271de822cade662353319f6eebe5c8,67e249e3fa4765bca274a3731bdeed83507e578d
a98077aa0541420614693248ec88acc6683c238e,5d87ab2f1541cec16ab1296281d61f69b5dc3d03,612e6c0e19d8da5305bdb06eb2a004670e2d69ed
a2df64e765a8279a3ed4b14a72c52c8d40065554,e2733c2d129c42b164b1412a192c30472b59f9d9,08ac1d32a15e1b122b853d8a84871cedb79a6eed
5d87ab2f1541cec16ab1296281d61f69b5dc3d03,9a861c4ab9672b318418a479d3ad5ce3791d3197,0eafb14c5f3a6c78efd8ff4a3039f30f7b471881
0eafb14c5f3a6c78efd8ff4a3039f30f7b471881,8dfe0c3e1fb1184f852279ad5978074f47c68440,9a861c4ab9672b318418a479d3ad5ce3791d3197
9a861c4ab9672b318418a479d3ad5ce3791d3197,91587b45f3f64489104ac84469534565876f1276,cf0f2a9977ed5258fc8c1ed88ab4fb6a5cdc65e0
91587b45f3f64489104ac84469534565876f1276,61e1dab309295715bc75f704490ea7a6432d8e86,fa1625b80dec6a33fc7d00e15d2fbf310887813a
61e1dab309295715bc75f704490ea7a6432d8e86,4df1e100dd1301cdba5b7b38046d739f52b2becc,113844ae9348965a61a9d57df833b8aa099bd8cb
4fa844368c6a0f4d3a84f5b2f05298b0d88e39c4,0e5d98d5a1ddb93a5c80246d473f83484e9d1e6b,65b3449d1f44b41835b1a031f7a4ecc15ace0cf4
f9bfcd37d47dd7ca3a47851e6e0033d1c83d5f6c,6e317e21367b826a9e3f49c77257e189ad883106,710b16061d2711865bf1ccea2a25d727f455df2f
2fb1cbd0532b7de0944f100f97930056cf82d3de,30198760af66c4cdb648fea7f9b0729be640f84a,210ce9897ea55185ebc58730bb53ac5974301e3f
764c27607d209f86ae94a718cefae7a7e439ab05,6bc86124d919468b71c0b36c09d321354ec0ef45,132f71e33d88b669a91d3f941387ed67a723d009
6bc86124d919468b71c0b36c09d321354ec0ef45,5c8d560a7b73f6bfefa2f46a582432646de14104,d10c8b076f8311d8571ab918fd9a5402f8cf2d91
5c8d560a7b73f6bfefa2f46a582432646de14104,efdd06a44db386d89bc083bc8c044c335aace35e,2a4755caedfd0bfe1a5d9ef7416b2601361eed38
30198760af66c4cdb648fea7f9b0729be640f84a,29e4333771877d66fbef9129b7327292fcad4961,efdd06a44db386d89bc083bc8c044c335aace35e
efdd06a44db386d89bc083bc8c044c335aace35e,29e4333771877d66fbef9129b7327292fcad4961,f9768ea87cfe95d6b035d23b3a910adf4e196989
d9bc94874d6909997188556e40be72f1f047775f,33e0833b88dc67d8630321fece3717f214d337f0,45506f2d31fa7c190b47edb32f0bd232e16d2776
2984d808bbc634964dc15974f0c4efab7a4eda52,0028f812ca03fdd2fee03023ae2a7e2f295e593f,15b151e8a77b0a4a05437a6c12d9d274b2142b98
9b5119fea646496a3ee349ebdd195742045d55d5,7ef97fa98507b2cb0635e4b9ab5e95b7b4838b7a,99a99573abe641564c905fa373944ba349b7f385
97c12d68d7b5a7618602bfd867a074ba105e5836,28af85de90bad5e7347d7882116fdfca098659f2,723998654c8d3625091db0a37a5e173e59b0cb00
4806df742e23c0a6f68a0b1bc4171a1bb44b238d,3b7572d9522fe8be25fde83608d0db4ca809946b,a9ffd6f7809702c35110f0d8612ac02385b1f057
4d12e0660265ca556064cba6cb1a67bb81eaa53b,29b1a4a6f568898383ac9e5bbc26bd769a6000f3,abda4a6f23d685cdb27b69f2752a03ddaf6b9a47
9504bf50e4b4f6fa399a49d3ac3294060f2ce2d5,048bbf28ff1b39f9a5cc32573295eeab3615adab,6275abccb26d6b8d338473925dc9f70382869c3f
feda826083f8145f66a53b96382836b7db964605,1f3377c222083910841385df6e9e815017f4ebab,7992168821fd9b50c24fb06f88bb5945f8190892
5b0cd39b72863999c9b12cd866f1ea3dd4cd1a22,c1b9a4738a7d94b00eb5f4026776b3d5b5f2ac79,73e7a23cbd7b1afa5afd1f5385b23cfbb5e0d712
c673edaed6fcb5519fcfeecc57cb4c9c9efa2848,60592cda09d19b1fda0f3727e49495354e042ba4,7ae8508da5ef486a36e6d22c1ad09c632f07e843
5b1ff3034770b35eb5d237af8a96d5814e49bdd2,817fd13f40193742ad3648a137b4b43d0976e324,347b93fbe78ee29570a21605d87b472a8e2c9f28
6c2c5127bbd27fe0d32e514114a6e64a0c8d0db9,76bf467ee6f481bf144a0865a81ec5db5ded2a76,817fd13f40193742ad3648a137b4b43d0976e324
74ce298f4dd513b907ac397c75ad2f80a1c74f54,b8817323dad3df656d609f95741bcaa317c3f8ab,db76450b3c037fd2b6b91a10b6bf3fabd8d99440
b675be1649b59ea0fc61f04fbcfaf89fb29888dc,e141f8cf47f156016e4b794208300f66383bce32,428d7fe93379c0008f3f393b07eb776091a9cad3
930e7e8dde90cbfa6f2b17cb6f8ce0ac6ee538a8,4feb584f9362f5bd86f183ee6d1012129fb59f5a,b8f3aeeda1d905546c00772af0f33ff39094f951
4feb584f9362f5bd86f183ee6d1012129fb59f5a,6e192c38708859f691f1e36f0ebf5db6a120e9d2,b65a9e6de7dcb222bcec72c6d3cffcc5e0f3bc1e
6e192c38708859f691f1e36f0ebf5db6a120e9d2,ea2ce78c2faeed33bf684d561b698dae7c1b5dbd,9edfd0a2245e3e9fe3124506ac680aeacb098c7f
ea2ce78c2faeed33bf684d561b698dae7c1b5dbd,86bd6eda4ba6ec3b834109da8d7be209a418f118,c5001d47496ef10b7d6ec0fb349b389f959ce8c1
9d673705fa114842bd05cd0b879e706aa4d9e716,380b232c1536f48fc93b7486883eb21fa5a4929f,b14234a5bfa98fa573f382e7e8042369a6fb8fc5
b14234a5bfa98fa573f382e7e8042369a6fb8fc5,380b232c1536f48fc93b7486883eb21fa5a4929f,b6b8a7aae4547b67c0ff447e84e8ce51058d0d19
380b232c1536f48fc93b7486883eb21fa5a4929f,5d7ad3d462644a3c3d33269837538ae281b8f6ba,df93fc8d7ab153ff4ab8a2d60f98cf0e7806e988
6709e4ccba6464595b0ef8ca62c8dfc61c884bcd,5d7ad3d462644a3c3d33269837538ae281b8f6ba,df07d8b88c5fa8c59dcf1b15fb2fc5f42f7a868e
725bddbd02dcf2271b7604f9e35893b7a0d8748f,66d37f0a4e1ce3cd454351fb37b61125ce0e6f32,321c5bb7f6831a17060db12fdce44840186a5a0c
a9a26352e5523019be493a857411f0bcfdbf3c95,d7c232970d30d6907d7fd2829586b6d6d252f1a8,0d50a51c472c291b3dce4e83d9411cb4f157af21
f9b9c3ce3fe93e0e30a12d09353baf1c2ee2d06c,52eb26b649025b0f3be763b043dd4cb67cc00f1d,2015092e6d1b41e8c9dae516f1dd66f669458097
2015092e6d1b41e8c9dae516f1dd66f669458097,168ac8812cbc9367318f5b043bc5defb404ddc75,33c1401acdae5c4897824eefb2b611bcee5306e6
289da30e45fd287da9d4da2b3eeef06dd23a0327,523fabbd1340a332905c6e7e941295d6ccdd06a5,a8f301a6e93c7c760d5052b30d1d69437d530018
5724cf7497b0f40f1d894c9897a8c90c854cf81e,ec8226bf6ef067e2da8ca23c1a570dfea4e69325,245396d12f36876e7edd389af00de9788132f915
278161b21588cf66837dcd2c4425c9c0f40b55f4,0e919b7a9ef930155779fe1da6e130bfe3510e9a,715b753afbcda991db814c9b7d3764f47d52f685
39c6d7078fbdc5ca050333705ab6804517f60535,e4416324ab4c3ca27cc85e9e79af84a76ea6ee3f,b189ce4938d2a74a41865d3afa7170893bd16290
150655a4fad6a979c420f83b41b59cb3227be6be,5dab6f021e22456d55753f6d9b6aabbafd6d6383,554089a8df21eafc8b5946128fd0affa1d5097de
5dab6f021e22456d55753f6d9b6aabbafd6d6383,0e76801b3c1d0c433ecdceb453a7e68d343b552a,63d7e8fd7706a8f7d49f429f2ff61ffb1b3d28f3
f824339afd3d0e91e2532336f35a883e08a8a4ab,14d02a2908d6b92baaf75e90e2a888ed9cd27c24,15c4c926063d21b6779471bfd7f5b32d4c293727
6ab1ff0c9fb57569918725e88d2dda6587eec14f,79068748a79d5ea2f53d88b747d73dcdc4a7d137,0d26bffad7fb69aa68df948aa1d42dab88733b31
bfb74577f802234b72df10c5185b172c12c61453,8f2aff0e4fbf238fead43ea143035b8362baad48,bf0785f928a90d93a8ea0f3ba6641def68a46b45
bf0785f928a90d93a8ea0f3ba6641def68a46b45,8bb37869cd1e8329e6265a71c8015c223d68358b,8f2aff0e4fbf238fead43ea143035b8362baad48
f309705b77283189013cf78fa1540904f6024014,6257745cf00069d6b62761d77d695d527e519321,16eefca6c42e74e8428858d6a94a65a2072e5e82
45c0ed7ce4ba5541e3c515c7b43c119df19faef6,21710563cba2c9f846bdeaf002fdda0ffb60b24f,d43747988b10a0dc91619b72cbdcf4fae6536d14
3ba03820c9799fd53a9e23aed3c1b9ac43f921e0,4f0ed8b8b7ccb1fb2d8db421a8ae41f7c23790b3,aecc5f663403bf59d863aa4690aa0b1f8edbc5e4
d818411286f49693e2aa03a3cad078f4d99b2def,0a8ce246f3940a3fe9ff3f4ed7687712fa9d8498,1d4bbe3a56815dcf1ef66162e342c5e4f09cc0e2
52eb26b649025b0f3be763b043dd4cb67cc00f1d,0d8a9a5efb1a5bc12030e2569bbc6e5c8daaff27,168ac8812cbc9367318f5b043bc5defb404ddc75
168ac8812cbc9367318f5b043bc5defb404ddc75,d93533e606dd2cd6db53ce31047fa6fddefcb52e,1d4bbe3a56815dcf1ef66162e342c5e4f09cc0e2
8760264549b9c7aeb20d358d05e567af50bea9ec,67934e05b5e15fe54a230aac9760ce718e204809,e1bc836fac302442dad3dca400335a64bc97a8bb
67934e05b5e15fe54a230aac9760ce718e204809,a155615296603a5a2f5406612a99c5729f72c7ba,be2746d94416af985e172dd50a1af317443083bd
0815a5ea3ceb4f62a7258e9dcac4afc5105dd599,5afb6000a270b1e4914b0375e2ad0e6f4362155c,eb98a66d1a756700a3bf3a0054aca3e7a3ad23d9
eb98a66d1a756700a3bf3a0054aca3e7a3ad23d9,a647d1f4fd918d7c4098fa552b202cb355d4765c,bb3dc85a330c5b5645abebdcd059e9c4725dd196
ceaabe100bd6659b200add7c41ff256b6a74147d,612ed21509f09013a75b38616cac610fdd30a4e0,17520d52a40f28f9b9080f8e394cceb1c55d6af0
177161cfd2cda0cd5a04826b18fd2f0482f2d375,28e6e2f231f45cf66a595c19ca5624dbee6f4be6,5c1219ebce14d6c545e2327da3513a762570b574
13ce890eca1700dd21591322b1b2c4ca03795d0d,20c94d8efba1f2ae32f0b6e90db7d25cc3caed43,bc3837f334b68a9bc914f0855f620717d367896b
65152c1fd32479b6311da3701b6fa140ac934a55,9bd32b07859b59a53dee9a888844ab22f730c1e7,e49d7dac31cfc7e5811d2783deaa4e9380899a61
8c29e09cd535e08f41e2d3b8c2222601368e6c66,c34a92fc6c6b9bf5b693e3372a9f06c555e42f60,8b348bd52977bbab415100ad714f361fc6080cb7
2a7544f4e66c586e9544c9cbe06a9f6e733d5d99,f9d5c5c95d2f18ce67cbc9eb39bf99da54ee0f05,c129dc17f76b799d7dc68a550db04c8a53bcdae1
a2a29db7470f4eedc804fd623d4e00377fd2cfcd,e3c2c890222c241e7ee1acecdb870a899e615e9d,0254e51af1662c97a460d54648c1545f9656aa38
674d3a2bcd60dcd1c44c857a4ac8a10f8bfc45b6,6a9bc1971a81d58a5b2263b78160db4d202c1ad9,86cc6dc2b054367e00b5666f8b50327c0e6d8d7d
f1f7daa0c1673743b1c0a61efd6dc33cc44ea687,6a9bc1971a81d58a5b2263b78160db4d202c1ad9,3648f74542e41c3b3be4596870b7485f6ebdf176
f4d02f545676cbaf2dcddc7c5e5d18f223d7248f,17d59100c517ec324e186e8b207dc5815d34229b,9eb5e8bbeaf0d8f1a246ec013e00e393883cba13
49b66cf2e98b415f61a4709838adc51e35e469c9,3a4c90cb724a94e3dcaae4a73d577200452b5b8f,8102d82ce6f5524c3f7d951f17bf27d778a2cf4b
46213a47a7b7252597aafe9eb37409e0997eb12f,173086f251b8599a1ce95dfb01f2162155e5081f,777cd001abe4b43b42f2ffa09c56ff7b8ad922ac
3a9bbff045379ce3db0660aafd041f92a0574a0f,f4e7c60c36e35e4b3cb95985d51b4ad47571157f,a28ac543a1eef67f3a958f1a9893c6e4cdf4ff3a
5ed6b265244ed0d0e13488d8130a9c160e8cd7b7,9d8cd80b4fdeecdd07d9fc1ccfff6bd58e12eeba,6111a0df12c0b84d9cb75b28917f843186cc76ad
23216d0ec59bba851aaeb749327ccd910813d0fa,9d8cd80b4fdeecdd07d9fc1ccfff6bd58e12eeba,2df91097df1d36d8186a2d1a635962f4a57232e2
933c9b181eba6f646fcf20ae06efc7d53bf06437,1023d8b2aa6ad350364e525f2e154a3b1c57cc06,60ef5e606ffa20990bec43533b3e6428103f9d15
a0e3439633656ad07fa12bfc68f4d7efc25df95c,217b8b07ee35aecc6dc59aec88ed669a27752de3,0b17be7ec27f378d1c80b352e191567a9107543e
6a0e90a47cc101f84197ba062b8ea56e3238ba1c,b03030ed5c5ea2018424e2b6a73084f65e8ec63d,448c79855371305928effdc921dcd168d17a8236
b03030ed5c5ea2018424e2b6a73084f65e8ec63d,a38b5a85c81f40881af9e22223a2423fa2716c39,0b4488491fcd1ddecb8d65521a6ebb333e857fd8
ffb9783b388912fbe1245a1362f0b1ace03d46bd,fec4d6f9265885b19ae9fc4f0473e01cbfe0edef,d8dcfcf217269a97689dfb2d8e18b29a9bd54bf6
fec4d6f9265885b19ae9fc4f0473e01cbfe0edef,001dafe5ef77c87d46be43d6ee50dfdc73d97f0f,43327b381f687731b0b2eafd3b25b6f8cc6cf34d
e542a1112b7f96b08fe0686f4621350c8f3ccd1f,d901d66dab1eb28a2f6f925e04279dff52411ccb,ef59c12719a4f74fafe37359f4ee2d43229823e1
71ee612e816cc8c12842a9138c1086329ccac415,3de58a323ef18f27f47e4d7bd277efa4b7bd6b16,9ec15681dd7f72b3b56c5dfd69be9e73541e3d79
3de58a323ef18f27f47e4d7bd277efa4b7bd6b16,c258b745eabce47691b2353f00baf9a93c55aedd,c02ef5a8a24992e0a42d18bc7aa7fe28a818775c
c258b745eabce47691b2353f00baf9a93c55aedd,bc257335f5259966125444e78e624b7b71a4c78b,92c5b9902468860c517c909d68a5e4e43dc2bf43
b3d0c47b605794057e92a08cb2403cb047fc345a,e8b16c63ebc901b1e1e25831061399dd1b9e71da,9637be587e6b5d05358678f41f7346cb3691fe51
646acdd4482ff58255c66b29d4c92a6d087491cd,afb3530fe4ddf04eeef1a1df5449ec70d45ad171,27c19140ef984e3b07384520e5f0aa93d3c26fae
6661dabe4fa0b9d4f3643150cfff974b8feac081,711466077af61db74107dad90f0677bb9ef7d416,5631a9014efbbee2c733815bca905ced1d739855
ef59c12719a4f74fafe37359f4ee2d43229823e1,5dc70328296bc5655564e67ede5064e2cf2772e3,ae5766600acc81b228905c9f2be6a8d2ba19e2f6
5dc70328296bc5655564e67ede5064e2cf2772e3,af1618ff7049e36a03374c78fd05a25b6e0d549e,e0e01a8e3fd35ba278756b5973c757900ee677b9
df0c80fbd6c7f42e5d597464ce6962fbb8e3dfea,97776b24828d14442e5a531e08fcc0c0ca122a9c,e0de74ffd33ed86f679b4fbe4221623bace459d4
a0bf17af93e13a7d1a20806b46d2d685eeca4091,a1ca0a997efb692a27fcfa85a7cc5277b24c0e57,37f77212d60f1b037f6a4f3c69f08b1f1c571883
7c194a1766c6d48e5e652a87ded4373502044e2f,0f87817c4ce23721c24e39249e900f176e3bc7d3,ae85ac3ed85f10519e8415cf23408e2b304443f8
f46d7b63b240966217a650433506c0b417925931,060800872982de70d6f48604e7961e5e23b9e510,cb8a7aa0a3191d30df60dbee89ab3434ac097921
060800872982de70d6f48604e7961e5e23b9e510,35ba3c6da164d850609faa5f8282b0c10b18ad68,8f38e326f8712f5e90b8c40ea39022afbf6378e5
35ba3c6da164d850609faa5f8282b0c10b18ad68,8b57819330fb0151315ef58fdaff299cd6b0be27,6ccc79bc6c4899d0eb25bbcdfd8add22f6652835
5c792c0966a36594bd4e71570ec9a34381613f30,af1618ff7049e36a03374c78fd05a25b6e0d549e,aa1a26abf2d868c26d7f353fa248f1597e94c223
af1618ff7049e36a03374c78fd05a25b6e0d549e,f99343d10b2a74813d4e32b2522ddd637517a857,2eb34631dc685191add0ad53ca47a3d046ff3731
f99343d10b2a74813d4e32b2522ddd637517a857,dbb5069408922432aa5107afe0c6d14090491cbf,187fd27f609a15d598f56892cd36c69cfd65e406
dbb5069408922432aa5107afe0c6d14090491cbf,ef590ed0f0ede46255fec11d6730825631df0477,72ba07013d87256e83b83876eeb09f99fa05a2bd
ef590ed0f0ede46255fec11d6730825631df0477,209e2f20b05e3ab27969bfbb4614f26f5101af33,d67adc2f03dc81985be2880abd7c6d38fe54f052
209e2f20b05e3ab27969bfbb4614f26f5101af33,151c51c7e9abde66c2bb26f8e2606f59a2c840ce,3773eb220f8501bf22a331a9555511690915b2fe
151c51c7e9abde66c2bb26f8e2606f59a2c840ce,9d0da027483bf163dd72d3270216462e1e1dc9c1,d2ccf5c1e17e2ba6818e398857c466e9f4003319
9d0da027483bf163dd72d3270216462e1e1dc9c1,5b75e62d50598ce6446273f9a78a43e14f193d1f,f6d9319fd5b89874c0cf85d6fd4d0f631bdfdf83
61fd86e2756daf14737874e29b1397b06fcbcc51,f2ac62e246099e4d96e3aef1f81830db62976b41,447bb2d43e5fcfe171163ed57e5aeb904cb1b9a1
765a4c778b269d93fc4d9e7b93fc4aeb865eace2,11dc9f7a96e00f0a0bdeab2c62584a85e3f3bc57,34ee396733fbb876dd485420313c83b1666873b3
34ee396733fbb876dd485420313c83b1666873b3,9e2c1b15040cccf740ca7591674b687ce86b7642,0005bcd8509a83541f50a2f2cab0ceed38d09a58
9e2c1b15040cccf740ca7591674b687ce86b7642,7a9e37f8040b17bb7a05a3b0b6faad2a7345f470,31b87a6c3ea4f08e61d6537b6fa6a8655a965dbd
7a9e37f8040b17bb7a05a3b0b6faad2a7345f470,79fbd42a099294a2b466d3575d4119a666fa019c,d4c18ae225c87360b42dd810d12b26aa5211c70a
79fbd42a099294a2b466d3575d4119a666fa019c,09cd7116129c3f3b9879c24f7ff688e8c7da18f2,fbff81d6ab420052db32eefb816d9075a29a34c4
c0ab05922d073edbad446044ae5c57dd50ef2ca8,32749e015e66722d30d8e1703269541600b9c49c,418eaa13efff765a2d68dcc0bc1b3fabf8484183
32749e015e66722d30d8e1703269541600b9c49c,946a03489acfec6473f00bfb60a6b1a15ee4510e,777a0920723193995311c7e0f8b05264b78b8e41
edea463138455019408ed38a3492eb33fd0f84bd,4327bb599a0b065a5fed3de2499ffce68c103ed5,b31137c6132868c61c42894ce432007426996851
f1f48922127ae5887ee99c90af11d1e64cab5767,20eb8141a873927c82ddff3f3643b847c82cb450,e93441f1ce0a1325d02ca841330535564fcad61c
c8a06dfbfd5ae95451a12e5b8c5f7c2bc163160e,df9e93f38e10f4843647063d7fb59ef1d9550f2f,c3c436050c383276c46e0da887eae32bedb05202
df9e93f38e10f4843647063d7fb59ef1d9550f2f,6be48eae5884262001f539e3370c5563102c4a78,e21e821dcc286f448f61ca52842a57ea6a110ffd
77b35b486405b6585d0dd62459404106275271db,877b9fa8a36deffe6b59fcd5d4da6beff1a049a4,5145bc56cea1d4e8d22ecbc07fead1a99ff3355f
ac1326f5311b8526788044d533d7a13796fa5d02,d5fe0fc70511b8a63c84e82fdcd569acf621d3a4,aa0ece6dc1b534b354bbd298f67e9b9023643692
1a4a958d349800d5ec50a095a27a914da04267c1,054057101d8c12607257c3507e524b3c93933041,f0c5784196d4f16404cdf16d75a07da337122234
054057101d8c12607257c3507e524b3c93933041,1e43f20977c1c6911fa36435418e5f4f3cccb716,b4f234ffee9c8d5c77acb6a9829ecd39fa2dea3b
b3a3975cfe49043a3664d942c61a8940dade5533,0e8955bd9a4d9a1bc5cac7badec5c77d4457998b,049f0b1245d69eec30bc00dde8d578a23ca353d7
8b3d712674538418f3984b2b7955d902a8ffc0c8,0b876f82e95588878e25de59e4f9c28684d54b64,10d10cf99f321e3905fb825804add8f6f05c9b97
8e699927cb34104f7e3967cd1e11bad16ed03227,9bc1ea36ea6409500cf1f03549ff81a13ee6a403,2097ea6798e7bda016cefb2a2d4bc56df98e5d79
84ef4a5da86fb39367dbd774c3edcde5c5ef803e,84809c463fd69690bb6bfc37c9326955351c8279,7b0b013351f9d6c9fee7ac4fb73ab7bddb42aa44
84809c463fd69690bb6bfc37c9326955351c8279,67c93cff7d0e0d47c2fabcd89f2888906a73c61b,4c212aebd56546c1c691bb4bd487005b747327ad
4c212aebd56546c1c691bb4bd487005b747327ad,7bbdfc55379d7367cc0efbd7b1b9943cf2b68436,67c93cff7d0e0d47c2fabcd89f2888906a73c61b
0907bee6fd2c3ad165a1ffd11007da32c471fc02,81cbd7dead1db90fcdf290534db34d88bbdb4865,1691851f83eb597fdd49c3bda4e29ed1f61cbf79
81cbd7dead1db90fcdf290534db34d88bbdb4865,d878e29cc2dc8a695f053f98a6e4a20b00d1f467,d4345953c09506a2aa294cc11729c0f196008a9b
16033e5a432b02dca489df00230bb23580f83cd3,8600af568a548d6ac5a0e3f5ee3a24da0093c564,e2cf79d1d16f6d182f51dbc283e9c1aa13c10228
95e8de8daf5b15ab4667b02537c616b739a4d93e,b3b34dca8fad0b8eff80c0d7be7490f774b039f9,acd5cbab34c2c1cf19cf26709da1a6a1b2e10537
8bae0f4b5da7ec2740887975b9aec8881da7e1df,d79ec620e659975ec95253cc1ff9d59ee32ebfdc,ca7b630a0f1db6958bba9807b301888ba4cbf25a
e29fe466e18add39b5a6efd97a293375ea7d9210,655446d84f9dda6c39fccbe12ca03f3e81d35490,22aff7cf15cf9388ce29747e23d8fd5170f9054c
9b434d8dfdb4985c01ac3f62f8369eebe1b46a9b,1d19ba7f7633656746e6c77c7d6adf2488835c0e,655446d84f9dda6c39fccbe12ca03f3e81d35490
655446d84f9dda6c39fccbe12ca03f3e81d35490,26523ae12764a0fca2d8535ae4045031499085b2,fce4b286c4d64c5fd739fcb06982bc9d73d81018
fce4b286c4d64c5fd739fcb06982bc9d73d81018,6f83b88e3dca911aada5e6e1bfe43aac3f0519e6,26523ae12764a0fca2d8535ae4045031499085b2
0ef4f9a56511d798eba85d214d138f898eabdb91,e03f65627cc0f403657104f37463f11b2b239b59,2a13bfe7f0af5086b1c98753f8efc6ea98db5817
7978a300ccf70eddfbf2a3f317e6e449afe4953b,d3b5e5bbf6729b236984c9a95996bc57230c3060,0a53abd18a1e1adbd50bbc88e58cff806560ecf5
d3b5e5bbf6729b236984c9a95996bc57230c3060,b2328ca40a75218433fcd3ffa297010fd90b05a7,36c087079786e25f8d5891697aabbbba8af0b69c
88d3acc5bce0263b422a8722d393fffe2f3def41,d5db2a3290ab2848f4482aae2933756b8e357346,a27f00b9e18fd29e7e164096e68b1f1e146e8c82
86ce1419a9fb073adefd334b5ffbd4e0091ba6de,f8dfee3e33c0f74d0b1d1b8f7b48aa70fa3d9fff,d5db2a3290ab2848f4482aae2933756b8e357346
6e6e46ec02ef866bb2fe54e587f90e21158fd062,6dcb033f1c743fd66f428a346e43e5f1112f5b14,d4602b7c0ef725fc3d2d452502116192298e7730
d0e4efe9cae47a5e7826e9431ed655eedae55f51,01f09c9552a3724be0e40d45a9b5bc3c81596be2,bd39b09f0afec5b5b2210d03fedb82fc1bf85ddd
35aebc50edbfe42588f1726bf2d250e2c3aa8150,e8ea639e2ef4cd4949d81becd0391039a65087a8,d739c5880893070d2dc28f710fd1a649e51de309
e8ea639e2ef4cd4949d81becd0391039a65087a8,ed8ff46e9089b3f7ab3e771dfb57e765f13457bc,b3dc9eeedee453a5b1c8a5912948ad738074a81d
52a83562ec47e5e5d1f89fec97fe1dc9ec28e705,19965b366084a1dbfd6635f9311c68ce1c8cd7e2,511043f50a41366c5a4f384f7baa0e30d1702066
01f09c9552a3724be0e40d45a9b5bc3c81596be2,064f0134491fbf13452be2f937c0095a6941e910,45feae64410252fe51e56816e664c09d83dc8931
1aa2d9db39b67bd834bbb4f9b890da01c7fd21bb,f335fe6300fe799215c38585c30dced373e5dfc8,33c428540057fd658c6b5b2e9172ef588abc5f4f
5103274ef005ea65667064bcd9a6f37fdef48e66,2ee7f57be1eac774d539db9028c36899c96e5eaa,714bb5a7caaf2f7c23a0f9efe231bef60a5201ac
ea9c4703099959447ff2e40371a7e4f1c0da7ad9,02cf1dcd9b77eaa6fbae1ce8498ab977a697bd1f,8b80e637c91d5927a8329bb74648e1848fd1ff67
38327febd83d0bebf343852e087e24eb1957abe4,cd3e136e0062f8f6b4c32b569d1c0e660e67b2de,cc83ba3ce178808e097d490c15b0ffecd661fcba
cd3e136e0062f8f6b4c32b569d1c0e660e67b2de,1856fa7699860787493ee25b3d8392347f6e3961,cb56c87ce23e311b73b0e853bfed413dea4d76f4
f69ddc1e00e5be9c4c0f80ba253ff622b3e8900a,2ee7f57be1eac774d539db9028c36899c96e5eaa,9438a6c4f9de909d724c2a882e9067c1e935cbf4
28d342ab2fdae742161d5988274e12355c9e99d7,b1e92620ba1111d4728796502f32b035a73d09fa,8479751b52a327201e432cbf3a3b736634ce457d
b1e92620ba1111d4728796502f32b035a73d09fa,4fb1621898c70f471afc4d8395a69ab6eece7d06,54543ce67558185fb996aa731d711846e4f227fa
6e1ac19299b75dd5b1d0daa56c2eeaa7100b47c1,e52fa48f64b5bc3850e3b1ba1392f0808a572759,f7ed3c9d8d874154fd33c90adeb714e26a24b199
19dcd1e93f2158a40994dcbc30cb0ac2f4704c25,7034dae78f88dda67d47b10c0f068cacca2961f2,b30774378ff7a8d8b7fae08b462b3f4ee7125d21
aa3414a69d9665d5e0bea8d1bd2424b00ea97851,3869f12dacd8b3e413f554b97dfb1fd1933db8ae,2d0c9753abd052c7d21c7ffc4428d96edfe00b51
7b4c8d9ec6dd9ab2322b480f0cc309ca6e0e3e07,15059edbbb89710fb7a1e17ac77d65160d54b1d2,3467b76d0eaa18f4993f030c0c3efa139b76da75
15059edbbb89710fb7a1e17ac77d65160d54b1d2,326ac3cefd95df28187b237b2b8c47b63d0754a7,65e9cd7774e077b303425ae8e49c845398a510b7
608327b2f01aeb454b8bd80ce3199c07bb15ae5a,1325904478a029761fd2cbfa0be850e1c70ce135,69eb4a7348c412371a7a76f7ab72127ed71b9f3f
861dbf90aa28d5e000da2462719388c1dfd786f4,fcc0ba30d82512e93a17ab72c0b95825fcf9829e,1a777f743388c4e5bc9b535973d38bcabd7fdb90
fcc0ba30d82512e93a17ab72c0b95825fcf9829e,f7d2fea56184726a2c417ffb1aa4d4224a246eb6,587d81167497a7efab337a1c606de750c819f591
f7d2fea56184726a2c417ffb1aa4d4224a246eb6,623160f318508bb32939397bf549f72d6b5ba34d,573a59d795b331357ea2b79a5e8997c50b6a8e33
623160f318508bb32939397bf549f72d6b5ba34d,717bd17545e7d89b03dcf2f376f0f417621f971e,5a697b583cc2f0eb21d60e4809aed946f2875e0a
7bec3393da3888ebdb83abf45680182d049ded6e,2844fcf4d90a09ebbd178c34163c732d2173ee80,f3f5bed11d9e3f93a2bc3fa7ec03d99ffbc7c7ab
2844fcf4d90a09ebbd178c34163c732d2173ee80,cccb8fcebf734834283d4115f2d71d4e10f57d5f,5c4c8c5ea0c41ce571b50dae0e2431a4c52dc39b
cccb8fcebf734834283d4115f2d71d4e10f57d5f,3393e1cd14998293bd71bd2f63931ad9c1cdfc6d,c9d679c4dc969f33c62c6a1d9c7dea864ed6981e
fb7669735534c125be773c6ab4e79104ff588466,925c4475a424de712844e8ede69892a4f4075e48,7ee2e1551cac8879ac34cf3511d57f360f1689c3
82341fa62689ddf3df6e76d4d5dcbcdd0f627fe6,30b2e1d525c5c4a721c9c84f2e33524831331e9a,da6e8aa1232e900e6b2737987bffa51e31c86dcd
1479a2f4d5f9ff5b3b3656ea18486ee47c8eecff,e9959840f9aeb7a6810276017c82deffbda61bbb,a43d5273d703ebde309611f46e11ad736b0f0043
bc0de903fcd125837763308e97f4ccf7d4087898,9b534883f7b39db657470ce4d1adefaafd64497a,6e239a00664315e2314c3519590c1516adcaf5e8
13c600a3eea362bf89c1a3866fabc6d6cc2cc98a,383a43b24887a04f0dc73db1f7506a397c7d4f7f,d1a1c3935fc53bb55f050956454352c0a33b7cee
0c4864572fffeb21fe9e7e8350eb10faa5e25a79,550dc8adb47505c719eaa85f2dad4f6f50cf5997,3d4c11105242487bfb046bedc70d90a2eacbae6b
3d4c11105242487bfb046bedc70d90a2eacbae6b,550dc8adb47505c719eaa85f2dad4f6f50cf5997,2e6aadbf1cc3305f2445aa014311f3b6869295c2
946543f733a5f1bfb505a6fc3a5173584cb28414,e11378f3aa783ede0b5794c8ad303db99ecd291b,c17b0fae0a91fb1f0764abba0cd2821ec2d1ea26
e11378f3aa783ede0b5794c8ad303db99ecd291b,41dadf7702286052b9f80c24bfd9e597c161f9bd,ce169cb313a33a91598955e02d6d8b3bb29f3f47
5b14f58a157f145a7013c9e997ea9f49113d6308,35f519d1f1ff91ed9f12a5c3945a67a215851780,2585ded1ab6acb06bfa8c704936d2de57976bfdc
35f519d1f1ff91ed9f12a5c3945a67a215851780,7c26ed1382f102366f844fe23a271d72ac5eb36e,26d2a3b8c5fe256c8e665c2acaf7b251b818c083
7c26ed1382f102366f844fe23a271d72ac5eb36e,162cf4a18200d6a0dcd2e8d2ac2a60b8871c90d0,6a95a071fcc73026e0c08c63a716f2536544b469
1f27f1162d0187c905bbb883bff15cf1e5e16a8f,0adafd981fe044aed2056c634cd6caac4b3b868d,3ad041b637e80f09db5aee56fa3751fd2a7968c9
0adafd981fe044aed2056c634cd6caac4b3b868d,315b6840ee949d5e6fc686dd98bdcc3b2b264e4b,9d38f99b0321b3daab8899fccaebf7abdf082eac
315b6840ee949d5e6fc686dd98bdcc3b2b264e4b,c996377381fc35b4230974d3ec28e4c430a7a0b3,aa857203af0b9f6730e97dddfb613a297e94b87f
a3250582085c61fc5f9cebee962459015cd5c205,2283b7cee20f0370faf60085fbdf9adb8eb59f9d,be71d5d8834cef844700f1a331191f32688c5a14
804f2356a1a86db458b8baa51d60573c968e4250,f00693eec6dad8c12ea14dfd084a7fa407d08825,64c396c33cd46975c367c8c179cf4e16fa609950
f00693eec6dad8c12ea14dfd084a7fa407d08825,6058925a1853e5266ccfa1a6f74415830746c874,558a7e36192f6f03c02cc165b34d87b237d983b3
54c8ed17efe4d343eaa070725513a02b18815145,70cfedca9ceeb23f702e64805e490111b5d264e3,889470c5e03d344a727b60455009e77d39ac5a2b
79072d0504a856d27317cd7ee4871e8912a0d5aa,e623d8c2ced0268faac5f7aa41dfaca9ed5c2517,ba522cad490441efc4c8ee72c415d5720b3479eb
ba522cad490441efc4c8ee72c415d5720b3479eb,2ca0980f8eb60c0482b8185f0ecceaf3b77e6140,62678039e76b541e9eab538cd19ed339185f6613
344dbb570d85daa5d84ea7676643aa261ec2d533,ac59904904749305daa6bec17e98e654e5b3ef1f,f9e6a9f0fbab96a08a6211adaa1169381dc8d02a
2c281f38b4cd1403a33080beac0dc8682985306c,7d0a1336f7da1090c45fdb39bf170c4ae2e7f4b1,53592c2b291dd4d7f11a76adf94d3a552cf440e5
4b2207600f5b747c856b17827493ddbd17165166,df2007970148511eba3f354fa4fe6a3b0fa58bf4,cb60a0251f799effb519a3409e7f00ce290e3b76
df2007970148511eba3f354fa4fe6a3b0fa58bf4,caf6344f7f293a4fdfa890757f604d4177a5b3ca,75cbdb964fc5aba1b9710c91f4cc4fc36c668d85
caf6344f7f293a4fdfa890757f604d4177a5b3ca,4b863d1d9767bba56ead95f29c569c45aa7bc8b9,50c4b90cf5f1c01477612163504c656937f263e6
4b863d1d9767bba56ead95f29c569c45aa7bc8b9,41c72c037384dafcf2e6a544ffd886e3b26f5a24,80efac1c68b98f566e7ed6fff962fbbf1f36d46a
41c72c037384dafcf2e6a544ffd886e3b26f5a24,89eca5ca853f1e7b1690fdc9567a5185dc7856ca,3d43620f2f88d961b93d3214e09f36367d95bffc
8d9828ff394624bf7b56d594bef39ebcde766e3f,d30d9b4f173e44b9c9bb2b811bb3da447ea63989,deaa113c66636e77f0c0333b710aa01dec54a280
e6bbe8fa6593491eceb2ff31175e0e40096b821e,db055b00399370504f20a04869585eedafa0b275,d453048db317104a93c5257da6a28817cd82b738
db055b00399370504f20a04869585eedafa0b275,f0b9adf49298c6c93b8ed8826bec995317fcaa72,33b456091060b2e3d3b6289e33fb3ae1c8ac0879
cd1aa1bda768d92370084485fa7595e404715c64,6da429c5972c90e386e34f14bed3f17c8c40fa95,0b02a8ccd79faa19b87cd4f24ccfba0035008030
62771f6d1ae2c7355c3c457c22d88acb84d905e3,c5de306e21ec4e39896812a0ecf5a8fd509d347b,93a34d0cbac045aeee34348a46dd77a228871162
93a34d0cbac045aeee34348a46dd77a228871162,c34645833e14fc83db363f169478e5f2a5d5b0ff,6a9c1c88295d80c33aed169480c15acb405a371e
e1a0a68916afca8c6a587b05be577b5506100f24,51c8ca1f406ba83139194729875501147e869f45,8b4f7b294d4b2f437380ec9070955825ac0d1707
51c8ca1f406ba83139194729875501147e869f45,05b289348b3819d4752c4539d4e31975fe4bfb67,1d91a8230d3496d04e30e6c189fa32e8c078e5d8
47a854570fbd1c986dce537317c18806092d437b,bd0eef6d6af7530e252a1ea0f986a8fd5e0fd666,419d8bd7d687ed4784761591466bd9640dca49d4
bd0eef6d6af7530e252a1ea0f986a8fd5e0fd666,aa6b03f3fb0072ca7cceb942fca07857f123f80b,27805f27f68c54915868de41cdb997f37500a00e
aa6b03f3fb0072ca7cceb942fca07857f123f80b,4b91e835fca03a255680ce5ddd069f0ce68a992b,e97cc128aa5c485b81d0bbecf5ea8f3902b8a785
01841e91e7760a4a4f5c42270b7d78a9ee64d1eb,77460b162abd2e26ca96a96ce03c00a076e735f8,4eb26842f4a550adf0c7f8f63a47e8a2b12ef1b7
3fe1f67f534d4d3188a23fffd105188aa7c4ac37,0db55152fc93aa57667ed8deaea59422dc418750,65a94ffc144a56cc2ca255518d73b3fa76a7f84f
0db55152fc93aa57667ed8deaea59422dc418750,60b95a9a6803745685185e2bfbbb961366ebe132,371c0b17c8f1d6687138687f19ae20d1ef949366
60b95a9a6803745685185e2bfbbb961366ebe132,109087b03703f7e29ddd652ce94ff7a4502bf14f,b7b01d72572590431e41d843bbac9da713036887
109087b03703f7e29ddd652ce94ff7a4502bf14f,3ed9f6beee9b783d76315331de182a3b2c35dc10,5864d3b38a7cd4e805e6d8e688db85a487510012
f18c7b469e3517455e2ef65ca20db92d6883ae62,64a175b21147edc98ee739e4287d9706cbe72f09,3f69ae793d35cbf1a3e2e5de48e0423e86cc7fae
3f69ae793d35cbf1a3e2e5de48e0423e86cc7fae,ce5e0ba9f0ac2e32e0f2d9f8859928af32c6b0dd,fa86fcd67856dfbc8d51a7f9d809696d5c87e0d2
fa86fcd67856dfbc8d51a7f9d809696d5c87e0d2,a54073acee8526a9016ef9111e87a44f29c0bada,ce5e0ba9f0ac2e32e0f2d9f8859928af32c6b0dd
c44baec53408197d40f361b43ff1e525e43c9d7a,a74079dc434a8f5782fc2817b89eef0d0df6cfd9,6d484ce811fb09b659457adede078d09bc969c2c
6d484ce811fb09b659457adede078d09bc969c2c,ef9ef0f13979f9433b01d6d8065b6e105abafad7,3719fe438de4adbd2bb1f07088a56b21865ab2ab
33ea74cc0bf665aeb71a79e16dad036dcaba251d,c91d3c8976bcf20eee73402e023a11ef8fdfacd1,3ccefa1e31256e1d031d2caf8d3e9f3b7d996b8d
3b02f378c45b28fa936c29590725fdd3aeb4c5d6,88f6894ee73685ee9693ccb28468e331e0d234f4,9449881aa00e7aae5348f5590beaaffcaaf89b5c
7e4f0d422f2fb0ce8a850db53bf360c36af6daa1,861be7279f8d6f7ab2fe8e36ac1e25c72d6c801a,48e00463219522601d71e6e86711c82cca415722
1befb5508d08dbd7129df07e9b2877807059f17f,cc87e2fc2a21634e6f29feffd74e10c7b0015241,7b75767670c122cc764b49d47eeda47c6fb9f999
0a758590951a0b5c8c374feb2def947bdd14cae8,ce10b824cc6b2778b34d6e5cc9287f4b9b8e53fc,fc0e3cce2db6d484b8956b529f492a8054acd046
ce10b824cc6b2778b34d6e5cc9287f4b9b8e53fc,8588662edf7f137446c57c569047acff90a3327c,0e17afab80abcf1ada9a13a27f337c9fd04a3f64
2283b7cee20f0370faf60085fbdf9adb8eb59f9d,0b01ec421106792c7b48868e0f086419ac441e9e,d2536abb1553f9d8298f3c0e20b58cd2de8cdbfe
1e2cde9391f7ad16f5e9fab1cb74133d95f61569,9591f6dccaa42e8c438cb8eb43aa1de071340251,48e53689da13c8e3a1f59b9868d8f8591f3697d5
035478a251702689814c1dc753b5645ae09bc58c,26d0cdf870193df52eb5a1437eba37f6bd69ef72,12363d3da42517da52896879e2673f06fdab8077
12363d3da42517da52896879e2673f06fdab8077,228c22a5ca9b0b76c84b7aa4b903f75dc7031343,c4b78403302ccf584087745e1b2e44b96c447f38
6ab413eb27b10b1148fb7e99c73c065b768c0724,12faf5640e9662e5cf41786d77abf035466e3455,5caa7340dc6b3d2dbe14177d568acaa76dfdb752
d7accdf5d0bbdefc8ce07e04e0e36736aafd5fcd,95a3df2f9ec9108209fcb2bf381d36002a9f82e5,e6d038dedab40f7385c60e32221471b29e35bc93
95a3df2f9ec9108209fcb2bf381d36002a9f82e5,0f5a9d363d104a8eb7db349ae0c1d9a7463a038c,d9a891c7da4a10aa5cf87c9e57fc7e179f7139c7
0f5a9d363d104a8eb7db349ae0c1d9a7463a038c,c6fccc264286f1256894ea4accef577077492ec2,f7143ab344dfbeb7648223ca93dd03c6c887095d
b0a51c10360d1ebbe03979f2e6a2a00151291574,9f85b2d1782b677dd5df01640e86f8e68aec70bd,c6fccc264286f1256894ea4accef577077492ec2
b75ee23919dc44cd1461a024f1fafcb4a4fe33bc,f499e5f038f1de11817be24cbd2673af9bf9c540,a5ae4a1dae4e23b7a70d884734cb89e9d63367ea
0e924046c558538544f255e8375ff267963d7d62,278059902760d736bbfc7262299a347c82dd5120,c1dd2c86e4f354b70bf0031fbe51df8ee555d7f1
278059902760d736bbfc7262299a347c82dd5120,ab8f77016d7c102b765c0ff8e4134d406c193f16,b3266b823e3440a84b37c6e0b3b4624b328ebe7d
ab8f77016d7c102b765c0ff8e4134d406c193f16,713587836e0d86ad8a0aa5b243345f20042a10ae,f926142fce9acb4f25999ce02d57486ff1198148
b3266b823e3440a84b37c6e0b3b4624b328ebe7d,713587836e0d86ad8a0aa5b243345f20042a10ae,d7e4aeb3ac5e873f04b869f418585003e9f93589
78a7d886a1dddda1f7621cfa0a33ee56ea1fca4c,defbabdd6868a18834ba188a86eee43da19a4a72,c249aedd9bd6f4b7ed6603b6e59e909f72a5774d
defbabdd6868a18834ba188a86eee43da19a4a72,9ce6b3bb77ffecc224ca396a0d48f34b5db91978,f0ef3efb4fdc0ae5c4e709126ecdaa9789792901
14542801735da5c797b4508bd653171c67a55d44,950aa8cd1064dbcb5b4e1b0ed344c9a1cb0967f6,4cee70e6740b20ee16ac013cd0ea0f33fe52853c
7fe07869c70c0aae94e3838a099489677a19e149,9d10f3fe1feeab1043ccd32462611a8934ae1ac0,7bcdeb68f2cc28219e2286c8e11d5c6166c3ef6a
9d10f3fe1feeab1043ccd32462611a8934ae1ac0,a6e96e325043da419c67ff84b1b169b20c6d9af3,cdfd35a0b8500839760f49da1a1cb67b26310f5d
201a49329b41f94e168d7cba69b00b3732fdf8f0,6ffdfe6f19c6baee8b4901254535005f5819fbcf,ec172aa81b6ff494f6d8d4cc7898b1bd8e79ea04
6ffdfe6f19c6baee8b4901254535005f5819fbcf,3f3a19f9e0771729f91be4a25ea4f4764a05066f,90afeb0070d7270efe72f3edfbca712e7abec156
5b5ba8627cdb7670924e871e15c1e85dfa2652cb,82d4853648e943ebc2f57ce9824134541282b567,971fab931a4e78bebecdcd0c35277db3906159fa
82d4853648e943ebc2f57ce9824134541282b567,efb070131d50cc63bde55f2e344634c435ecb49c,ca3645c6dd79639e7c588517c41e66aa02d3fd54
ca3645c6dd79639e7c588517c41e66aa02d3fd54,f6da25d0d03576671fd701262754b5318e81b525,c3788820595633e70b0e0449960c1cc91604263e
f6da25d0d03576671fd701262754b5318e81b525,32ecd542646a6f7346f7e16ede052ab4863c63eb,ed264695d03524c78056cffbf8be0a41c36a019b
32ecd542646a6f7346f7e16ede052ab4863c63eb,cd66a925c058284aa45abaeb2561d4c96a8a585a,3c1a4dedbd4b82aaa914d015fabf32ae011f2fbb
387a9d3b2e03918859c6a5b4bc7044b073779ee7,d0c88838d0bfb717de0f1f282b0048d88acece61,a048c32875b741ee953f0e76dfc519f54ae09d9f
6b903a1e5554b682dff9b02dabc7cba811c2a7a2,ce73069fc157f23bc88a9488a975c4b2b9a1ed35,c37752308f5cbfbf84661c3559361f8d20f701f7
235fdaeba10c0527d72d7c82c286243b29860950,3fd1fd31724ef03e67322d0dc2ec483e252c0a69,75a507b72ac1bfd0d0438d71f7efedff02135f35
3fd1fd31724ef03e67322d0dc2ec483e252c0a69,2b5f63df5d77c6b2d5e80b572cd140f0c0f27977,0e14eac40e56a49b2785f880a5697928bdf641f4
2b5f63df5d77c6b2d5e80b572cd140f0c0f27977,296a3263b7c3d40ae221398414e911acd3200eb1,4fde6c11c6ec47fa92495e13c151ff301bdc725e
4fde6c11c6ec47fa92495e13c151ff301bdc725e,de5346005926008af887846ed3a8ff947d0542c1,fa9ad5ddd0f3dcd222c2bc35d343e0d78b9063cc
79a0cdd3c8155fba71afa4deddec2f78fe7d070e,27578c958f3e84acc0f10cea6b39f0cc901a0e9b,2720488893f33ea60f0f7468411c277c48131876
4ec2f326f952718eb58d8888abbf723b7222f124,cd3b02d0661b9a78fbdddd81ad95eed632cb4c0c,5b02fb6427f83b42c7a794dbf87ea26285d33b90
8093d81cd344d182a4bb740c41400997898c8af5,5d2d8dee98d2f18ca82c22a38cf15e0a573de544,c748f958b62602d123b3668104d8ba1ed85ad555
a80d7ba1322d02af10b0c9f5cb05c87db01fe9ca,62e45638df9ac352c23cf4989b5a9834aa925140,49a294641bfe00d3eb657a2debee9097625b0dd3
62e45638df9ac352c23cf4989b5a9834aa925140,4b1c144347b635e0103be039f133afc1fd53415a,552b41c8c8162560b1552b82a0919299e94d3801
e5299201d8a6e4659c91622a85e18030c7d4bd2e,a6c4a6acd6e7774ff391afdfeb5f1c60b94a450d,5a378aaaf7bf4a898ab1a54c030ecce3bbabd76f
3987a072f70d1c7512d2dd04625874d03a0bf0cf,a049f3bb9297b6f999d4bedb06e5f8fcb5a9fb57,5cb52e277e58d1a4caa98c9dcc16b43122d64dc3
1f2b4f38666e0e92b5b4d38313df61d7019ef321,50399b1d5cb5bfe66d5862c428035d1b0986e261,1fb8dfb55d88435613db76e6da49adfa5ab9e9c5
73c68f65ed285235cc478aafddd68749f35be44c,837cf160c79a1c5c05f75d2a3e697dfff94701b3,9c453812d6af821aa2673eeba7c51fa348a62d9d
837cf160c79a1c5c05f75d2a3e697dfff94701b3,b0f685a7eb4187c095a397f5b01fb5dd6f48a68b,5d586c5a8a3ac2c60efba7720b74e121514ab0cf
1fb8dfb55d88435613db76e6da49adfa5ab9e9c5,4767e0178284d2b7eff7305b38487ec89d0d57c7,b0f685a7eb4187c095a397f5b01fb5dd6f48a68b
f8110b6d62b6233b8930685db0c71ac97a3d70c4,a9a7b3ccfef33664bc05719cc0d75b8d7567c200,133dfd7f5f578179432a4d28556a34fbb9bca4fe
5aac1892894c76827028600e180cfcdc7e805fd2,119e15f17e797b206f1c6d8c2a5c3aa38274887f,0254d21bc30934afbd18de3db94163de46d50753
e2489f3084ddd39f0ada8ec12efa26199a8e048b,8565164885f846635cc4731d120685f270a8a76f,f85349b01741abc3a0e535c95955c0f6a828985f
586d130865ea2f26df67dc6743bea48da504ff14,9979c14978aaa92f2857f9f0d5bf40d65b5c30ee,6409daf9e07c3d1eb45a759290d2f99eb92a30a2
4936383338dc15649dd3bdbe6f32c3851834e7c0,6d00d0b90f5b2dacf0af807577d95f3ca4dbd691,b1cf9dc459d87e814c237a6e5035f3d0f9d4c477
b4722854744c4a663404b74baf4242be27d5c3e4,a5c9e842dfcf6fbbd08d55a2fd65a7f8e816b0f2,f1f85a192bfd6ea60df12055337fb2bd83272890
2245dd51e50550a0c8e21e5e0ceffc303e15a660,d098ffeab7519dc9a9af1acf9a1279859bfa0875,96b2fec89b51c5a0915a388166d3bebd3bd15e40
e6234b10d5b9aa7851221afbbebf90524aac45ea,45a809a96be690d402a285a3a080929c2c1f654a,fd09855f2075a5516b9c862a7576987e9b5ae57a
1241b45a7d842edae3e49188a9ba0f57437ee7d0,354eccae6cb77ef090cd4c056e504f22631a948a,c8be6c38e20d92f75b92c68d1137f6e819d87877
4495fb7d002ab62f129a20c0fe42fd12c3964661,a0fc27c55a465799930066f1b2b31af9c0917e19,53873cea9257edd080d21c6c0382e57abdc2f6f9
956fe9010e64dd510979741a804cf9b2adab531c,e56e9aa9604b6b028dbc74ceb7cc13d6e23e4307,a6243e866437ef5fc5d0b0d3d452102443fcfd3a
b9dfaceda87fa524148d3cad71a636f8338e609f,534d061ce25d95ef445fb078d87cc7dfa4c44ed5,c208129eb57b4bad33c93afc979fe96ac5e187f8
15478d02ac729ea6b9e2265ced4602cc6c8acaa7,c5e00fea093f3252d223d1ddf6f244ef2a28e0b9,b7e93314432854ae1936343812a82be53d81840a
b7e93314432854ae1936343812a82be53d81840a,abce047f07ef16fe4803ed7939da7de0dfbcff93,849f957f59bf045640546e5ef3c0c75d1ae2a61a
849f957f59bf045640546e5ef3c0c75d1ae2a61a,091f30a88cbc2c11380c23004831715e07648cea,53ce45f0f68569bfb9c877e860fecb73065c38b6
b6b57b1fc715ba5c9454d1f099a208761a3c7da9,7fba6f179bbd1f2d2457cf50530cf0aa4c268fa9,5475e205a7339bd46c6028b5d5190b3a1bf596e0
1479d6af91bee5bd794c601a7a94b057d5bff0cd,78861d68bd97a695dabae2f6660b73bb5701ab84,148a49f6cb5a01329ca511af0922d56428bc9d21
78861d68bd97a695dabae2f6660b73bb5701ab84,11d4a188039ea4f376e7ef986bdf00609eefcafd,61229a7066cac3d8ece6072baa93471367f505a6
e13ce8d74ee49304542e7834b9bec78224528b90,9b793030d78f41500fae18e4fb3f8bc70580eada,a51af8928a165d68a824f744f3e936123c31fd0e
309879875cd28bb47c10fe42436b53a633cc6ec0,c4e8c9b3c43781c01316d570f8af0ed5e2330bc2,7561165e4275016e9df32901b767d7427f325e46
761cb7b2c54b5fc91de951d4cbe39114f3130c7b,5324ce6a03a66fc02aa417e0094033eb7f993a77,d90349c04337cd588f9acd5ebd827f9e1a953d99
2fd0a335e0515464f438977508bcc497fe7be838,3b56d78ef54d05ecf9febaa3454ab02d584b3ba1,622c065f2da4cedc6a4bf51e4652f55d3f2b729a
3b56d78ef54d05ecf9febaa3454ab02d584b3ba1,ebdce3bee395f1255c57f8a0fde5ac71a59cca3f,21bbd80d4af87cd614ac08e6f4eff2be2cbe89b4
9c3e0181e6bcc7d7902593439e5774277da6bdee,07f54009c47ec490a49d67d981f355c338b13a7f,04ac1bb2b326b81603b97e4cc597762c129bb552
300cd5b7dff837a08c66010d0a96839392f1b198,f5ea8136465d7b7fb71433f06db22d3db88bc2f8,33ad6b25c5c96fb7628e9c5a2d7dbe51ce505f88
67cb5f2a0d41de5f1524117d47da631068850660,45c7118a25a3cd43a59df88b714154e9fd534284,b142506de259fc5ccb651550a7228a5759d5b465
54abcf19f76c2eefb3cdebb66799b14aab38d393,40715e51288708c9ebf6719e15bac1023421b3dc,ac116d6b8a633835cb655b460f2a67a5efdf666c
bd07b698e25fd0cf7de5c9ca13ad491966dc7de2,acfb5d35bb1b4c929e099ba1ca1069556294cd4e,7ddf18b808877b15327039590aa2720b7c662d80
c3f447cb9749b142599beabb275162312d0d2bc4,52ab6b7a3ebcb1b0c30dd39a530d45923da92f0c,2fd388b6fd6f9bf655003977621a08d2e74a622f
52ab6b7a3ebcb1b0c30dd39a530d45923da92f0c,651c8705d8ff92bcfa692256440dd9cd27e926aa,0c6c51de3fdd3c4c2560b9b00aca9a54615ebc52
266adb50283e25bc4cd3705bd2b99eaa3d23338a,493ac5226e54374800c1bd6f1a5b99ae827f15b9,f89286bcd339e8f0d487be7bd685ab69f92aeefd
ae9166dc690732f4a6eb91f03af1d82a64446f35,456045fb66a48ace952e5a30349777cd219d6d9a,e5285b0017bf3acbb8ab5cde4e4aef7eb645fe3a
ba83cd9211412dd4e80efe500416fea6519e5e80,126309ead857a240f63157c57fddab0502a3c7b4,dbaac0da6f61dcbde1cd805d8713a343cfa17896
79f9c8435b0da7e6f907a54ab3120e5b609d45ee,5b5378e6dc32193e7849e1f6c6ad24d4b0d97f59,47857cd9135fffd791269a6fd347f49f3734eaf4
3c28392afeb168385e35e20ccb79dff463be9034,72f84811cccb6ce83e8ce2bc27758e23536a21af,821f6ef3b2e29cd069ceb67e07c8c85ee2b5b543
2bbe5db09011d528f6530daeee8d412e5b190b37,45ec9508bdd52c85c30200de529c16d74baa54db,21bf3457e9ac47eb501f23a5ae6f1648a4c69656
45ec9508bdd52c85c30200de529c16d74baa54db,1051a423fe6aa74d984baedcad34d65557318831,4903b59db7a3835f48d1e1172ae4d0cea74cba4c
21bf3457e9ac47eb501f23a5ae6f1648a4c69656,1051a423fe6aa74d984baedcad34d65557318831,31a41e728255d2829cbeabb878bd24d07fb33097
2d157a2db4235d75f22481231df87e79fe75dfdf,2d9b7d57605967c4c53e9f2324ffbf5dbb5a35df,bcd78385949238b376c7ce345dc93e0ab1c04522
f18b46d5f71e0c883785f8927cea7da7c0911f6f,6c0eb8747cd88e05baef4c111f37886d5ef92ffe,18f2492223b4ee7a820010f1e2b8f2014a40ddd5
fec76bf742fb34dd497f8248a8d005d2f47174ad,1238ac58c249c454fa1059fa81bf512d5049867e,f4ab13c5deda503523c66d52d0975ef9175dd928
8814c09682bcdac27e2d1f294b1be6e10519d4f0,84a8a7468c7529fcabaab0cc586b84cb5191f85c,27baebc9af9ab3c1335d6c071149544d547816fd
6028cea09eeb7841bd42bb61006b231d2bff5244,e2842df922f071132d7c57530afa9464091781cc,aae3378159dd123a02ac83ae53933d66973df9f1
aae3378159dd123a02ac83ae53933d66973df9f1,25d38e823371ed64627657ad0b934196bb97dbde,7154f7aeae4edc83ea3817fbb2cb5ffe2b439e4b
39e83216362cc8643c092a9b2e44ab56308894cc,d4c5b25d1dd520c8196e6dae309054a1e5d8acae,d1f222f466e13ec4f130bc85c53a574cce063366
56beadb5435739d54e63e6b219081a233dfa8745,09607f8350c39a9e075b684d5109fd153cb62e1c,132cf780db1f2efe6dc94c71340f8e430e957904
fbaf5268293c60d6e87204b344313e37c8adf45f,de4bc0c7055d85859cd6fee16bac106ab3b623ee,96b0bcc86ddc7e6ecd9e5dc1356e3bbe604904b1
5a8fec7fc60bd1286700167b7d35c2c3fd980d57,bec7913562617046a83706813a4a438dfc9c8a4e,9e41e8bf72e34e5b325a4ee915a7168a54ae1785
d646fdb0351758c59a7cafb01a3f145319fc18ea,a94d5021ec2814dd2fb5f39a1cbb5cee302ba898,948bbf8ebcff0725810f6b1e289e8e7c84eee72c
4a2152aa15d06db8922b12fd7063badd3a7581b0,ee5ceecd684bf77b44462b6e89eae95aae0e9841,ddf995f29b18397c7dc773782cd264a81cf24b58
132cf780db1f2efe6dc94c71340f8e430e957904,816a22bd83a20d1bf14fbc45698f36153605afa2,c7754678382b6a749210c8285f9983bfb6f023ac
0678e319d0026cb882f6c544a84d195cc87f2f7c,fc83f7f72534fd505d1acf9c1fa36986677750bd,28f434c203b864c8cd0fbe32162af06fa225741e
16a2de907c4acdde98739b32a6ee9f5c2ca95605,4aec960b83bf6691f7e074d3afd61d42307a7c5a,bed663e862fb311cc529cc62f737dafa1ca94373
63066b48c17ad681fd56bdcebabc99ed54354570,98918461e87b554f075fac4850f166e1ada72c20,dcb3bc23a3b63eee6c1562427b31f444783a5b11
504da31e38b758a4106e61e29af227a08543be1c,7963568c654caeca76306228e0920a3333c8a231,4e9af4ae15f24292e7eb06715cc2ec5269fd9aa5
153d1a52f2968db9ac8037689eb0cb01e2f0a6e4,4aa0fe98fdb630d7fd79b446720f2fa6b5fff629,e9c0e5777066b3ef7ac54761e597b1871b255f89
152321c90a7a7d78ceae3364f45c4919a47017ae,94fef98ca60cfff7aed7500e1a5141d196be3ebd,a5c7a12abfd82ae893058bdd2a55f1cebfc6d937
94fef98ca60cfff7aed7500e1a5141d196be3ebd,6a834d357beb78c7eae3f908f39b968f7f026859,bdeff195ebec91aa066bdbf6ddbd724faf53e7c0
6a834d357beb78c7eae3f908f39b968f7f026859,a9a8450ddff893fc3c45bc1860b6a8cdc701cd77,285104a6411924302fb7c28f969e9131b2025f32
3e43ba16ecc2d4954edd064225ff8307806cb550,b7683192cfd352baaaa2873ab0abe6ed9fabeec1,5edd911267c05841c24ef3c78fe72da7fcbd71d3
a9a8450ddff893fc3c45bc1860b6a8cdc701cd77,2b4bb23d087d40bc0e4b0dec84a5fbadaec2a79a,5edd911267c05841c24ef3c78fe72da7fcbd71d3
2b4bb23d087d40bc0e4b0dec84a5fbadaec2a79a,1d3d990bf36f567bd35f19cf29cf1612888f22ac,4fc3b4f903838c1e7223e86475bc0b9f2793b07f
08bef1ceebc472a1f08e0346d07cb9a6ba29a5d9,543fa02dbcfe4eec1d11f2accea2c4c2d04bb4f3,e69f4aba8917b73002fa6ba294e9ef1cb0553e61
92bf58c23ea02c59f015e14cf8c83175ea0b4a8c,348f5817ed508b73d80b3a78ad33fda94e84318f,ace64bf75c3e7deb2f410bdf44cc0157a19caba4
348f5817ed508b73d80b3a78ad33fda94e84318f,3e4ba778291e5b13571cd7b2ccb1d6befa57f6de,2cfeb57a832b1c25f39dc30678ae2980de34fb32
8934b99ec1595f3355d40943ca8455b2cad07333,c866d56abebd10ac74e3c869c3cfdc725d85b0f7,6a39c410647ac8d2cf9bace19102a0e9742797ba
52e63bcbb76eea61de284a4ae09e2d499085f9e8,3ba35de70f3291b67681b03ecb50e22d38cb36db,e9cbd72d7bf690e8cd28e74a2c405a5a56d3302c
ff56166a6b3934d60971feb03e8403b7281961cc,596a3da41ebd9b474a427791baf31a0bc265821b,e532b17d931f305c52bb78da3a0cb5c10181cd9c
e532b17d931f305c52bb78da3a0cb5c10181cd9c,2c822eccec4e673f4a65d3f95bd3e4767d702540,49f30d6841a16bf178835d6d4d110e7f854d6e0e
4600730d7c2fdb936810fb235fc2efe5f9c2898e,c4652cd33aad326348b50181ddcbd3322a6ae1e6,e6c89fd5a17f5fc8c1caf398a922fe168f50bc02
a03e0964c6b50c43be7ff91a9625e27486852c53,ca4d86a8d5bb89d23c21b7c9ceb47142e1d1eef4,702a2f46f8217992c4695486396a8604fc0c19cd
702a2f46f8217992c4695486396a8604fc0c19cd,447940e1a28c3561bdc7719ce4732c7a45d4682f,dcf159b30d09ce8a6e6f5cb5a2757a82bf496cf2
822fb48ac55a6dc2f5bc5b3850369722cac5448f,a220c68a4a32f25057606deb1e926cad84cf12f1,aaad30b3af98dfc2db86293d096ab9c4389ddc70
aaad30b3af98dfc2db86293d096ab9c4389ddc70,97f846324da232d93181ac6add28dc2edd138c3d,5b1ae136891ad4cc754a9ba5dc07863c9bdf25b8
68f26ac1374cf1b6347fbe84af1104caa684c18e,440e2749eedaa4a2dce9d56eb10073996b1c017b,9f85b984b73c36133ef61e2fbfedaa6369a76200
84284054477a155e8279e2fe5dade4da91fa3adf,cb7b8cce346796f4e923de2b1a80473cccee16d5,9caf6501b9e50007224fe07ad72dfac88b1619fb
5882ec1a0613585c95bfb81ce179b5b4900176d8,d7a2ba3f884a5b84ee785b2e12e15113e665d133,add7cffc6b0ec657a7e8a831f1676a7dcaf56708
eae9daa6174cb5f325092a48e2cf5bed4f9a4171,cb466ced718d83913528d37176d6b8c028d6c38d,fd8ba3dd6aa53c6382b84beed843ed7ad89b1ce7
31196784228bc30ec8fab40a9863b9e0bc1c686f,91985119ac10cce516ce5f28f10006748ebf17da,968268197acb6df8a4474157ee8ca5cf430dcb99
423c687cf42a556539b22013dd1973d86d4220a4,16b1b63ac47fa9b6abcf8c3c22bd48df41fff3d0,04cb006015c3a93bab5d15d1c3d41efbffc54889
04cb006015c3a93bab5d15d1c3d41efbffc54889,f38f02d88f2dd7086f23c7b84e5b7d500522e5f5,daccbd2b823dd8d7788ee676b15488bcfbb219e8
d30b527c7141f626160f4a6902a198129c114f8d,7e73cbdf711a282a064880f1147f0b61119af010,8ef4d8c896eb69e920ed612281a25dc09f0d22f1
c5d35eaf542c02ed4f451f3cf690498da59fb8a6,3f219fb28820d252cfff37d050d9062ce930c2b4,d6b75a4d4596be8ed9e98f4facb7ed9a810d5280
530864089f8b91ccf64edf389d7999459051c545,54da6f1698a358a2fe0780970857db31631d6244,95711f7b4ce054ace9c180183fb67beb0b0ff6b4
c27b16a1989556677d439d5d4a067eb0c1b7b4a7,69061b14e611150750b32f60aeef14b1579e7131,541ee3184339212c683dfd49d91ead69aa33bb90
14bc0b8dc51ab2b4537cafdab79f6b741dc3fd7e,67defc9ed67ce92966d099f1d1cb6af4b6ed20ae,b939578c2d54e5b1afdf4b7a0a47ad56342bbe39
541ee3184339212c683dfd49d91ead69aa33bb90,67defc9ed67ce92966d099f1d1cb6af4b6ed20ae,b939578c2d54e5b1afdf4b7a0a47ad56342bbe39
b939578c2d54e5b1afdf4b7a0a47ad56342bbe39,c736c0bf90ed3c62b604d1cbcac3d2878a08733d,257c3c07c88949c4d85a84b5040d9a998d328772
84f5062aa387a5a302c22c6d3cd885242b312d36,5f7e7444eb09e0abc6b4a16f7601c33b82ae937a,f6de1cb2d2f9d60463a2a72a120c314287651496
f6de1cb2d2f9d60463a2a72a120c314287651496,a25fc86180a93a90541cc2ae36293c01d802bf1f,0ea2c80178e18c9cd22d35ffe66e3c22af63ecee
e1b16b90db1b4f62465efc8842c8b7ff79a85d45,2dcdb905ec5fe14120eabfdcaf05064ed12bf95f,b3f9c3a19b85df8f291f0302d52905cda3d119fb
66d5136e1e244a56f0bae956f7966d4ee1cfae72,b896656f3e498f3f06f0322f8d0cfd185eeda05f,4c0cf536f91933fd2acf6ee23692cbfe73296f5e
4cc495a3799ca4c0b991234fe68a742c0c6a0e71,cb924071d0a39bbb7b10f12be54832dafda4a8bc,568d4c83182bcc4c44402720332fc158ed2e49fc
568d4c83182bcc4c44402720332fc158ed2e49fc,77b380fdfdc9870bdb197c5cb18b642d912f187f,fc6a9dca57826b2d60f5f377e64cc37044cc2028
401bb1bf14f8cc4618071a0fb0ce54ffa7e4252d,8079fe73d6021913e8a101ba6d9dc8c5851a4ad8,ee7f5018fede1f6173adf01318ca7274dc207a56
ee7f5018fede1f6173adf01318ca7274dc207a56,0cf2f3965d7fdfe17b787ae4d41a332fab0aa596,e03d003339bf7180ed2d4919e92015531797d096
e03d003339bf7180ed2d4919e92015531797d096,6bb17ece96e2af3ba6e82bde26f275120e1e5d07,699ce04a65a8cd01c6d5d587c9c46b421ed876bb
6a66029a51938cbfe207212141eebe6bb82ef3e0,9c03da992581a74662c8c3deb25a515af66af4ee,e5e65b43b1d1c624060f76038cc8f6d174083b24
4cab14bf39375d33e63a98c633cf4219232b228b,36eedf3e5ae340975964cf3c4ec803913b99e807,b97be995ebf5da61dff51292a409857d645229ba
b97be995ebf5da61dff51292a409857d645229ba,dc74831725e7cda4a35189d4fef212cf8d07eb05,7298b53c5c0ac845daf969aaf841dae72e986bf6
0ed4474146bb2315c4cc680c94cc97af33ae6db7,4075550e348c60aff6064e403f00d2a6269c08cb,744791e294b9a95c36e355717cff5750399f42d3
744791e294b9a95c36e355717cff5750399f42d3,4a47da05dd6221745032ac9c4ab17f2c965d52a9,4075550e348c60aff6064e403f00d2a6269c08cb
4b504b794a16b99fee55e943e2f6b186dfec54a1,6ed6b960110263b843d84aa1dff897451c2d9880,b9a2f34aad00eb9742a9b80ea94c9e501f5a6bfc
6ed6b960110263b843d84aa1dff897451c2d9880,d5b614c52f985916847448bc5ae83dfb45b39eec,b84226b843ee7034de37d750bdd0b1c2edc1a6f0
d5b614c52f985916847448bc5ae83dfb45b39eec,a65eee880981bc310b94d45f480994fa3aac3b50,54b974cd285dad29b8f7026d59aed029f53597c0
8a8cd57d9e1ab276bf3075136f6571beefa8f9af,b142cbd4218e17f258e9420015243595400a4620,103b8a5671c6a9047cd9a4f7098b2a9762dbe5d7
70261bcccc3b816b75c1a9b4a52d56203aed37c9,8f34198cd304e9eeaeab37709b6548a5c9f149b1,f566462fe18dd03b88c2fefe0e721881c09c607f
f566462fe18dd03b88c2fefe0e721881c09c607f,9d3cd3e48d959c063545903126701c3d5d84ba4f,d7eb8c9860135e375f677fca832d4ceba5f8de8b
d7eb8c9860135e375f677fca832d4ceba5f8de8b,8ca7df3822cc3e97659671e859b10dbab796acb2,9d3cd3e48d959c063545903126701c3d5d84ba4f
5caa287892aaa41cd628b223d345231192684bcf,7286d2504d6ee429c7604f622fb91204c3df1344,dda59daa8a04e976d2d0f810e15d6d4ca69d2549
156e5c1b26e599f8098285d04c6c80685f025781,82ba283efb078cc3cba9c62e0bf8971bf4248e6c,fd28ac6ec49552b7b90b05e8f32c387b3c9752fe
43aec9af43482dcca20632912b5df6246519fac5,879e34f9e0ad66628a4ebd3c8e0d70bf04387297,d30788aa7bf66af69e5621d778d811c1881f73b7
d30788aa7bf66af69e5621d778d811c1881f73b7,959fedde0bebc2c24311e6d9cc11f7f05b063f93,38711020d208c4fc7af35b8d74d0685d258ef9a6
959fedde0bebc2c24311e6d9cc11f7f05b063f93,c7db2781e99154aaaf020078851d4d951d44568d,1cd0b704d69cdfa6be68b8fe490d36c7799113ce
1071f0adbedd09e75d6ec8daaed70951112967eb,ac2cf0bd79b9b0cdd64e83f7c7e191a474d254ba,a845175542d6229a54c63bc9a574108b5f456761
ac2cf0bd79b9b0cdd64e83f7c7e191a474d254ba,221e080e2fb6b6435556dbb090164e8d7361a6f0,d090009c1828003b1368a39eb96cb80a2ac113e7
416b965b95d9a63109d068503f700936477ccc3c,221e080e2fb6b6435556dbb090164e8d7361a6f0,d090009c1828003b1368a39eb96cb80a2ac113e7
1e53cf37f767e82fe32afd3ec8d22e9dd7d11ec4,1537c65a7898dbc931bf274a423e6ed7e7f266f7,1ff0569239790f80834bf6e80064c47e02c43c47
1537c65a7898dbc931bf274a423e6ed7e7f266f7,fc438deeafff2cacc95adedcd50e449f77c3ea58,57a0b59439eb60ee6dab1cc2b3ad06119f3f9975
8690ce2b64ca28119cee1ae7f67218c951981ed5,f756a87987b86f0235b082c5a573a1c06378da2e,c4e1d130a8ebafd0a160bcd7c633575f2df66f01
f756a87987b86f0235b082c5a573a1c06378da2e,54150069e67870f1bdc9d07c8df6c955f83362b1,78f0e6ee036540fa8f6198468a8e95b726f1b700
6c46a5c488542ef3777614aa20573574d4826f01,61621f12f01a85f9954bfb074af8431f7217f9c6,a4cf856ab9dc2200c7bfc542bdb55f2677a90ae0
54150069e67870f1bdc9d07c8df6c955f83362b1,61621f12f01a85f9954bfb074af8431f7217f9c6,a7aaf62b22a1c5f27381607d743949e2a4749e22
347edaf05161351bc1e95559285f227e9b24afb9,a14ce2915a891f13658d314211a84c560f4cd346,29d6f8aefa4e3914c403d0f0eb3781188b0bb779
a4cf856ab9dc2200c7bfc542bdb55f2677a90ae0,6dbe1f8577c5dd5e4a04b1c6de9ee7d42436f023,29d6f8aefa4e3914c403d0f0eb3781188b0bb779
6dbe1f8577c5dd5e4a04b1c6de9ee7d42436f023,b424e84aaf4a2760866cfaafcb00e99f614dbe64,3841c4a0dc32c4f018af5e26c4d2484b0af3d77d
46deeb2fd66f73435eed2f7c02755f3948fc1db6,4db7718a1569d2b34b37513997254d91c6e8b02b,2f3350cc2acf37a0363d2f4c0b274fb4d4e23fb3
b424e84aaf4a2760866cfaafcb00e99f614dbe64,e525f81261308be38716aa9b8cf1d6cd1cef390f,4db7718a1569d2b34b37513997254d91c6e8b02b
a335d618b6a30393208586d65713e24ba72dfae9,e4bfa3c99a6346241567eebb6cdca2bdbec20bb3,f55b8d9c0c0309cecb3990beaadbe354dd649fca
9d272787db2b7fc5dd87259b214bde655343f97c,77187a9e3325d47618926e20df975c0f905acaf2,48edb75ecb455d5ad2734a316e2b2e587e894b6c
48edb75ecb455d5ad2734a316e2b2e587e894b6c,10b5a0e5600d99645903c36aa0e82b11bdcc0c6d,9916fd9614ca500f16259da73fd61c71f7eba4bd
0f977145d1b3ce7154b7efb6ec4cc5d2818f275e,f8934eb1933e1c6232bd26396fd1622bd9421ea2,578f3beae189b607786628d5d78bc5ff36cb4002
fe1a1ec6eb4c5f4a362b8b7091ec2449858ceb88,2632c0c768d8d3bee74731b456da0786e619a8e8,49f0c0a1617cdec0044e7372f762cddaf55fec59
8efcb730752446992b7ae8140a65e64d53dad887,3d82339bef0f584e289c3ef0be44213885f72aa9,8fa1291847fa292baaf1cebb407f57540998c626
8fa1291847fa292baaf1cebb407f57540998c626,a186c058aa302b2905055220ea1b41634455fa0e,fc28c4b6e92b4f2891af7fb03eb37b6d7228eace
47f5b3af774cb21771a345c9a6bbcc01ba02eabd,92173ee6377061ba4992d9c949945c6e5036e1db,e8e1afed436601fbbd8a099afc5d58a91d64a4a0
8f4a50b5aa49b00f8cc5ba871efe641f16b05710,b5184f9eab401408c2ac9ef1f18d1bb296b8acae,c3e077af952b0ab1a3123d0ac135521c6b6518d5
0cb7e52ce6debc327a4d1f8b40987fe33ea4ce2a,f502b78a5320b290ad712cc98267c9313c473d0c,1b0f0eacf69b341d19e0173fcccaae2f43d0ec4c
f502b78a5320b290ad712cc98267c9313c473d0c,2c19879923dea4ac01feb1e55b8e02650ec9613d,64d88b35339a09fdaaee7789d5ab029994fc318a
f538e0534f8512bd5fce852dae1eea664e168312,d6d3d73872c2a7a53d8eb26ba41c62a0bfd298db,80137e8aa1d2dd0be586c8fdfa14c4da9addcc92
80137e8aa1d2dd0be586c8fdfa14c4da9addcc92,dd6c7db30ede1d0d6188f207261558b1960e251f,1ae5bd6260a6e75cbe12d250ec245ac35fc72123
1ae5bd6260a6e75cbe12d250ec245ac35fc72123,85db10bd00eadb102c19b50af1e5d2f8193ac08c,25c0f36b10959fc0c555e8383ac1a0a79801f545
b3a6f82cf91c6bf30541b9fcafcd0072f7d9d7a3,d725ee5dc30fab589c97385dd645ba89c34f1d08,1826cb8c99a9b96ece31f52842e979764304a2f0
25c0f36b10959fc0c555e8383ac1a0a79801f545,3c5e4899c8154e3781d03bc21b3be78081d67d4a,3cd83b6018d700c40d9fa92eb2ad0ffc1245c5b0
3cd83b6018d700c40d9fa92eb2ad0ffc1245c5b0,aca725e8407f1c94ceab233e441b265f123a653d,9e371ba6a3101d874b2fa0dece79c0b1c842b6a7
3c5e4899c8154e3781d03bc21b3be78081d67d4a,29cf687e74ca5215ce4ddc221c16f921559a01bc,9e371ba6a3101d874b2fa0dece79c0b1c842b6a7
9e371ba6a3101d874b2fa0dece79c0b1c842b6a7,915e8287cd50e1324d8789c6c30d4a89cdbf0cc5,576bd1699bf9219e03421132d6a557c28d1e5bfb
53e70ea3cf260abc51b347c067dafaf608a77f03,ae14848de5fc180ee40a651925d61bf5e8f5b244,bac53b647d4b212fadae882059bc0a3cd059fc4f
57ee61dc018e997c58b65341e97bb4a8064afe93,d55cca908e3bb6eddd158fb7076a48923537923b,1ea7bece07a8f7024a8d2d00d9bb4e91bc5263e8
60304ea44c103db6c66695935c2706b9f7b616dd,cac98552bdce56a766d933aaf6281b3ee1bffcf5,043d6bcc3454e3c794983caeee64381f297c3d62
f2a8ab8ead5e64d2ee32fff30b8b6d666274868a,66eea9671607c69f0062ee7f4918d98195b6d32b,19a66068ad6576b719c50eb2b01643323126f08e
043d6bcc3454e3c794983caeee64381f297c3d62,c112cfc545a08425a4ad1ba73c15498c8a23a141,f2a8ab8ead5e64d2ee32fff30b8b6d666274868a
ded45d083ee17d2f3511e254109664f9f2db26b5,95170fa094e24f14aa300f7e4dea7ebbbcd92d8c,416d98eab9087e6501a19a8db5ce3e20968823e3
416d98eab9087e6501a19a8db5ce3e20968823e3,30f3bcda9e7557b82ea9e859e8d4cdc5f8df6af4,ff1f812b9b5a2efb2f46ff335bc496f40d1121f1
ff1f812b9b5a2efb2f46ff335bc496f40d1121f1,738d4470468a6c80af4f67363a472932ed0ba158,d844060cc320e9bfe8870689349b305335946c6f
738d4470468a6c80af4f67363a472932ed0ba158,f582409eea5b1185d8282307eba2efa3819b2312,65be487f3088fc8947b020d20b2b5208653e5a5d
65be487f3088fc8947b020d20b2b5208653e5a5d,fd34945ad0bb6442f6b0f539fd50b2e09291bb29,617bc75df2cbc87944d4a98942bf54001cf1cf89
aaa331ca6f5fa2d84d73c5b44b2bb1c53cadcb5b,bb05e9d9c9bf0ea631426271e15d67d607c653b9,07bb4451809aebe29d867096468e62d38dcd98c0
bb05e9d9c9bf0ea631426271e15d67d607c653b9,a274049274656ad479b523b8a6a5b8940ce45dcc,2c3df95562ada700b925c04f45fd6faa7211fdf7
7ab8142bb7fab14d3af69a29cc568de0dcae08fe,418b5862c11918a5c8da4414f4e606999d5f850b,2c3df95562ada700b925c04f45fd6faa7211fdf7
2c3df95562ada700b925c04f45fd6faa7211fdf7,f822ce19275ea68d56bc6a1dc19bbd27754df32d,57e3c5f77bc4f70c9fec0a3ab5a0111f7cc566b6
a274049274656ad479b523b8a6a5b8940ce45dcc,72f4ceedd1894ec32c2229b8306b5829e951381f,36b1e1ac69b01d60c28eb84fb611e3dff5fa829c
67b8dfc921ca7b207bd867e9d8f63be4c3e325a3,0813cd97861e43cc485508fd1e5a22cd932b8c2e,86b3d69974c1ae9ac44cf9699ce59789b295183a
0813cd97861e43cc485508fd1e5a22cd932b8c2e,94a6ba67682690aacc2740d8ec785970820d0916,ad2d1569e25c1e5fac196103acea483bf5566454
f7a94c2b1bc76a4c169f396d16d9af438ed69b5d,c52e7fae837f4464c2875ca4b472b13ccebf3dcc,135459ae5f15ebb2e3d8bafe8137bf1c39acc7fc
c52e7fae837f4464c2875ca4b472b13ccebf3dcc,5502d31e20e092a6af36ee57154f4f28ba46eac0,1143f2863ca74cb40d4bfc5f30809e9181710fc3
7013907174dbb8947c75cd3ff0fdc88291a6e905,39d1555b1a0530a41124e3e6f3c3e4af3f4e155a,ff4129ae5fe3d5d756481a6442573edca24b3d84
ff4129ae5fe3d5d756481a6442573edca24b3d84,875ecbb85c7ca17907420233aa181c0b3c83134d,39d1555b1a0530a41124e3e6f3c3e4af3f4e155a
9ffbeba040b3541e1ee6947dc900deb8db8ca331,02e345962305d3dd98202b69c0e83582aa08c0d4,d3038ee39d6a8b4032d0cc1a6fa44ab0e1eb2468
d3038ee39d6a8b4032d0cc1a6fa44ab0e1eb2468,db7fd8972a0ab1fe4b4b993e3ef00dbaf1539747,fc9587f99b0384b90f217c04fd9ab91633df4fa3
5a45b5032ca34b8070d410170b4b0b1c92e102ec,e8b9077e5231215935f37c6badef999edcc5fdbd,db7fd8972a0ab1fe4b4b993e3ef00dbaf1539747
db7fd8972a0ab1fe4b4b993e3ef00dbaf1539747,9612fe6ce72dc23e41f7fb4d397a18ce79b5e3fd,236ab39e696ed54aa798ddf50c5bd04690614f38
77c8a56e845cec29b9c2889492f4463314d96423,6716eb807e7e38c61b132cf0724d099cdb284059,9612fe6ce72dc23e41f7fb4d397a18ce79b5e3fd
6716eb807e7e38c61b132cf0724d099cdb284059,5a8b72ccb6bb68b3acc2163edada3e40cfa92412,c7f312174c6b1489a3a95610b3d5eb539f24c9ee
95bc648d8f2964435be4ceb8d33a70dc568893aa,6ad64f2d6b716b5771b8918e79d7ea9aa213fae6,3180a75091142cd7c4c5a9997a26a003a764e198
3180a75091142cd7c4c5a9997a26a003a764e198,c7f312174c6b1489a3a95610b3d5eb539f24c9ee,8d08de4b36752f5144399db1269293c9f08e378d
c9e007bf072acc1d053257afec325bca80d0b229,46aef6c1e52a32081c4630a2c6957caeacdffd64,05a2135559c863ad879f0d74fe382d7736cd0a6b
e96701ee5136b8239012cf7eb090898049324994,0dc1c32f6ddd59880360ed565a1e1196db4148ef,46aef6c1e52a32081c4630a2c6957caeacdffd64
46aef6c1e52a32081c4630a2c6957caeacdffd64,bab39572dcdae4e932d4950750b799bff86d0269,7bad76dea36becadf524b5fa225c32eca1276ccc
c7f312174c6b1489a3a95610b3d5eb539f24c9ee,fedd421b6e5a9157bf21a1979518bb8aa044231f,7bad76dea36becadf524b5fa225c32eca1276ccc
c5677a15e945dbb4fec6def66f0aa622c076c2ef,418d17037d2f2ae672123229bca8f3c03686025f,17a10fbb29930c3b11dd87d19f3ab321b850f828
fedd421b6e5a9157bf21a1979518bb8aa044231f,6ea6140940011a405adef0bd87104d8ba31a1f34,17a10fbb29930c3b11dd87d19f3ab321b850f828
17a10fbb29930c3b11dd87d19f3ab321b850f828,cc0a56ce026d64e08c6981944c1e8415c6d906d2,74b4b3158ad86c31d351ae7b418ba6d7f2e5561f
c9964cfa3427a37186252c5210f08560ae7bfd10,5677afde6ce7a52322133c841a538b41e6a5bce1,74b4b3158ad86c31d351ae7b418ba6d7f2e5561f
349220b6ff715e257046169faf8d9d11898d7854,41433cbe1f25ac76a5c4cb841c866a7a4c23e3f1,a06cf93af20f9bdc3ae38c486c985d2dc1d90303
bafd3848f56f5c9199a1dfc2496be627d07981e7,a0df0faf3d29219de89c4f26b9b1c2412c0a5ff7,9896823663ebfaf54c9bcd0e503bc2beb073ad5b
2d40d5f9fd709605df929ba45a6e821aea6880f8,85181b221f2ea89f5a2c22c0a65630b9b5ef730c,a0df0faf3d29219de89c4f26b9b1c2412c0a5ff7
2015442dffb94bcc8aa98f56b4eeba538237603b,afa93decdf01d4484eb16c929e66eed529de5910,6e458515d85d905ca8a88303332b490ac7bbae69
98924522a1bcf7c1f51baf3646c1aa36538c2d4e,61324f080605c589c9f3a22de51b81860eeb658f,7a0fb8006518070926aafeac2c05d8516fae054b
7a0fb8006518070926aafeac2c05d8516fae054b,690fe4145fa77e2c94ee51c51a460a2af9d235b0,541acab6900d864b82a6b82be2362f9199300519
61324f080605c589c9f3a22de51b81860eeb658f,4e58e83891b870157844731128d116fd23a5c115,541acab6900d864b82a6b82be2362f9199300519
74234129ac711e3e568f6a03597ff067d5a1eb4a,6473a02c8e589d5fa137e81a109e4cd809aabbe9,72db357c13dd5e76de22ddc9a25564e02f0d3dcf
22b8c7226d1f483fffc453e4f12f4225c9d7ce56,fbcb1a6446ee6159632dfe9b2e655b1321ff1e44,b5f71d74906e9c2ea1d3574afaed5bfbff8c9148
d4b3f8a4f29d1707fa5a2f1719439f61dcda1c96,e279afdb2a7d94f01e6a780bb134d74f3e90fd94,6b0ac5cf8950ff3e0bd34876ed42f50831520f89
269426876005de39c0e8d23f9ff80dc73bd7df1e,df3d7eca66d245932ed7a96d84f77126f703b1c1,e279afdb2a7d94f01e6a780bb134d74f3e90fd94
25d2f1450cd9e4882458891daad09e812f2e959a,5f1a12f0fa3cc5735a6f204f3cb80d515fd169bc,50d114c2eddb1dc774ddeae53306588097906e4f
864b5edbef1d9a3002bf04e2c9558b6d5e3f9963,4b5bb7c6717e5095451870cfa5c0d22c67c76f1e,0d325c46a561d3d352ccc9e853678a0b7d7a2c17
196e4952795ea37b4b807e9e9f5e67017e55fe58,639b5bf5bd70aeee34116757719de5f8ed8e33de,e971a4c8769a7edb32a79f5b1121e3dec5f784f1
a5fd40793b8a1536ab4f5c7de29d6e2915a411f1,d6cfea8bb0271488a3ef91a22925ada834f17d52,6fdb0f3f8f622b6ef9a7379e08be5df5cc797f2e
fc76ac0c34071c93776066adfacae3d26bf31708,2407367db60434506ad958692c377929dc8d8557,b7e8687a5fc62e5cdf5a0520f3126ba08bf84279
47264176ad956f685ad3d8b7031c68ce9a74f73c,2da8d106c094922d94db70cb5c7ccc0c83f985b2,cff8f33218d871af9fda288045d2d220c87f0b07
4909469cf3bf29aa0286d94f5d13d2b43bbf7301,35c1fc20e328d8fc7257a12ba9caf537d711ffec,9f7ddd535651d6b152c387396f7548fbd7d8609d
9f7ddd535651d6b152c387396f7548fbd7d8609d,35c1fc20e328d8fc7257a12ba9caf537d711ffec,43243068663a2a599b00384ae175110b3435b94d
68a354600fba348e527f840f159e09f911f63879,7c7a21473fb62942f597f0bb9952a42c848c15d5,e9b043bbda14370c726e2652191d40af704a767d
aced4daf18ab422e339b476ccf56cb9035d56e11,4dd9b82461d14a1bc6b6e01d1c0771addd114140,0f4dfa5906068d6aceec1382fec6f8b66528be12
ad12fec89d64cbd391fd4e0d0163ec6d2d179da0,4b3930859389eca8e1e7d4a936e8ce02580d5da3,25624fe82e4b4ddaeab137c55554301f9cac1c17
376344daf8e73c8975c11a20574bec9ef809cafc,bac0caa14f6979f2250d3ecfe3b28581ba28b1fd,d70553aec6ea3e6fcef45e3b685c247b0406c59b
66841debd5282f5b8f132b1efaade24abe98ce2c,dfb1d101d669926a8ad106b8f8e0a8a0f700899e,9fd8cc8c0c1d5894ebd5923bc0591c9cce1dff7d
9fd8cc8c0c1d5894ebd5923bc0591c9cce1dff7d,62039fc821c92c8fb637d068072ab37b80f52574,f3e9992ad068cd35433be75b9b4d3099dd5a921f
0cca76e736eb5af92ffd762b340e482faa4598bc,5643e8151723a7171a7b18d54714254981b2b735,1fa78082923d077d43f7c3d1cdaca7951456149e
f2c70bd77d03c7b073a598ac5931c2e1a446a2f1,ada6c7f5462e3860a276a1b7d0975b05e3e3191d,df55a8ffa89e7138920d30aba031bfe13226dcb8
ada6c7f5462e3860a276a1b7d0975b05e3e3191d,0606ced37c87ce123187b2675f61d3edb43c5e9a,fab7209afa69b043c32fc020f25f59b6d0cb83b0
606a294b34e187b1c418d59ebb10848ed8e21f26,a1b366d0d8e9202c20e71f2e8ddf9fb7e5da8454,33691cc9498e03aaf1f6d8c2520cb87e27203e97
33691cc9498e03aaf1f6d8c2520cb87e27203e97,96cf3b1a0146f07511df6a69e5d7cb9b914586be,2783a7d2b329add086d9ba9142f76f910f80bfb0
35bcff271e7cc4e446a41c5dd6d103865934a817,b2f7bc8194ee59c68ec755a7a39a2253823b3963,919afdb6dc125d4041c93b08c6ed05b1a348e3e3
b2f7bc8194ee59c68ec755a7a39a2253823b3963,3c5c1aaff40304b1547d5490049f894c1ff6ca0b,7f0efb5bd487fd520877b4577ea9246fb8b16f30
5c65b66612cc98c969b8dc9e796d65a75fd93112,df714bf7dc6db2acb40f71af4f57b1c9abe2d323,9cb36809d932505511069bb03eb44f75347c04df
7f0efb5bd487fd520877b4577ea9246fb8b16f30,3f4d602a142b629d28d0bc21051116d9b903322d,9cb36809d932505511069bb03eb44f75347c04df
3f4d602a142b629d28d0bc21051116d9b903322d,b8314d87ca84e9cb98d2a381a255f248d359ec21,b1529969a7d31c087e8662758035f010dce0a6ce
b8314d87ca84e9cb98d2a381a255f248d359ec21,18d8a781c5e788bd75c32d43efe3d117c636164d,afa03dc7462532db1e695ea585941555557005e3
d95580570bc3256ad6bc87369d1e012ed9d9cd37,acc3ace1e29d83b633384afc665e133336134799,35c1ed185b52aa21bbd751e299c30990fd5d662c
35c1ed185b52aa21bbd751e299c30990fd5d662c,90fae295ebfb55818e82a509cb619cc000b7e31a,5f9ccc6e924f4db181ea541b2af22c83fb5be772
3c5c1aaff40304b1547d5490049f894c1ff6ca0b,acc3ace1e29d83b633384afc665e133336134799,5f9ccc6e924f4db181ea541b2af22c83fb5be772
acc3ace1e29d83b633384afc665e133336134799,d11fe52f8a452ebc304944b0df5ff82f2fe8fb37,367d20225bf0db98e150f7a30eb34df834044c55
367d20225bf0db98e150f7a30eb34df834044c55,5bb6fc7990f4affc54717b86d1c0460630914678,f5868f9d3117a125fdffb8651f69946c1a74a77f
d11fe52f8a452ebc304944b0df5ff82f2fe8fb37,f14fce8b6b50fda922120c77a671bab11a8b3924,f5868f9d3117a125fdffb8651f69946c1a74a77f
f14fce8b6b50fda922120c77a671bab11a8b3924,f78145ed3fe5c12ebc81c682dfcae34784abe5d6,5ee1f53d96fc8b03b1be2e2037a997e279ee1e12
f78145ed3fe5c12ebc81c682dfcae34784abe5d6,0361885fc24b748ed8b9f6aab82a44e8cf5fdf69,3f783ba2669100e207bd3b17dc94df49ba37868a
9048c20bc93448b67d43e0c8c21a3a24788af93e,13cc5dcb455fea0616fe831121fc2300beec9f0e,4ba9bd5441f22f2a268c15a8a9f6564514cb2042
c88a7d25a0b1d8eb1a443548f3ab6b39255922c5,084c9ca53f20bee0ff5f7ff8e54db38bbc45c917,40035c954d3c5133e1094c74a3fc426c3a7c2f16
7f7a39dd2890fecf58d671c91aa0117f8a352dab,e11558b15943acd9c366f1f92e1f0e4eb7993068,766c3a5a45d83d7af2512c1935ad0832b74f084f
3063359d280c394ca3fe2a4ba3ef59aee79e353d,546ba20d4ecf73244b848c004a4c713872cb8bfd,e6d6518d38b9db13b71b1ad07ca7374cb26e13ae
c721e25c96d4eb39c061c513e62751312c75634e,68485d1e9ed71769ee14be44645db16769ad3c48,2b59fe28582f7f181546b1a42c63f021251bc029
8b9b7f458d6971ca925874c9247dafecf763a314,6856d95d902be6d4351312bd332e36430f11fe3d,41c874e52392469742111af5ed708577e48c58a8
771e5142c9bc5f1d4ec2f44797e0ac504fc10a5b,77fb124e344704f54c492dde67392f7afcb91922,1a6806351ac4a507b3957155e673ff97c8406a0c
1a6806351ac4a507b3957155e673ff97c8406a0c,da45a0cdcf36c4fc804560c33dc89c47d8f1f6ff,da685cf126b7ef5e4901dbb80e39f98f68cdac7d
2932a8763a3465c75b804ce71a6eb50576ecedee,eb4780b9b7c5812b1edb8b6ea2da438a7127f622,7e754d30ffff9e444e489780faebbcd89d7eed55
a1fba9db9b6f1d7c17b5dacea6b6133fb892b905,dda9688b3c65868c3893c9f2be2ae737319dbf70,7f5fcff2c899796ccaaa840bcd7d9760e7aa31f9
ae63a9a32fa2a7262a711c3b3ce5dfd3366749d1,6089e4e5985e7dd900c40eb36e9144a0ba785f08,3bfb6e5bb1810e182c3279bfe4d45789e9292825
db2965c21cbe4fd7186ceae58ab1060fc4973608,ec7174e2fd7dcf4f659a98826309cdf1966c3519,3ff8821cf868703c9f3636fe1bc844665e987f4f
d198edd3a6d79f0cffadac7d737c6b7356cfbd4a,1d679ef0a679674437faf905cd167db21ba4f544,035014bac22aea915ad61f00041bff0afcacb897
fd1d5fd27d3e096b8e2e156b2a775a500d4c8744,b0c1d1f018e45183d193cd350e070aff0401b3f3,60184f211ac8c8cbeaa38de1eb7309b8dcab5b3f
3af62491b655f0620bc310ab2721d9ae1afca53d,89999529a9f24ad75c65eaeec13f912aff9d9977,0e538902d03e7ec03120c1549096b68bfa0415a0
89999529a9f24ad75c65eaeec13f912aff9d9977,f5b42667899766073aad62c2ef023cceaf56f847,be67c2063ae403a7d395ebbbbb1cf00cec965626
1fbd42b3455bd4947fe5be36583f91f8d66d50b9,448bb726ec1f7a9f2c217827d85deeb57b081947,04763049c54dabb678ee4bf3708bf13ee469a4e7
04763049c54dabb678ee4bf3708bf13ee469a4e7,d5b812de9ff270010708fb8f7787401490d0531b,61163624bcef77fede9ae0578730b8a2b1ea4c2e
ab7d93385f0e112fdaaadfb9a5364d0c06d35375,9abf361fe7d4be762ae37c42f77872fda5679408,4afdd5a9206bec52db1c9514bb070ed1c73d4ae9
4afdd5a9206bec52db1c9514bb070ed1c73d4ae9,831fdde446292a32823a0bbefa85146d14b4423e,1c451dd25ca877119cb7e84bf7edebda2ef1c913
1c451dd25ca877119cb7e84bf7edebda2ef1c913,1c94d7bb892e34827053c92fe6804d687d4375e6,7ca1fa9804e6446dfb1b8dc9526623764adb179c
ce19cf6148fcb39855b7354b3c9de79eab377bf1,424c1416856082481e1d9f3b2b4f0f64c5540eb6,fbca456e0bb7a05f5d5318a0f23395b68ae12f1c
d73c165821265c0bb28bf2e15f421c6a0258f87c,0bb7cfc7588037d40ab8bcb505fd818ff9ba8307,dd3f3db5aa4aa96d39d6d2768ec53d1e263e77f9
424c1416856082481e1d9f3b2b4f0f64c5540eb6,fb968accc28f9c8b59af52817b396ce96201a292,dd3f3db5aa4aa96d39d6d2768ec53d1e263e77f9
ca12b278951919211acaae7b6607d96990736356,f70521a70d0f73e1f3d0111db63a631265d8f9a3,eb5276ec3ae3efaa340c1ed6e83e8e7aa0a4a9f3
fb968accc28f9c8b59af52817b396ce96201a292,0d32f8208bfe960bdef5b78b53f457e56bab8e46,eb5276ec3ae3efaa340c1ed6e83e8e7aa0a4a9f3
0d32f8208bfe960bdef5b78b53f457e56bab8e46,a6597744a32d2e33278f3451f41edc553e946682,f70521a70d0f73e1f3d0111db63a631265d8f9a3
a60b5b8f753ec22c55776bfa9b1c06818e93d238,9c7eff041a02b32061d6a5f21651878a8b458bbe,35da4fbacdc5b57e6deda7714dd8e2fd4a410b26
35da4fbacdc5b57e6deda7714dd8e2fd4a410b26,dbe9e29ffe1b69b1af7fe8b5928298f9842d8402,e94a75e3b3b2967f9386b19475a874816c1248dd
f4198338a194c9f3b2d7ef87c0db853c38a72b73,2b73425ae55b8bc75bd45f7f74a06e22355a8bee,f4523871de47ab40be320deb84eff05e75fc0da4
ca469e4c0c180d51aacfcdf83111426001c9aea1,a6597744a32d2e33278f3451f41edc553e946682,9a1ff8af42db401263fab9f0c483532c88e2d282
6e738f9d7afc668ef70c19232a7d4971d43c43ef,90839c8fa866f23b84fe4f5ad0b94086d3172aca,4791671f0800eda4ceb5ec9f8e0741495d735a8f
b7142851d6ccc251f5f3130402589cfc1df9cb80,b2a977d21809d42e3c9d2012b89ecf391e797f76,87224246c8cd14c065cad3e17d88c5968e3f3f95
87224246c8cd14c065cad3e17d88c5968e3f3f95,addd398db7624071f3c1933ad9e440e5b042e995,ca4b0df42cf369eb3a09d50d346e7b0c6b14a1df
ca4b0df42cf369eb3a09d50d346e7b0c6b14a1df,7cdaea7062a3f692f0e816a1b12999d22088d866,bbc5584a484e7616a97e12184904dff8fcfd1109
d9f7c0f6256fcb1aac7becee63acac11252e15ec,a9d456b8f2798d081ca8b28033125da53d4d8293,06dc79e20947c18e0aaa75f00f7a51944c20fb40
06dc79e20947c18e0aaa75f00f7a51944c20fb40,a9d456b8f2798d081ca8b28033125da53d4d8293,ab809603e3201df809808959a25c608865bb8207
8129a5321840146944bf8b04e3de101a5339649c,d3cac3fe0a48656b03da605a0426c4e92899c6d4,6915a0b1e7d0e134501bdaec249d6e8168894084
6915a0b1e7d0e134501bdaec249d6e8168894084,bac0f2d47da4f5e7b046fc866e50acd18eeeb8bf,92106cd648f682364d0732bf0877ebce525c517d
49d87c2ba0ed37d391225b059eed45ab961d0a7a,8276c57be613876028635657d47619e9bf52d177,94f8ae2be72498e075a9437e878c4f31fbd992f3
8276c57be613876028635657d47619e9bf52d177,6d86e13fa63a21cb1cae075d686afb676183c3af,ea1ba2189271c8526865152518235d0297a18cd3
7daa4d3a6a93317a00f4b889d669899a53eeaef6,eee91968671a0e4e4fc74253f07276abd61586ff,f86f7c8c60a91d93ded633bb4e21aa78871184c1
7fa3ebfd02a0a9f01ddb980d39153863d88140eb,004e9f9f45e1f00b4cb7f88669a12ace135f57f0,003dbe7967ed1a2121273f1ff9d4a8d3d2ec670d
738d1419844699102116eea7af2fbd05ee7b51dc,939e02ef3d9b49841db496c77f197c414699ea0e,80c59abec8eec6710f10ef9b297808aa91f5c920
80c59abec8eec6710f10ef9b297808aa91f5c920,6930a649976ee4f95cccfaf1e905ba8e6011f053,3c22f9a45ef4f3577c8a34358374ac633bdff139
c0225238b1ecffda8bff96a56c33d5da5985b695,2e8de3efcf08712dc7774411f6216e686c703731,aeceaec52660d54aef60784c6ebfa006798eab19
aeceaec52660d54aef60784c6ebfa006798eab19,7042dfebe3a58514bac6239ccc20fe05a2b976e6,f0308fde35dd1de76127bb4f5d3feee2922c73b9
a1697538dbeddde900f3761af13a629fd2ded572,a31a78a08d6ea2e9a0862b333d872e17fa613b2a,2f7aad3d77f8ea4424243eba711e7b789e2f1c47
0b2ccef15438035f44f08729a190ed2ca050282c,942699b54a91819c9466d8e5509197035b95226e,a37f82270f6d0764926606e7e331dc089534f2e3
4c89fe237d0e65f3ae5f03775f86b77828343f42,9c05252fed4c5e9b22b5dd45ebcadc5e97b8a91d,17451ac10b5516e3a1ca117010abde58851d88e5
9c05252fed4c5e9b22b5dd45ebcadc5e97b8a91d,43e59d40dc3b6f44ad5e4c28833e06eeedffd37e,e6f15ba81bb8beb956f72d1c87ae54bd996c272b
e6f15ba81bb8beb956f72d1c87ae54bd996c272b,5cbd4709ee41e1492f252777b8941b91131e4926,5840a4d9ebcf282fac38e4612bc2236228120045
5840a4d9ebcf282fac38e4612bc2236228120045,b34def03f85a8a87afb6ab7dafc4177b56c1fde8,e067e0e15fc7dba4f689e342ab6df4b5f9224fc1
4e176621023df71e40c237ecb30b1eb7f2392838,908f8f44e291c632c2a3798fc2e3503aeceb7aff,bdd4b9254e65bd89e22e39bc3ea74894e52520cc
a5c264c0e359a6ad1207f5b209749e4bbb899cd4,bc11ddd89f5b0c22d20c9c44c8751af6755e8c4d,177719609368817a8d1e491fd0e108add4c936c1
908f8f44e291c632c2a3798fc2e3503aeceb7aff,4b0e728dd1f316dcd74f9509f94cee99c269aeae,177719609368817a8d1e491fd0e108add4c936c1
7d36331aa1cc216723221faa6f7016c3baaceb03,13b219f5765722b82f84e7530d7de9c48e85e944,11819a4159cbb064b047b0b3408af97208a810bc
11819a4159cbb064b047b0b3408af97208a810bc,75795fa379fba15640a788b57d146b7181764dfb,496a6b6b7bff7ee7a9cfba25ea92637ec3eea92b
40e2731cd8fcb0efdf6ea25b69dc3e5f26b64966,0012a0f7411a734a491a6cdc2e95a29bb9bc3d7a,75c44779cfdade8bf4488aac650d0549813d54e8
75c44779cfdade8bf4488aac650d0549813d54e8,fcc5095a0069ba37efce7abe21c9b7a895b267f4,fdb00ee7ec48e1df115e2dbe4346e1cf59ecc726
ae4b579fe79112f3384e73082f770af735f12be5,3ff294c5f568fc628be455c72fc6d3842b1f7c54,75709f540bdcdc7aa2178dd9878eb4e9cc235df0
75709f540bdcdc7aa2178dd9878eb4e9cc235df0,d8deb7d87174575557fd237616d981f7ee49f886,9616a37b51b9e20ddabbecaaeb09539965bea15c
bb8a48822744f3baeead35f3585e1b4a3d2c8e67,1244e91867929479d402508519633420ca97c9ec,da9a4c0c9e3a90fb0ac53dc77feb4c30f9362567
da9a4c0c9e3a90fb0ac53dc77feb4c30f9362567,d46dcc7df3a2dd11dbee979d2fe93728c7312e5e,e15b3202bd2b19e8c6fa1b8f5fa6448178489845
c025370ed9961356b4a4f970fcb24e4800f050aa,2d7f7c37360ee616910a2ba1fb79a3be008f1fe7,7d5b189d88e1069e7eb7a63f9c1a5d7e664b6e33
7d5b189d88e1069e7eb7a63f9c1a5d7e664b6e33,ec003d70790db26883691885c3250eac7fe8f2b2,7517d3a6e74e7e3c57ba5b767b0e061eadfa6061
7517d3a6e74e7e3c57ba5b767b0e061eadfa6061,25fec126b8cc71af09e8c0804da6b876dc148fff,9f850e4d896a8ba6decc6d1a5eee708dd48af57d
b2bfcac1ef323c40dce52e9e6eb52e535f81ac8a,f56b88c6e41cbf0949293c16b038e73f25b689a7,c29f11517f7fbdd380a022d870ae08adbf9f7c0d
b3385c859ada4a3fcacc8ffa14430d9d719a6deb,f5671ffdbe558092f9705b28108a17e45f505dc0,494ed428dabe779ecb1e4ac1f79f9101a943eca7
88ea925598163844191f10962075b7a690d7a899,8a6f4c69daa37d1b4b468580beca18cb90d7063c,e811541ab6b9df6059aa072d6b72a18cc9f1357b
d395f2223d720fb8aaebc0e6b1e037c9aeaeedd1,2b28812fe933500f3db827059a483ccfd73bed6b,e811541ab6b9df6059aa072d6b72a18cc9f1357b
e811541ab6b9df6059aa072d6b72a18cc9f1357b,687c74962fc756c429a473facda24f3f8a02c91f,27dd7c989d4b02d5a13c46519ff964015fb4fbfe
687c74962fc756c429a473facda24f3f8a02c91f,4dc78163753785e5a2e7aabf65c4d202c0e1d9d4,8b9a0bffe5e7805c30e9d7c26d036e959c323b42
d66d2683051f00046bf32ec6842de9ec2a02f698,617b47130f5287b624b5592b935d623c449553a6,4dc78163753785e5a2e7aabf65c4d202c0e1d9d4
617b47130f5287b624b5592b935d623c449553a6,7ff0f1a821583999d6efcdb9ff71acfaad3974c1,dbaf5fa76e5456d694a2a4752b3fa505ff7181a9
8c00df8f9a6907afdfd073e0e3df978e0704cca1,8794d227bc79324c64d108e7f6f9909f0654acf4,0690816a27bbfbcb8d2e347b7998b4c33ad7f42d
8794d227bc79324c64d108e7f6f9909f0654acf4,3d9e4408a52750e1c1a3bb237d312739fd2ecbec,de7c45e93e5f94e96fe26802d4ee0fb416d002a3
de7c45e93e5f94e96fe26802d4ee0fb416d002a3,168d5f76eb786bc79ec7c50f16b5b1abe95ee8d8,bfacacd83e29e316f0cc47ed06366357cef4cd7a
11330eb108f7abeae37cf14e709a00f279e7884b,3d9e4408a52750e1c1a3bb237d312739fd2ecbec,1b0bb3f09ad018a826cfd9e851d0c342d331456d
3d9e4408a52750e1c1a3bb237d312739fd2ecbec,e139f631a0e160c71a8ffc96e3bd375b37bd30af,bd11d7f26857f2e90b77f411947d29a60cdf0cc4
4a8fe881dd4e66c279ad896fe6d9dde5cd88d648,0ba50e873529913a16df87854d359fd32972da5e,d43e315c071c9b28cf22f9e16ff8b55102dc1432
d43e315c071c9b28cf22f9e16ff8b55102dc1432,29c1f84c6c6591726b2dc4a13995da8c26a93179,0623ad6c82b33b67209e9b369296a946765a4c1a
29c1f84c6c6591726b2dc4a13995da8c26a93179,ff97112e1a4213ffd87244b0d7222adf90368ade,edbd6355e401d65b841c78414b031eda54b14527
db76823d59cf405469e5d413d4d5b56449cf0c8d,74d57875a6e4a1b0be98484e935e73d4fb9ff2cf,0623ad6c82b33b67209e9b369296a946765a4c1a
74d57875a6e4a1b0be98484e935e73d4fb9ff2cf,1577b730e0c865b16f9821080780d1604a85c889,ff97112e1a4213ffd87244b0d7222adf90368ade
0623ad6c82b33b67209e9b369296a946765a4c1a,ff97112e1a4213ffd87244b0d7222adf90368ade,ff6717b527bb1555272a51c0c4d0c88c286bba57
20cbabea1c8541de6a0fafb22e3e7244f8d75d1e,07419d23b67f3739f7e1188fe1cc49a76d90b093,ff97112e1a4213ffd87244b0d7222adf90368ade
ff97112e1a4213ffd87244b0d7222adf90368ade,ed125ba07add2f6178588f5e29f071f7feb8da56,926d6663429002a78d316ab8a0121a213a9915ac
35f625cc29cb98d2c99e4c0a33360bc8f9cfe694,145db85b84eb1bab68d69de3ea062744e14000d8,f78617764300e72b0526cfbc8bdb0bad711ed536
5687626ef3366bb0484801d52a5a0652a6b3f3d1,51514851fa936c42b270d9469e1e577fe56af076,d30d6a8acb555e641edb216647e5a082c375a0ca
51514851fa936c42b270d9469e1e577fe56af076,73a12b968f3e0ceedc3172ccbbadc1b3ff4033ba,274a68dccb0fa013cf57d3cbf1523586fc35ad12
356e7d65ff1785fd2338ad1f54765ce99fd81b88,c172027404e890524bb4505138823134c8fc6646,a7aab50e85d0c3ab0c5e2f3f8c31f271637229f2
28918e2b629c5182e0a60eb71dcbe9c0dbab8ded,fd3a5dcbbede776a2ad9588295b166731f7ebe4e,ab89325a58df33d9c3e397872124daa40cbf4ea7
ab89325a58df33d9c3e397872124daa40cbf4ea7,08f0bfb1e554c0085e6b8ff5be0a707fda786ac5,5e2951b88dafa8cc02f8b188bae4c4b623ac2773
5d79b1655d490c66032da2651c9fa876786c99f9,08f0bfb1e554c0085e6b8ff5be0a707fda786ac5,5e2951b88dafa8cc02f8b188bae4c4b623ac2773