447cce8c180a92fcabd571cca410760deb3a2c1d,28ed858655b471c6b72d8f9a28b4c472f51a97f5,254bb456667d4752947cf874e303b60beb6661b5
254bb456667d4752947cf874e303b60beb6661b5,2c954c05302557ca895af5a9991380e38f0b6656,47a3630c1d7086d21df6e250e98df675595628e6
2c954c05302557ca895af5a9991380e38f0b6656,3023531e3b85e64778fafb0e9342c33af3d8986b,99285b6eb5f95e120f01a165a641f3246fff577a
3023531e3b85e64778fafb0e9342c33af3d8986b,4bb381d51d41d87aaba75cad727e15521bace51e,940612d72f170c33ef8bc88301c486acbd83ca58
4bb381d51d41d87aaba75cad727e15521bace51e,2ac1b65d9d14ef1aefeb9c5ddc416bd05f8bf55e,e8432bd0bbc67eda540ba95566df9342a9de56c2
2ac1b65d9d14ef1aefeb9c5ddc416bd05f8bf55e,904a322b0cd001162abf0205af6acbec98344851,c3474277fe2a745a02296381701d976f9f90307b
84b847431b513dbc4ac2f9b32cf56945e9b38727,41c6454b4e5899587bc1ab92131a917fc61ae920,904a322b0cd001162abf0205af6acbec98344851
904a322b0cd001162abf0205af6acbec98344851,8b29ead7bb8f6e5fdebaf66ed277ef9ac5f45be9,14d7be9d4e544ea45158fc973e6015c502ac3fb8
f0484970eadeaa7acaf0f7b1d6c558eeea2c8d1b,91efdf940b12b5d3b61dfbd6803371ad20270bba,84ef4215401d9cec1554065dd9097d696cf5ee98
91efdf940b12b5d3b61dfbd6803371ad20270bba,9a4f86c806e093abf61c0e63dd2e9536be3482c8,9b786782a12dab7b4c5e586b0c44e5e3e7cc3568
046392263520f07d0fe556e3fcc14134282eac23,5c39150e5a3f04c6a1b2f54b9a962ac46c5446c1,5184a6684131e6210a0c51afe3949071e89b08c1
5c39150e5a3f04c6a1b2f54b9a962ac46c5446c1,09d890aa12d40a4bbd4ebde2665776e42d6d264b,e0f2cc665ef1e8b09ade855524d1a2411318d045
09d890aa12d40a4bbd4ebde2665776e42d6d264b,f9dda67a4f4710c4b97a337e0baac55507df900b,55cbf4e21cddd32e5024f388a8ddca15aea0acb5
f9dda67a4f4710c4b97a337e0baac55507df900b,a2b4e46257f7fbdaf60d5b23cce74241c7c2333b,3ee77f6c3014fa2d801808973b9e8dad4652c2b5
a2b4e46257f7fbdaf60d5b23cce74241c7c2333b,fdffc9dc63d353904129a6b3ed486d5f6f14beaa,770b4022110188b9ab3bdd083e21772ef1a41383
fdffc9dc63d353904129a6b3ed486d5f6f14beaa,6911e962aa58b0025b4180aca5d768f4cf3b2977,69379a72d48bbd6686baf63a08275111daf64e92
6911e962aa58b0025b4180aca5d768f4cf3b2977,acd5f9e10dae10b6d9d6768d0c67c4259f5f0b64,a2097db222b9285e75f20758bbeeac56154a40aa
acd5f9e10dae10b6d9d6768d0c67c4259f5f0b64,f81cd38015ecb4c3a11a161e37a62761276b87ac,45855557786e6f36acb76a8f9757ad4dd9bc114e
a2097db222b9285e75f20758bbeeac56154a40aa,732e65b73d491eef4d67d65250c781f0cea9607b,f81cd38015ecb4c3a11a161e37a62761276b87ac
f81cd38015ecb4c3a11a161e37a62761276b87ac,722b1048e7c3cb47e7589a21bcfe4f0de91fb1dd,8e20ba2b527a06cddaeebf2ae3de280855f3a7aa
c31d84be80c27fb7ae08a389e685a9472abf59dc,40cf6cc55b444ad523b5d83e4c4aa67d96c28400,32e6d9d290d786b6d03eb1d6b46c669f7186e739
8689ef29ef2186c7f84ae5f720c6a18169f5a5ae,86c97c19141e4b8bb0f630264995f610304ca15e,40cf6cc55b444ad523b5d83e4c4aa67d96c28400
40cf6cc55b444ad523b5d83e4c4aa67d96c28400,3aeab4c3f8296245bfd9bc390170179f2aef7586,655f5ae621ea269d08d6be1c5b9170e8becc491f
3aeab4c3f8296245bfd9bc390170179f2aef7586,1e5a1b00e145a8b5f0e369c9c3e6b650266baac7,ef328baa5f7906a85575f9dfb3d4920fec7b370f
1e5a1b00e145a8b5f0e369c9c3e6b650266baac7,5e8f0460208cd080eee2548e47e15d04962b720b,56b21ebef2753460392d843f925a4cdae22f6281
5e8f0460208cd080eee2548e47e15d04962b720b,22440610b77610e85833a03e267d7186486013e6,401ca5eb22c754049db9a5381de7dbc6a809a2f0
22440610b77610e85833a03e267d7186486013e6,dc2d620efc7274ae648b9c70def569be6f770c6c,89567800f575f4df75c0bdc3a3127d1bbc1ef2b6
dc2d620efc7274ae648b9c70def569be6f770c6c,e7a23f5de53456223030035c30c4f4105051f300,5b6a6ebebe60fdc96f6a52091c79ebddab8af383
e7a23f5de53456223030035c30c4f4105051f300,1456d1c9dbfce47094ef20f2c6bc299b9ead6280,2dd8024e8a782a06f9e4e7387e899619642adb2d
e9a50cd98545a15f552c21d34fa4523a9d54f795,e88e087e39adbb7a8a445a25ce749444975bbf0b,2b8dbf21a4bc86a46724df40dfa97de9ca7998d5
6bfd67865c530b4e1ee0cf1af20de4f918df991f,f78139d6f41a5e0aa6e735b6ca9da474ed6d5c64,79693973521e4834c7952fd0ec5a4081de234160
f78139d6f41a5e0aa6e735b6ca9da474ed6d5c64,052ef1fd14d3564b635a819bc4ae5ac7a0891e57,c2e32fad7bfb043f936217cd7f9535120631c24c
052ef1fd14d3564b635a819bc4ae5ac7a0891e57,9d77b6be1a478e22769b27fb37b2a62171add8d2,e4ce1f1d80ec786c0cd6bcccf6b7e46931c602f5
9d77b6be1a478e22769b27fb37b2a62171add8d2,4bb18ff74dbdd22cf0caad47c9651f319d5a9fba,9c1334a6ad81df08301689901f13b4601bcc96f1
4bb18ff74dbdd22cf0caad47c9651f319d5a9fba,0adc0b29a6d50df0fccf89d675f762975ea51275,80a6658944ed902e0480ba81484c817a328bbad9
0adc0b29a6d50df0fccf89d675f762975ea51275,8ef8a456869d092628751126ed3a4621e842990f,f337e0844ec7a65af9f3a4ca33d2439eb86ba0b4
8ef8a456869d092628751126ed3a4621e842990f,f8b8c12e369ce3e70fb728819787bccb1b0f667c,fca4c2db30f48846de1a1f83108680776d10eb46
ffedcd5491e9f2814830852aeb9697d4326b18ff,3d66c202580bc81f0b7c642acb1284721a404370,4c402d4f1448bb37fc3d13d4dc99691ca33c290f
f8b8c12e369ce3e70fb728819787bccb1b0f667c,164ce3ab97d9a59849669ddd1570fb6b87fa811a,a6e540487e95c00a0e2e62b67a26026f69f1a520
164ce3ab97d9a59849669ddd1570fb6b87fa811a,5fbe9db42576b8abbb0e26f49ec23a621c79ed3c,e55b7ccd948b9b880b2b4abde83b5311969f48d5
3680d8d8d9d2af6a90cdb34c3bcf6af5252216d7,a46528de0e7ef89b00fb034ae024df6b964aa3a8,5fbe9db42576b8abbb0e26f49ec23a621c79ed3c
5fbe9db42576b8abbb0e26f49ec23a621c79ed3c,67b0a668eb31231eb499b9ecf649d1e46d1b61a8,518c580aa2e99f673e86b34d22038b16bc904b9f
cfc6bf784c802b21b70eef907cdefdab0149de74,0fab6ef0d3e70a3f842b2481a9627ae7ff87576c,3e84eaa9851ce87353d1d775bb9fc89c3adbd202
a5e8c13523aa2e624611b67264ab70f90d9b85ec,87daa1e6fb97703dfc7cd7320f5aae53dd3c44fd,0f0eb5db8059d7628002bd46cb71c8fc26d89f14
305cbad96e94f61a3c0bae02d16c28e09249fbc0,9b75644ebc5c15caa2bb803e8d5612e1463caf5b,4147d6073ac376f3458d4b2603a886685cc5b58d
9b75644ebc5c15caa2bb803e8d5612e1463caf5b,42be055b4401e553c76f1a11b89d2529d30c1542,6d58444912faeb6a0eff75300e55e055aaf22fc4
a46528de0e7ef89b00fb034ae024df6b964aa3a8,42be055b4401e553c76f1a11b89d2529d30c1542,a71c09b4031ea41f92876acd0c8db5a096af834d
42be055b4401e553c76f1a11b89d2529d30c1542,b4c7ee24d6a903ca22be18a31d5278f87fb90e54,dc81385b97ee48a7f8a9d8988f997867dc93b646
b4c7ee24d6a903ca22be18a31d5278f87fb90e54,0c802dbfd94706fefcabee76b4cad4e5cf2ecee6,2938340b771aecbc04d330bef6383c2be8138dec
0c802dbfd94706fefcabee76b4cad4e5cf2ecee6,d4ea247a9eea85801b057f79d48e591d94015beb,c1e5aa83b15831fd775dc702a6c261f6bc4a28ac
d4ea247a9eea85801b057f79d48e591d94015beb,6f7f426efb754280e28f8c1aea832308a8d76690,fc8d89620008c122cfecdafcebee4e68a54ebba3
6f7f426efb754280e28f8c1aea832308a8d76690,9dfdb068bc20cb8bca3676737c302f206a0b2bb2,a910652f8b3540ab924cc7ff63b746073facd178
9dfdb068bc20cb8bca3676737c302f206a0b2bb2,1ee4a8a00613dcd320d11b42780b7f13d8cf0a4b,e25884fb5c7e63680ba939cc42853dc2c3184358
1ee4a8a00613dcd320d11b42780b7f13d8cf0a4b,319ecfd61df67b5d977c1a0d4a32fffa306e58ed,40d6d18a91662daeaf2dbbe5dafe0f427db8de27
319ecfd61df67b5d977c1a0d4a32fffa306e58ed,0562e9eeea4a8b50ad6a9a36008faa9de3474d30,289e51f310009c1a8a3c26de37bf1095c280bb19
0562e9eeea4a8b50ad6a9a36008faa9de3474d30,d2ca500f74d0ba942d2bc76510a9ea9b829e54a6,38cbf6cb64aafb72bd78656fb917dc92c5b25185
d2ca500f74d0ba942d2bc76510a9ea9b829e54a6,1eddb7742c76841e63355af38b3e51a5b4045598,e773cd5261227106603e0aac13b73bd960f8d3f4
1eddb7742c76841e63355af38b3e51a5b4045598,a42ff9705dcda2b12e9700eae16070c3bb602aac,6325b0dcaec6d1cd72cc94f0cb13279caaaa837a
a42ff9705dcda2b12e9700eae16070c3bb602aac,79a20731c3a762a537d0842c9f7dd84c75ddfd4b,8a38dad178fef04a8b78ae9b327ed59d0bd16fae
79a20731c3a762a537d0842c9f7dd84c75ddfd4b,a1a0f5758d8560689328f20c6c399d8c6b5ae39f,cddd51eb204e1c14b7bbc30da94ec10a13ff30fb
a1a0f5758d8560689328f20c6c399d8c6b5ae39f,a3993a82441c75532bb68f57f07390b2c7385cab,c431f4948184a76e187de6c4540ba0e20773c8cd
3fa9461ab6bfcf0bc9d0d3879ab2789950422b8c,4375132c94f78f0c1447b1c0954832bdbee7aa1b,2414eac17664839e0d8b6c8da60026a3155285aa
4375132c94f78f0c1447b1c0954832bdbee7aa1b,1831270e60a59ab88f8b4a0af9bcb4b3bdd6753d,2fb9f45de1cf66094a5a425008aa5099e2d6eb8f
1831270e60a59ab88f8b4a0af9bcb4b3bdd6753d,696e34321e2c133e60afeb4d8c56b512322b4759,4f662d6659c0d5365894c951b83231ed5c138ac3
696e34321e2c133e60afeb4d8c56b512322b4759,b34d200f9f342137774c7d3214107e8bd7b12fc2,6f88b0ea2f09c3bc73ba732bfe2e6d8cabcdac1a
b34d200f9f342137774c7d3214107e8bd7b12fc2,3f7975bd314874fc497380d64fccfcf5378fe2e3,0efd41f35ae7b7e4dea76de9c4b5bc33cd0b85eb
153163a10e275a8f50adeacfb65abc34de126b15,937ec2a883deb8faa9a10df70a526dd29ba6dd70,9f4f0e877913730823da39a2c44158d90a4d79bb
bf81ef0d87ee8476331bd9d00fd4c6a5748cb023,2697ae355519e7dc4cace8efd7f773fe73c07fa1,fd966d2e6d6168ef66740988d73f7d095d98bf73
2697ae355519e7dc4cace8efd7f773fe73c07fa1,208b22d23b025924fa66f6d8d44195778de1cf6b,b6ba9d351b9be897e832fc9405f15c1a1e0d9356
208b22d23b025924fa66f6d8d44195778de1cf6b,fde277d8df5b81974b9dd94bf1b7cb2add664483,d35075ef56bd25d4f660f303fc4f048048998358
703e1b2e68b52b18f6166ab7cecd7709b7c4bd86,fc873185fe368fe9ccfeebcbd6e772c05f99a368,d60549082c78712600822b573429a44e5995024e
fc873185fe368fe9ccfeebcbd6e772c05f99a368,bc1c6834934aa8bcb452f78b23e9a3cb03a2dce4,6a6c4da7a4784915d1586a2a179c26033f8ab9fb
733f60ce62e141abade76b9b687231b2d130f7d1,1dd2b5b3292384545257fe907a5d551dd7f3f59c,543667d4295629d4eb9b70e3e0135d03f57317bb
27a97c10ad7f2dc7aef61e43106a14746bccf1b3,a7669d5bec389f0c105b92c3de398e7317533386,1dd2b5b3292384545257fe907a5d551dd7f3f59c
1dd2b5b3292384545257fe907a5d551dd7f3f59c,a52eeb906023e6ee264e339113ccafbf30632e66,5ebfb10b797bc3f20e558e9a57452587a2ea5dfd
a52eeb906023e6ee264e339113ccafbf30632e66,ff012b78a3af803243dad9e975032329e63fe367,566677d7eff5867de32caf2088cdefbc8a58e06e
ff012b78a3af803243dad9e975032329e63fe367,66c55d1574c0382a769c0b4277550862164488cf,b270fb385f0475dc281cba7e7e63e46720b1cda3
a176b7420e27df01cd8f6ff7dca00d39f4da8588,bcd864d9c36094116b49fb1582233620444148e9,a42ebac1b88358edbb1db64a8faf3e2a6ebb1fb0
bcd864d9c36094116b49fb1582233620444148e9,6945b2a699ef3eefa6bcb8fa72712e48e020b9e7,dc20260f64443ab24e9d384c1adcd532ffbb9c05
6945b2a699ef3eefa6bcb8fa72712e48e020b9e7,ef97badd3abb730604c3bef4f2a320f38c707a44,de1b474fc4376d030d60d55a6bcebc76f48f0f1d
40eb0182c5cf0b749a72f60e1cfe716f52406eab,d5f1ef89a24fed0e9c970b44113ce583fb3ad0cd,ef97badd3abb730604c3bef4f2a320f38c707a44
ef97badd3abb730604c3bef4f2a320f38c707a44,2e9587493d3df48f282c2eaf0938de1d71bb924d,48ffde5874c4fb8103aa32d95911ee0aefe8bafb
2e9587493d3df48f282c2eaf0938de1d71bb924d,c5b0f18d42c932e7d4061c2b4498fb8e05e13a52,28016ad748e3015880fdc25409b32b86b2545a22
c5b0f18d42c932e7d4061c2b4498fb8e05e13a52,9dacfb0cb3e1546c0a8fd3d1a7d303a51e4bba52,ec72db87801881a33ed12bd4bdcb62033760d543
9dacfb0cb3e1546c0a8fd3d1a7d303a51e4bba52,079b75faa35fbc1e69762728091121ee7c11917d,8dfbeff87453d4fef245baab42b18ca76aca7b67
079b75faa35fbc1e69762728091121ee7c11917d,16133a006b878cb55391969c8977bf0cd45b95ba,2af821839b6ba957b6791fd4a2cb9c15e312e4a0
16133a006b878cb55391969c8977bf0cd45b95ba,555c04f973022657443fc7a2f3b2acc99f7aef1c,cbf3008dd3f4b3fbdf0e69acb1e494266b6b6d2b
555c04f973022657443fc7a2f3b2acc99f7aef1c,6363d96aee6ede8bdf6164f50654443c1995e757,0111b212bfde5e8e8f6b120e9c463d8f63330bc2
6363d96aee6ede8bdf6164f50654443c1995e757,97838d46336b2d34ac7395652d3361446cfa8b2b,110f41f9decad69daeb566e3b2d252aa7b391879
97838d46336b2d34ac7395652d3361446cfa8b2b,ebdf08b4107cb5b28025a9f67357204820c90928,e929653f62dce092f15efe4f70c679c9102de9c1
ebdf08b4107cb5b28025a9f67357204820c90928,628d5ead9993c2a74b6afade48abb0f38d0bbba3,8214aa15867caf6e3690935955d820611800acc3
ce02c4ffa521263f1fef19a7c1f4e6f636144b2f,9d1c414b16522cecb8e1881cacdf7c6f4e00e0c6,628d5ead9993c2a74b6afade48abb0f38d0bbba3
9d1c414b16522cecb8e1881cacdf7c6f4e00e0c6,2da278a4dba75b0373b4aee4aeda241420180927,a17ef1a1b2b8a3e685857eb3dfc2c5e558c9210a
2da278a4dba75b0373b4aee4aeda241420180927,58b6a323b421c6005903c81443ff58bd5a7e7291,976721617c3f83917294725e14808031d77e91d4
628d5ead9993c2a74b6afade48abb0f38d0bbba3,9d6e3802e615ef67f85c72b88f9dc5840d4f1cf3,83aad5347759be52d7954a096cdb99328f13eb1f
9d6e3802e615ef67f85c72b88f9dc5840d4f1cf3,b14dbe5c213544254cfc3ea26a3cbb02f1cecf96,346f8530efbb39affef0c7491eafdfade4ae7b28
b14dbe5c213544254cfc3ea26a3cbb02f1cecf96,becd77248a88b831850b657c40b28c4e05550fa7,405efe26f826bd36cc8b24eacd82712f2c4e7c56
becd77248a88b831850b657c40b28c4e05550fa7,3d4bc55a55e5e26a5732d582dd921ba6cd38d569,c3d5bf2778a96ba9d63f1038b35a83ee4f72a20a
3d6b08d2b7587c9118b0dc13c1aea851a30b1afc,d86645c3ab28275fcfb5a95ec9753eb2592c9bde,3d4bc55a55e5e26a5732d582dd921ba6cd38d569
3d4bc55a55e5e26a5732d582dd921ba6cd38d569,206babd7b9684c5447173a2f71eafb97e2cca865,9ea670bc8b6ec348cc3f0f4a02cf27f8acd4d8de
206babd7b9684c5447173a2f71eafb97e2cca865,bf74e8faa698f5db31a739adc71d1b38776f8277,9f048583418baaab98e9ab2d42aee19631eb4bac
bf74e8faa698f5db31a739adc71d1b38776f8277,ead4a859d98390b4a8d2a598dbb4573bc9e2f57a,ce9c0d2668f0f32e4c52caab2ce5c0ad2424d89c
ead4a859d98390b4a8d2a598dbb4573bc9e2f57a,74cc1db34faa548359b33527cbdd4ee00d6314e0,22fef01f9f129ce2af4eb1086b24e17817ac56ec
d86645c3ab28275fcfb5a95ec9753eb2592c9bde,978e700034c744716b224c643ca1b7bdac7d1d4d,74cc1db34faa548359b33527cbdd4ee00d6314e0
22fef01f9f129ce2af4eb1086b24e17817ac56ec,b7a6bd78efd31484fa52296d4279117bf3130cf9,74cc1db34faa548359b33527cbdd4ee00d6314e0
29e8032219b2f7f61155cb08121a163ecd0650db,c41d501c1d1215844a8ae6b13646d15fc788c26b,74cc1db34faa548359b33527cbdd4ee00d6314e0
d178d3f6caf5fd2ecaf21154b4bd37b699e151c2,777f2a1f72faa469da8f5a7b077d2fe354d707a7,ab5e19bd893e5e4fd5dbc210871c2f9fbbce17ae
777f2a1f72faa469da8f5a7b077d2fe354d707a7,244493f307118f17e1956b74972c85d44b610071,6c049bf971cfeceba89a62a97b119d9ac7cb2ad4
244493f307118f17e1956b74972c85d44b610071,ad497ffb1027528df49d9bc85eff2156695b1d14,a1fedb6b390113d28f74ff2d4636e39c14d253c0
ad497ffb1027528df49d9bc85eff2156695b1d14,e7090bd23c4c675953ad60fbe195524d4317781b,d409b02cfe96474c17b2075a4b10fbd9f73e3cab
e7090bd23c4c675953ad60fbe195524d4317781b,36bb81821984449c6854978eebaee0caa05b1a19,93232cd7308e4200c8284e13eb46391a2d7f54ce
36bb81821984449c6854978eebaee0caa05b1a19,d42d8f69c0b5b6a3436ec63ac83e61b515be317c,97e9d4f014fc13d3bb4780fbc335201f83ecba0d
d42d8f69c0b5b6a3436ec63ac83e61b515be317c,99201b164b5d04c55950c6e78eee076bf6bafa05,befea2c0c617e6534d5060f041e523463c615b65
99201b164b5d04c55950c6e78eee076bf6bafa05,9444bea4098231ac80764b60747138195ad9d8ad,629ee3669763be4cd7622ad7834f8192e398872f
9444bea4098231ac80764b60747138195ad9d8ad,d1b0493d7a1c1e1ae2c455bfed281e476a4c0aa9,955281a9fdd52cb6e183fc9d01f2ab2be8c72aff
d1b0493d7a1c1e1ae2c455bfed281e476a4c0aa9,b51664018904165bae0695ee4f1db46e0b75d236,4feee2fba5f1dbd1a7b251dc56552bc650e8759a
9bb0a88d2cd87fcc132a8aeec46d6ee113d6c56b,7387c9c5c39fe8a943133cd86e97af91e38da416,b51664018904165bae0695ee4f1db46e0b75d236
b51664018904165bae0695ee4f1db46e0b75d236,b6a66e8ac831ae06d63b8f71e76559f1f732408d,a683c97725822cffb00f292ae2fafbbf9958173a
b6a66e8ac831ae06d63b8f71e76559f1f732408d,fafdd31b93c838798c6c7959f9c446c9315f7cc8,e88986acb8003e726fac5881e275a93c4247065a
fafdd31b93c838798c6c7959f9c446c9315f7cc8,8ceb270fb3c1a1ad2524c778280f545841fdabde,e7d4e645f91118c086ecccf77325a381136d9458
b7a6bd78efd31484fa52296d4279117bf3130cf9,7edb10da84a426580d53e098f804d6547fc5aa9c,8ceb270fb3c1a1ad2524c778280f545841fdabde
4fd3e85ee0a7034d1e0d65b76f07beb5ee23d97a,4b1bae9dab395d51c881263573af9b3d154392ee,7080bce2786d289a8533ca842efa3e2464390760
4b1bae9dab395d51c881263573af9b3d154392ee,0d46cde424cf7da72d3fccdd5e01a06942c21c3f,2e5cd6b417e2844bf954509526d2c60ec4fabc38
0d46cde424cf7da72d3fccdd5e01a06942c21c3f,9872f9ef01ee0484523d4caf7049a8d79c74bdba,1f0086fc878d1d60fad2c377c79e1452ddd8d9a0
9872f9ef01ee0484523d4caf7049a8d79c74bdba,824cf50b4bad34358b384cd5734cebf199a063e3,5bf47b3983960d630de8f7c7272d66d7b53e328a
824cf50b4bad34358b384cd5734cebf199a063e3,3a3dabd1454159c728f29d25b55bdc4352642a0b,00be4edfa917e76c578116d51a53005fc0bb5bb0
3a3dabd1454159c728f29d25b55bdc4352642a0b,0b1fc8de7b976fa46429f252b8f3ece91278df16,75406aebfbfcbfeb050114ca67835bce568aca31
4ee3dda121bb9435d2a56c77211de5121fa44c35,4a63e8153727b62cd3a7aaa52f55983fe8e651b5,ab2cd9a2ec71e20fac2ec5dd698e20c87ab79cd7
254a7b3f65d83129c8600876055058ffc9fd1d4e,3686dbf6d79616adc419fb7af7957fcd818646bf,99d439668afd73203ad965ae93123ad9747924e8
75406aebfbfcbfeb050114ca67835bce568aca31,706f28b71ff93e2df23d6175971deecf0092ac26,3686dbf6d79616adc419fb7af7957fcd818646bf
3686dbf6d79616adc419fb7af7957fcd818646bf,b4325c0159c539f0fe26dcf05f18e6f2c2f57ffe,d7b0ca9b7952fcaa2551a208ff418587a9b7612b
b4325c0159c539f0fe26dcf05f18e6f2c2f57ffe,8384273ab97c95983c4582cf173f7de1ecb1eb23,005ad1c27c5bfee16209117853478696c16fe4b5
8384273ab97c95983c4582cf173f7de1ecb1eb23,da99781497b404af83b4c5a839a5b960398ebebe,73710046e24d4db0f99e5928149db034b91e47e4
da99781497b404af83b4c5a839a5b960398ebebe,7f63c8314bd170d37ab7bb244a968b172a7be6b1,bab1eb8741fa78ad9f734824f05cc57cf539651e
7f63c8314bd170d37ab7bb244a968b172a7be6b1,f9f030457bafe99a1af2b8c87c0b47f78605fd30,732c0fd711c099e5945cb7d23e430fa88874147b
f9f030457bafe99a1af2b8c87c0b47f78605fd30,53b156d973b02c474f371c9e371cfa97fe2bf2b5,b30ae186f36d182b836e36a2771041ad27a45801
53b156d973b02c474f371c9e371cfa97fe2bf2b5,36899bb86cb0c40b383ffb15eab8968bc009c73d,50a874d7d71f0fd2c7b1920607691c4621240a98
36899bb86cb0c40b383ffb15eab8968bc009c73d,55f16a1119f9bf74cad85ae2fccfd2badc115aab,978e700034c744716b224c643ca1b7bdac7d1d4d
55f16a1119f9bf74cad85ae2fccfd2badc115aab,c2ea2cbcb80ce3f694ee11ecdf0f75ad4a998b77,884b179f0fe1d33fbe4f6b2123c6132a8514a377
c2ea2cbcb80ce3f694ee11ecdf0f75ad4a998b77,cee53e0b32fb54466cad23cdf33088f3ec263b85,6678b8cc09af2e62138468bb38b09a974886c34a
cee53e0b32fb54466cad23cdf33088f3ec263b85,35d09a1e25b95a051a8deb41244e298951e116be,4e327224b824ee6dfefc613a01fcc5ab9218b943
35d09a1e25b95a051a8deb41244e298951e116be,4933e00a1bfabe307f52ce38094a5a872e93cd40,58b6a323b421c6005903c81443ff58bd5a7e7291
4933e00a1bfabe307f52ce38094a5a872e93cd40,ba8a27fcd2c5ce05c7a0fdf5c9913fa387fac403,ff827b1a50755c6b070ab55197ee53f1c3b47003
ba8a27fcd2c5ce05c7a0fdf5c9913fa387fac403,05cfaafa872ec8f941f7349bcf83fc7d344db857,e64b79db133990f246ca50788b9d560d4fccf066
05cfaafa872ec8f941f7349bcf83fc7d344db857,674ebae39c485de536308ae6eb9498e4427652d6,b670ca8d5aeccdded7365768497ad265070243cf
674ebae39c485de536308ae6eb9498e4427652d6,4d51a332ac79a2fa0e79983091acada4103f2273,913a788f3fecb52bf7e88e92a20d73065af72498
884b179f0fe1d33fbe4f6b2123c6132a8514a377,7951cbdcdadd7fe37bf77a5c2898d0d2f3afc924,4d51a332ac79a2fa0e79983091acada4103f2273
56ab17b0dae30b2b1004fb8bac18c3f8e10d6d04,f9f43a2e8bd0ea7bee310c9ffbe669ada1115712,915a2be79b597405295e84a64f3a08a13d7f54fd
f9f43a2e8bd0ea7bee310c9ffbe669ada1115712,ffaacb66958946ad9acc306e13b0a5d73c1deda0,488b2637ca06d3f9c8cc4c2837dfe3f922647b5e
ffaacb66958946ad9acc306e13b0a5d73c1deda0,f1ce944c4bb7cb1e376e7ee59ade5e82ee991a1b,38d4183f1ace7ea21da6a011a23281b717207336
f1ce944c4bb7cb1e376e7ee59ade5e82ee991a1b,ca5d04805baed5f03a58971f61f953caa74f6ac2,904a134cd38a159f7017ec1aa8aa62a46847d965
a08cdac009c1ad00ecd58118a1ba022b7894367e,9e059f4f22964ecb053da2e2f42eab61a8821c24,cd2ee1db962d425996023cd43348c1d3b5c8258d
9e059f4f22964ecb053da2e2f42eab61a8821c24,01b491fa070c653b4ede79a453705a4e8a70bf98,5036dc81a9d0ccf081ccd846d31a7f0a451811ab
01b491fa070c653b4ede79a453705a4e8a70bf98,a383f673910def12bdf7bd7ec0dc9f96b28c94f5,46380b5cd1d49f5dc742efad4104a252e6b721ab
4d36bb3bf74a6f67cc4128c5f86e504b13d65ae8,de0b209ac12d4f968c583aaa8dc3f49050eb3f50,a383f673910def12bdf7bd7ec0dc9f96b28c94f5
a383f673910def12bdf7bd7ec0dc9f96b28c94f5,dfbb9f8a16a326dc84d512490494eea694a0fcc8,de0b209ac12d4f968c583aaa8dc3f49050eb3f50
dfbb9f8a16a326dc84d512490494eea694a0fcc8,bb50e01953f587ea654bffde13f33138370377f0,7ea24fe73ff1a72abdddfb2fdd9edad261c1e442
bb50e01953f587ea654bffde13f33138370377f0,d07c465ef14da61b3ada2b6d6cd17b6937c848a7,c43e95434c812fee8925837c9a5b8c1aa0643db6
d07c465ef14da61b3ada2b6d6cd17b6937c848a7,0a9b3757e1e02ffee65484db3b3a68c28d4d1bad,d7b35ae8940d8f4922405691003d416c6c6e2169
0a9b3757e1e02ffee65484db3b3a68c28d4d1bad,0a143ff5bd7de9c2737b1408170f5671dba06022,40ba9f785914d6706cfda1825620405681ab8386
5100f507a311ec6a8d4ca647cf7cac25ce17b5bd,34a625a0ceb0b51c5e37bc2958afe7468692fc16,4c7b7f9f1aab5a2f7ed983a0a1d8aafe34ba10cb
4c7b7f9f1aab5a2f7ed983a0a1d8aafe34ba10cb,79efe7b4b73aba715e791eccc6023adfe00194db,0a143ff5bd7de9c2737b1408170f5671dba06022
0a143ff5bd7de9c2737b1408170f5671dba06022,b5d71342f060fe1fb35e553ab69c02002fe1800e,e1aafcf207d5a4b9f1fc6d802943720e0358d5a2
b5d71342f060fe1fb35e553ab69c02002fe1800e,6ab9646366f4052fc2465f53c9a9265f7b5f8c97,dbf9e13705becf3fd20788e70f583acd4a643ff4
9b3af78df3787d50087dcec9cd1699529c19fbdb,056a126a3135b7b1f0aa597868cf9fa6a98d642b,ff697ee41eaeece1c3ddf65d0d3efe813d29d62d
ff697ee41eaeece1c3ddf65d0d3efe813d29d62d,637a51f6b80a7bf2fa89813bc067975a20f34b26,bee0641b7a1a2952b61d7bb181edcc7150f1dd55
637a51f6b80a7bf2fa89813bc067975a20f34b26,43b6ec0abfeaae96dd35eba5f41b011c8dbbb536,4cd362dff5485d0fb9ddb9bfae6bdab057c729b0
43b6ec0abfeaae96dd35eba5f41b011c8dbbb536,4e5a0f4221d294409f2eaf2d7bc4ccaf94957f28,b1939f3438f85aa2ed308666694ce307b806fddb
4e5a0f4221d294409f2eaf2d7bc4ccaf94957f28,3ea722333cdeb0fec775d62594e36cd2b190e0a9,db925cc45529956cea08f6e9acfda755d7e1632e
3ea722333cdeb0fec775d62594e36cd2b190e0a9,91becd35089b2bb10a4bdfefebb5d34768e7e178,1546725960895e81c7e5eb02e27f146730aa6489
91becd35089b2bb10a4bdfefebb5d34768e7e178,1e3b0f00879a71d379290971fc6984886bd9b936,1efb36fb2bdf2f048bbda4754cf74f8c322036ab
1e3b0f00879a71d379290971fc6984886bd9b936,10a2b32d7fe98bf9113615c64c0da51a06de75d7,ee99075249443ecaac3e235b3af55df937a29e8c
10a2b32d7fe98bf9113615c64c0da51a06de75d7,71470e99d8eda0bfcfaea12e681119fcf8de868e,f326df669b4d83aac6b4088e9fc3a3b42566e583
71470e99d8eda0bfcfaea12e681119fcf8de868e,23dd2fbfc4529fc3fc09603d99523fd81d57ee35,c3376ebe91ed78b9f7ce28df65dab2b9c0865c09
23dd2fbfc4529fc3fc09603d99523fd81d57ee35,b0c70947223eab4f8f361664db92f190fea1a149,b474a441ec340f87e5c1a3f2f9339ebf4516500b
b0c70947223eab4f8f361664db92f190fea1a149,e4c9d7423936f1fa74eaa0ec23e47a4058005e60,f158a2d70c91f683adcb2f45e3bbfb1b31997bfc
e4c9d7423936f1fa74eaa0ec23e47a4058005e60,23b1a446aeccd3b3b80ded2e3a1b158470f18cf1,44f783ad507ae01238457c016013306dcf62b818
23b1a446aeccd3b3b80ded2e3a1b158470f18cf1,4e938a8b892800d7c00319605ddce52c565d06f2,32a8f6f8b8dd094fcac99b3a2e9846e612589771
4e938a8b892800d7c00319605ddce52c565d06f2,cb9c99104098d5466ff5f3054377b2bfa2a6b8f5,6f9ccc71b2321b118371d032e92a40466a1ab2c2
cb9c99104098d5466ff5f3054377b2bfa2a6b8f5,f58d438abca24362c484f86f73016b68f32ec943,279ef14c444b66cb28cfa20c36129b84442be473
f58d438abca24362c484f86f73016b68f32ec943,079625717cec47e22828a02e28ecdcc7423eaf52,d219b9402ff78527a46c7708cc265363a0910380
079625717cec47e22828a02e28ecdcc7423eaf52,943c04ba237255fb4b3aef92bed08ba5edb585da,409968a9c92428529e19e1413ae07a1ade81b379
943c04ba237255fb4b3aef92bed08ba5edb585da,411ffa193f8587b6d5c890f7f86db1db8b77c7b3,5854144886b83c96265cc883157ca3468dd45ecd
5ec467035db054bdc9235abeb00a6e0ed01be386,7d5a8470f580b3d26f6ea28d85f58bac8c951ab4,3cd7ac421888f86171ff123c9caefb74e189e479
cad6d94f3c39106a64e644df0f3c941407a6c63f,75b1573a0b82cde1ee65ef2ffadb9418e03e87a0,7d5a8470f580b3d26f6ea28d85f58bac8c951ab4
25fba747882d8ec48bc737a5421f2f3237ffff16,2f559e679109074f7a7d059a3a65257af141ed56,7d5a8470f580b3d26f6ea28d85f58bac8c951ab4
7d5a8470f580b3d26f6ea28d85f58bac8c951ab4,5992b889c6ce8e108d42b73c6382c8863980e34a,751e2e1211539a44e0874ebdfbc159fbdfcc71ee
75b1573a0b82cde1ee65ef2ffadb9418e03e87a0,0c03b2794b0a7afe46913cbcefa17e380487dbcf,5992b889c6ce8e108d42b73c6382c8863980e34a
32a8f6f8b8dd094fcac99b3a2e9846e612589771,5992b889c6ce8e108d42b73c6382c8863980e34a,7c9013beccffbb88bb8558b35b2eb7587be9533a
5992b889c6ce8e108d42b73c6382c8863980e34a,39e69334c28c0bdb63dea369f2e32c499efc9883,a031a3a51178b88fb07aba4a98674bc9494d547d
39e69334c28c0bdb63dea369f2e32c499efc9883,a19f127faf0da88b8703617b29034b881d74c5d5,3779feb2e605d51093c06519b761daa38fc676eb
a19f127faf0da88b8703617b29034b881d74c5d5,25ee14d0b4549618a2522cf9cffbc10d351cb95f,c46f7a4608f9e0883b493d2c6f589870d2e5d949
25ee14d0b4549618a2522cf9cffbc10d351cb95f,a20bf2752d136251c316c908b8710293828236e5,b0fc0a78b028c0a95f96ebbfb5e28ad716e060b2
a20bf2752d136251c316c908b8710293828236e5,9bb14a50f67057b75bc1c6d952f73ecda79110ef,3bfa15913d31714c695ff104137a8ab7432d5c44
9bb14a50f67057b75bc1c6d952f73ecda79110ef,620683c285f2a29599f3b6a8108e0808854bcd9e,d141d75fcafdf6a18699582bcd196e4e316bd3a7
3bfa15913d31714c695ff104137a8ab7432d5c44,c80e9e0c3e0a323d158088e3a5b670e8235fe873,d53e1d9dbb5ddd426fcee8c5a8187b28180249df
620683c285f2a29599f3b6a8108e0808854bcd9e,53df0abe2c695de9f9280d5c3202928bd6fe6e5c,2540bf59cd41bb680acb9b7908f64b8ae52c1b53
7dd903be52ad93057ee8b42fd6939d44254c5c45,341bd52ea33616680e2ab8e37c2780e539f5405d,53df0abe2c695de9f9280d5c3202928bd6fe6e5c
bea9ac0f730b254d18b83a452b777cad9dee38fe,fa3706ce3fb4573a0be56048e039cc7ef700ee2a,1e337b5f9fb557dbee856aa2d03a3f25523c4992
53df0abe2c695de9f9280d5c3202928bd6fe6e5c,56c528170ca85b4dadaecff336eebf406a8b44db,124d1ad7ad56080f4c8c0f31332b6d77c8867feb
56c528170ca85b4dadaecff336eebf406a8b44db,1b55ad64ac7e81ebedafa821a591dad64b8f4a99,1e337b5f9fb557dbee856aa2d03a3f25523c4992
1b55ad64ac7e81ebedafa821a591dad64b8f4a99,e2e087e82b4acca4d981aa41e308eab7487ed0ee,776369acb92cc14406d4f95d4bc20a8eae380312
e2e087e82b4acca4d981aa41e308eab7487ed0ee,5072c167e9291eb99748f6b344c072d64cc2a117,72cbc05eb425c96da111e83b1e9684cafcb65379
5072c167e9291eb99748f6b344c072d64cc2a117,e12d6d34ada519d944b75bdcf7fdf8c0f0cb3c40,51b02ccaab8e7b2ef323b42900bec1c569916b47
eac7677c209290b7c0bc659ccf2e86fa0f76c080,5a9dbec7a2084bfd3a2de9cd6dab7d37ab8755a3,e12d6d34ada519d944b75bdcf7fdf8c0f0cb3c40
e12d6d34ada519d944b75bdcf7fdf8c0f0cb3c40,ba79d4298d5781d43a650e5ce50e1a88bbd7649e,e8898bcfe5824b3447ec7c18508091ae684d0690
ba79d4298d5781d43a650e5ce50e1a88bbd7649e,07f74091701f7b05884f3c0952a5782acaa5c683,92ee1810fad6f8ce63495398b0699aa5074f4ea7
07f74091701f7b05884f3c0952a5782acaa5c683,dc8582a03b0c828f02c3b18e09e8050b35149a91,5a9dbec7a2084bfd3a2de9cd6dab7d37ab8755a3
dc8582a03b0c828f02c3b18e09e8050b35149a91,111cbdaaf52dc60f5ce64df7872168b1ad1b50bc,41cc5c372464f062a8ed34378d51d19128429926
111cbdaaf52dc60f5ce64df7872168b1ad1b50bc,9ec1926dc641dbf0fa721207e0b438ac3a38a895,2edc53df07debc78a7a63213d6e16de7ce9e1ff1
9ec1926dc641dbf0fa721207e0b438ac3a38a895,15f780b4ca04d94bc604fc5b4270456204fdaa37,32c9078e83a0f49da75b0278405a8cd71891a45f
15f780b4ca04d94bc604fc5b4270456204fdaa37,18d0043829af26d047fcd794490585f50f9f2c93,4c5d201828eee585454ef33b3a63f69ced820a3e
18d0043829af26d047fcd794490585f50f9f2c93,9c263476c777cbf206aff0c310a600917e8b7874,60a6456d14b6bc2be55f9d36e9b067ad69201e26
9c263476c777cbf206aff0c310a600917e8b7874,48180b7234e47d1003b9da79b74d15b85eb74d26,e089dce428c069f312132b61c4e4dd1550bcbb3d
48180b7234e47d1003b9da79b74d15b85eb74d26,5745a67f6edc8b6a9f833dd5f0603638068289df,e0e34939e9e9c4733e099c3a39eed5e694a1de2c
1bf852c21515998a551dcbd40c2a09c39e15d458,25ba51ad5aaba62f9454863ab05c35c958d418cd,5745a67f6edc8b6a9f833dd5f0603638068289df
5745a67f6edc8b6a9f833dd5f0603638068289df,b255bca4a31a911d5566c8f99bcb257ceadd3aab,f8ea1c44c9b7c1127a2a53f1af688ba06631c0ba
b5e222ec3685f6c802b73ef9ba33f0b2e31775b2,3ceb779d30375fbbf3f77494429f17f058009c79,b255bca4a31a911d5566c8f99bcb257ceadd3aab
b255bca4a31a911d5566c8f99bcb257ceadd3aab,bb49f50e41321e544b841019e8826ed95e3df1a7,b1985e6f7dec9dbcd636610b6a2922831ead047d
bb49f50e41321e544b841019e8826ed95e3df1a7,a1b3afbb957dd45853dfea934b4bd4eaad46fc46,f9c65f558de9e23a0c553fe666972d0529e90545
2065d5e72c167d513a765ab1c2c30fdf9695cd5d,03e21190f40e8f8e4a6df94636c7aa48e236b584,a1b3afbb957dd45853dfea934b4bd4eaad46fc46
a1b3afbb957dd45853dfea934b4bd4eaad46fc46,2f12446d9fe8dbe5bdb1ed2667eae80c69f22613,6e18e179e4a039c47445690586a8b25ed12607d7
2f12446d9fe8dbe5bdb1ed2667eae80c69f22613,d94a52f0871537da7d70a076afafe968caa2f100,ecc9378cad85db6ded3979dc74f12aa46c4f55a8
d94a52f0871537da7d70a076afafe968caa2f100,7078f061a4aa78825dba7832618f5bb999d0141c,bf60b901594f92c1bb9cb13d0a388e3eacd55154
7078f061a4aa78825dba7832618f5bb999d0141c,d30868dbf905d68cecb269c007ad540ee09d6f52,ca7636a95a9d0293f55d6ecf210fd9a41286094e
d30868dbf905d68cecb269c007ad540ee09d6f52,2744a977a45e28fe29dca793a47a74910e524e6f,41bef8bb0063828c9ca17ae1864ad37c206cbba4
2744a977a45e28fe29dca793a47a74910e524e6f,662a446ac94d2e9c92f2831df848f8a5f6eec0c0,df1366173242ef8ef4d6c41cd7ea260bd90c1215
662a446ac94d2e9c92f2831df848f8a5f6eec0c0,63154702135ac07e1b4e3a41442a31269d53ae53,d16090f4765e516f5cc5f2f5f7432442bd9c3d34
63154702135ac07e1b4e3a41442a31269d53ae53,1cb61d40f47a9e8774cc104395bc6580690fb169,b169c12981b91a60a408fb6fce19182af9f3ee0d
b169c12981b91a60a408fb6fce19182af9f3ee0d,7d33a424dd1cd9f2349a64e38dff0b267b51515c,1cb61d40f47a9e8774cc104395bc6580690fb169
1cb61d40f47a9e8774cc104395bc6580690fb169,7e604a0d2c963d9fb5e9c3554b7377f5079b32e2,a2164b19709e6d56fa43da4e6db7039cb35e1ba6
7e604a0d2c963d9fb5e9c3554b7377f5079b32e2,3d4746c685251d524e23e8c6b6013125512aea78,7e51ccd1082c31e07f16993d5bfcada1198ad073
3d4746c685251d524e23e8c6b6013125512aea78,df00b61279745d974279b0b35e5e194f3071cbc8,83d30ecc13252c58ed8f4b62e83f4bc1753f28ee
df00b61279745d974279b0b35e5e194f3071cbc8,42d9c36924ba94be6b22cd32f7e90e47eae03a65,3ceb779d30375fbbf3f77494429f17f058009c79
68db47cf8a3c908380f1d5a997a74f8decce36a6,dbcdc25bd1637cbe5368a8e0f74032c1acafcb0f,42d9c36924ba94be6b22cd32f7e90e47eae03a65
b8831f6ab118f5f68c64c9dee9b99dfaff2cdd98,4992244627e1ff1837c92f9871f3313cf4b09d89,42d9c36924ba94be6b22cd32f7e90e47eae03a65
42d9c36924ba94be6b22cd32f7e90e47eae03a65,77ec732c4a75ecb7f56379236177adedc0f99c0e,6c6e2c72c9ff3e35d15c622fce3e3ebc44ff046a
77ec732c4a75ecb7f56379236177adedc0f99c0e,fbdcb94c7b54fd22f52e7d354f67526af8a1eb05,534efa797cfab44995cca03f794935ece3319adb
d9ce9193fd83bc0becdb4a513bf82732353752fa,ec8a12fe5006905c6615ac2e39ad9b0a26da54ff,fc185d71bbbd99f400c8ce95c01abff7802813da
ec8a12fe5006905c6615ac2e39ad9b0a26da54ff,e76b8e07e86c2688b33ce29d259a377063e48f63,f8935e6d0df71b3f512806f310070540786de51d
f8935e6d0df71b3f512806f310070540786de51d,acaaa05fcba989010471041e0f230f3b50335271,e76b8e07e86c2688b33ce29d259a377063e48f63
e76b8e07e86c2688b33ce29d259a377063e48f63,24aa055f51734358bdb9de39021d3bf1e41d27f3,7b3963d8a9cd52eb6def4d9113ab823ccc33fa92
6c6e2c72c9ff3e35d15c622fce3e3ebc44ff046a,2e18777e571497dd5d4cc108d7d9215b3fa5458c,24aa055f51734358bdb9de39021d3bf1e41d27f3
24aa055f51734358bdb9de39021d3bf1e41d27f3,13b7214b101edfa6faede168a7eabb7379765f24,98435012c652f3ed2fa89aeb043286f47bd51441
13b7214b101edfa6faede168a7eabb7379765f24,8341e640ca04985055cef315a991bdb2427e4eba,8af4a6fdeb4b75328ca0fde834e8ca372baa3b5b
8341e640ca04985055cef315a991bdb2427e4eba,33fb2b015f63366d50e6e94b8c37ad6ffcab1066,b405597004427f820fcb787f1fa7cc14f4978c73
33fb2b015f63366d50e6e94b8c37ad6ffcab1066,d0acc4c646be756a7f5a196c2d973aa7f5e6d39d,f8b217c8527bdcfac47b93fe48a00151f0a8c0ef
d0acc4c646be756a7f5a196c2d973aa7f5e6d39d,a82f0cdd2716400f1ff3cbcae1fe463cd265c0cf,eaa56bf6ecbd3a1ec57ee20ed95121ecf3f7a5c5
fc185d71bbbd99f400c8ce95c01abff7802813da,c432516f5eac3aa8ca1dc7287eda356758476520,1727abd049ffdabfb7b0fa35fc2827b314c969db
a82f0cdd2716400f1ff3cbcae1fe463cd265c0cf,3ba48c02b96d5fdc395beb0cd36102b271a2bf0c,80b085670d2a446974c34f527bd29900e8cca7e6
acaaa05fcba989010471041e0f230f3b50335271,ec98b575f030dae29a1e04bb5d5bebeaf31de88c,3ba48c02b96d5fdc395beb0cd36102b271a2bf0c
fc2bee61dc9017d9cd79f46400e2f3b85cc414ea,748ef59e257ebe6cc8c54eaed075d80abf00e4c5,324cc380615fb8b1303272001efff7a0a9b49f44
748ef59e257ebe6cc8c54eaed075d80abf00e4c5,6706b78cf712f9591d253f65df8e0c85a52f1204,773a11ebbe69aef63f236309d5479078e706c277
6706b78cf712f9591d253f65df8e0c85a52f1204,27d9771cba0016ec601ade9205fa55669735fb5e,1ecd9d881e96f2b57fbd00777ad3fcf654f50524
20128df00f1f38cef46fd8dc88f2d1a7f84d1717,e28c82cb690ac14401e1a26949e166ed0e280e1a,27d9771cba0016ec601ade9205fa55669735fb5e
27d9771cba0016ec601ade9205fa55669735fb5e,633bb908097bbd3e13aa3048a240cb595c6efd2e,23ddfc31be7ab95aae8a6e70a001062d40e8f581
633bb908097bbd3e13aa3048a240cb595c6efd2e,3a6ffcccc7783bb71a42381d54fda11f4e8c6fe9,1c425f4afd6defa0af812f1fea2f220a44a14563
3a6ffcccc7783bb71a42381d54fda11f4e8c6fe9,f54d2d6ff35190ec4664ee7d52d763ac4759dbf5,2513f8ef6e6b062752cf44ef8784615e916c16c0
f54d2d6ff35190ec4664ee7d52d763ac4759dbf5,c8257cc4339725318a0898202ddf833369a28e55,20cfffc3e9897c3d716b592e09934698e8bf15bf
c8257cc4339725318a0898202ddf833369a28e55,2d73f64695693e18fc69bd04f7e71f86d8421eee,1f3c14bebbab1236aedac7ce0eff8d3655eddb86
2d73f64695693e18fc69bd04f7e71f86d8421eee,8d3d6f1821262a5c8b8b264db6e256bb2380254a,a4d03cd9930980c9bf4c1e85ce3decfa839003a2
8d3d6f1821262a5c8b8b264db6e256bb2380254a,56e681f10661763a5327387fe12435611a5766e0,d94c5fbeccbc0c713d8a0a0b52a503893264ce21
b0b54954f39c5b45e67c0dcc7924d4be02af1a9f,73e8eb4f0c56a1fd1e5363f10b0e9698e4f41509,8530383bb4efe26bf857fc59d547fe0516eaa235
73e8eb4f0c56a1fd1e5363f10b0e9698e4f41509,79abf6dee1f5110c7a56adc7410c721546569132,c432516f5eac3aa8ca1dc7287eda356758476520
56e681f10661763a5327387fe12435611a5766e0,979c0e6445ce11cdf222f90548a0c98a7d45c5c4,53bb8a01dc471fca6753e26df36909b4f5d04161
979c0e6445ce11cdf222f90548a0c98a7d45c5c4,14080ea6ecc389fee73db632472238786dc600fd,6d6d0da26838048357d7756eab4f0597405fb918
14080ea6ecc389fee73db632472238786dc600fd,8c4bae5e95cc218c8f13d55364d7dd793d611683,608ce2f817125781f9b5ba232965d8a573a9c35d
8c4bae5e95cc218c8f13d55364d7dd793d611683,f6d4dc8cc7973efec06007e59d0aab31c7ffc657,b0e96bbf70ff93ee9eeba0d98b6f9c4a5fe27e3f
f6d4dc8cc7973efec06007e59d0aab31c7ffc657,52e07e056b431888f827cb8b967dc2ea6784a7b3,bb07a235a8a5be44d005859cede39344008e60d9
52e07e056b431888f827cb8b967dc2ea6784a7b3,cf8ab0e3ab4af853c5397701deb1f00d5708770a,ea60711e911014ea3fb651ed807fc4ed8df2a9b1
a0c6d3f2d5496f53fdca0a75eef4bcb5e870d9f1,4753f7670d745d0a554e666094a35eab5fe997ed,ffa3efe14d33cae60125914bdb8915a21a2b7b3e
2704a050585782ec7077c3d843c589ef42c0daac,3f79ee7b602b8182949de749c0a484688c36e1bd,4753f7670d745d0a554e666094a35eab5fe997ed
4753f7670d745d0a554e666094a35eab5fe997ed,06e8fe204205afdf84a3650a370bbd4fe71f13b2,e6d77309e6676db1b1bf3b488cc59bcb1da266b0
4bfe57988d5e46955da47bb86df4639831302f88,5159c3d431b4c71478a27ca984cb638bd408e066,c432516f5eac3aa8ca1dc7287eda356758476520
3f79ee7b602b8182949de749c0a484688c36e1bd,5159c3d431b4c71478a27ca984cb638bd408e066,c432516f5eac3aa8ca1dc7287eda356758476520
c432516f5eac3aa8ca1dc7287eda356758476520,6cdafffdf63850591ad39e36f72b99a3cdcfb839,07e1c14298924925d2ae9adf021f7cd92c798ffc
5159c3d431b4c71478a27ca984cb638bd408e066,bd681f8f0c940e46e8e7e527a0ef868c2a24903c,3c20daaf6cb7ef84fb8d074c2d685ca511e56cfd
6cdafffdf63850591ad39e36f72b99a3cdcfb839,12de90229a6e130c14c62712c6af103e7415574d,2a06abc1c73a613d6955813afe7be6cd801cea9f
bd681f8f0c940e46e8e7e527a0ef868c2a24903c,26347e970bb2288df5984d523c5780abfe503648,7a5dcc2d6d500b48b5d8ebc46b7876cf66c69baa
26347e970bb2288df5984d523c5780abfe503648,bbe585a798881e3980c1ad2000e05510c0d29381,8d903499b2133115feba1af4ab55a30c7cf22426
bbe585a798881e3980c1ad2000e05510c0d29381,855bec814d8c43b77cb452972a8c9a268655a41b,eaf06930cd9c16d97f984d6319dabc256c253f0d
855bec814d8c43b77cb452972a8c9a268655a41b,c55d6745e8a1d750c7b44b51a285ec5ccd7741a2,25f30417a42d4e4e130d1de51720d0cb736a3974
c55d6745e8a1d750c7b44b51a285ec5ccd7741a2,9a218b856a657ca57b33e6cc013dfe64ee12dd01,7d417588bb8f49da01c5c6ff562beda5cf221ebc
12de90229a6e130c14c62712c6af103e7415574d,d649185f703a09017032de6a2b53953ab04acf37,9e2ba144e39b2de1ca5d2cf0813da5373370c247
d649185f703a09017032de6a2b53953ab04acf37,cec20914139861f6d5de62cea54a8a4445ee40bd,56c01bb1e426a0b8c4d0c8697d4c0816c46bb9e9
cec20914139861f6d5de62cea54a8a4445ee40bd,0e58ddd586cf15b8c4de6f7b3cddc7fb75e4a7b0,3108fed0e2c7355a6bb41dfa6fc03275be546d04
0e58ddd586cf15b8c4de6f7b3cddc7fb75e4a7b0,0427a76842b1098c5b0dd956b0e62d5fb49510b3,8a517ff878989e4fd23cdee47688057fcb28d404
0427a76842b1098c5b0dd956b0e62d5fb49510b3,df73863de3cf7041fd378133d564d17109e93cd9,d6b5b7b11677769c2c99eedc6bb03ad9cbfc1aa9
d6b5b7b11677769c2c99eedc6bb03ad9cbfc1aa9,e1a036a025883efc01c91a168565f6e7b4b0d17f,73bb8f702d5e7ba6b9c5ddfab36574b9dc9169b7
e1a036a025883efc01c91a168565f6e7b4b0d17f,39fe14297394eeba91571571ae2b29738720107c,b7455aa01a54c6a23730dfe6ab900af73c7b378c
39fe14297394eeba91571571ae2b29738720107c,a84a8477d15621bf81831ca08abfc520790566d7,c493fe2b977c4f30904619aa27a3257f0cc0e34a
a84a8477d15621bf81831ca08abfc520790566d7,d825666df2c87b635996c0764ec7cd2bc9831714,edbf634ef5e7b84a1d02a25df25f36591fa318ea
d825666df2c87b635996c0764ec7cd2bc9831714,fd411a0941f997f42892bca806f537822d02bba3,0fbebc37480fd674f423a5422250e4ff92faf9e1
0fbebc37480fd674f423a5422250e4ff92faf9e1,92c38700c6f4185308aa826a51bb59c525356671,fd411a0941f997f42892bca806f537822d02bba3
fd411a0941f997f42892bca806f537822d02bba3,e28af0137bc2cf9c10611f81d0e70b67cf7b70fd,88c281cc5583ab41994cacca2854f6f585aab480
e28af0137bc2cf9c10611f81d0e70b67cf7b70fd,35f6d768e3382e84f57e6096dd1734f699f07d02,14dfde29ba7e96719c04ede57bc4823dfcb2f9a6
35f6d768e3382e84f57e6096dd1734f699f07d02,25b3a7d012f3fb8145bbd145d5a7b07261d52948,deb7d5bf62e37d7dc38aab4bdba0bf89ef6ab7ce
25b3a7d012f3fb8145bbd145d5a7b07261d52948,7502bfef888bfd4259cec355931bf7900049f5ee,ae8e1c4118add2693be666a6225a3ebeaa49ee52
7502bfef888bfd4259cec355931bf7900049f5ee,5a57bd0216e5cebcaba79be84c6e9b1dba7ed5b2,7702f445a6ccbb0a8d7793b73b00b657ebbe8daf
5a57bd0216e5cebcaba79be84c6e9b1dba7ed5b2,0b0c8133343d3260d181d26ce1d757a1f0303063,1af3e5bc9647edb4fcf730052745dca12c57cf2c
0b0c8133343d3260d181d26ce1d757a1f0303063,15b7fc89aa1c6513ef7a7f98536b3bc460a7deca,a1d7d03e499c6dc841da7afe3019de32e678b186
15b7fc89aa1c6513ef7a7f98536b3bc460a7deca,c31956874332e2012f32737e6f7e6f6ba341caac,787520782e5b1811d019f6ce0972fcc60ba5c71f
c31956874332e2012f32737e6f7e6f6ba341caac,18ba819e3fa8b7dcbfea5bf8fb24b9fcc1e4dd6c,30eaecded1f075eb53ba94a4c84e194ac4f9be58
18ba819e3fa8b7dcbfea5bf8fb24b9fcc1e4dd6c,a4ef497115915e51098df5584fa2250b087e5107,9c49e51eccd62c96a2e7a07b5f0fee562bac86dd
a4ef497115915e51098df5584fa2250b087e5107,16c79e24b9525de43ad5c750a3e68e2fe50e76be,05185efad9847d8cb69ce49469c75e8c3ca3aca3
16c79e24b9525de43ad5c750a3e68e2fe50e76be,e6c0301730a174039ea341864d9f5547ecf8bec1,bf0551246bc0a08a11425cce1dacac889c446ebc
e6c0301730a174039ea341864d9f5547ecf8bec1,1a609b872593fbc04ae0df008ea3024a57c120e4,b63e5c88194732aa9b4b4252041a2b186c408ea9
1a609b872593fbc04ae0df008ea3024a57c120e4,511e09904fbc6f08e72c24ee38d10137ec24568f,4c13d3f9adf33d118a6c667c7622f9775c317f6e
511e09904fbc6f08e72c24ee38d10137ec24568f,9048d658df53d4188cac935772d18b0a4687ba8c,fe7b27f7e825030fab5f3f961bcad3ae64df6bcb
9048d658df53d4188cac935772d18b0a4687ba8c,0170cd73c99543b12d921d07d0152de3b5c11df8,95dd166141caec2936e11aaf4c3618c7bec7847f
34e892ee3525eddf9baf25c3b03450ad46bde137,3305c54714d0236c542b961f9ac26ea7b6a1e8cc,ae058718d54a48668aa7d060ac2b234081e36523
ae058718d54a48668aa7d060ac2b234081e36523,7935f827e0b2590bc4e1adf8176315540694314d,0a8cc113a04b26bf9e16f6eef3244522f6d90be4
7935f827e0b2590bc4e1adf8176315540694314d,86861b45f3fdbb7cfc909aa2b6832da23f042f09,dc4316a0c57329a0b152eab1a8b1a1c743a11877
86861b45f3fdbb7cfc909aa2b6832da23f042f09,30d90775c8d58f48f7583a3cc11e0bb1669a7461,ca9f6d7664e783998987f3b5d734ff43d9134b6c
ccf15dedbf7bf4cd955a71ea74b2764ef03a4bc3,f76d8625079d261687604c0d5218528d2d271254,23d7787ce7ce86b1389b278bcfe898b5468bad5d
f76d8625079d261687604c0d5218528d2d271254,e7ca9ed40ea6a565071ec23ac42561b483e7529e,0ef03fb066e1ae91faf8a13baa723a91d7b0dd07
e7ca9ed40ea6a565071ec23ac42561b483e7529e,96403183f9a69fac1b5cefccb8bb04de820af8f8,0d4fa00753169352e9a8a78fc46deeae3902ff81
96403183f9a69fac1b5cefccb8bb04de820af8f8,9701df72d8d26690c4fa966b622ccaaf8f8ad6f5,47ea3f522c590595c23368896a0c3871959fc67e
9701df72d8d26690c4fa966b622ccaaf8f8ad6f5,981b4933d817ea70ea49fc8b13a0366e6f191c93,3bf141d39c1e8764a2045902db07f3df258bbcec
981b4933d817ea70ea49fc8b13a0366e6f191c93,fb14ce86ff070b4f5258cb0878968e7565bc8be3,86b33bd4541069260adff49996e1c9c08ea87c65
fb14ce86ff070b4f5258cb0878968e7565bc8be3,eacdccaf07c28fca9abce0993610aaa2c70d018b,a91af99f8c34fd165b516355936b02ac36663970
eacdccaf07c28fca9abce0993610aaa2c70d018b,d48952a074032eee6aaff428d8cc45d9371b1c49,3d3b53789bf3559d1f58529b5bb293f6f9ad69ff
d48952a074032eee6aaff428d8cc45d9371b1c49,9f11f704f7ab0089ae47363f4c349edcd1c63447,d79c2a81def98cb44b32395f9d1de9b0cbc7d460
af9d22959a5696e050c85f597da82c6522dc6b10,4b49c167ce32a1af4c39193ffe4b377ea663237c,238f65fcc780b76f7671df24c0f6623301e55225
9f11f704f7ab0089ae47363f4c349edcd1c63447,8f4fb481bb21500dcd15c3e877de486f15998921,dfe662ae13222db63cd481561d5263fb8eca0f11
238f65fcc780b76f7671df24c0f6623301e55225,efc1f885560db00cc58e13ce40b12d1445cfada9,3d8d2af382743d352c9655b26f1e7ee2feb4d8e9
3d8d2af382743d352c9655b26f1e7ee2feb4d8e9,3577fc877816c223cbf7c7ab813ae165411f224a,8f4fb481bb21500dcd15c3e877de486f15998921
8f4fb481bb21500dcd15c3e877de486f15998921,5075a902ee3fde3561e1d4b1dd34fab969d5eb8c,e025891c8173a67d93ee3bcd2237a193f149d6c6
5075a902ee3fde3561e1d4b1dd34fab969d5eb8c,110b1004bf031ca67a8f5a08298f8c354784b59d,0f7378d72562ca3e7668df856bb4f1fc1561d06b
ec882c8c21bf3f355274f6c0e44d664772d4c011,631cc718b84f8e529b51ba8e4b461b7bafff013a,3577fc877816c223cbf7c7ab813ae165411f224a
3577fc877816c223cbf7c7ab813ae165411f224a,03bc0450dea072e267e8bdab55a366dd7c203540,110b1004bf031ca67a8f5a08298f8c354784b59d
110b1004bf031ca67a8f5a08298f8c354784b59d,b410a13fe929deac029c6e78b880fa6987833d27,aa7ba53db60e100aeace3dc10885572acc949760
b410a13fe929deac029c6e78b880fa6987833d27,ebd312cd247098db51d113a2bfd2b26dde70088c,bb7d26abe9e348177eb7761ced55d2dee5ac0725
dcbf88598408a94bdcfbaf382eabb7dd6bc29717,5981a0d4c8148b3f3f3c214fcc73416b7bc6c556,6ad41d82f68958be62f1323eda83973ae5e0967c
2368539d0ac8b5b263cfbe8872b7e3691e0f49f5,5981a0d4c8148b3f3f3c214fcc73416b7bc6c556,87d8b3a30209941ebfc62218ba71599abbe02534
5981a0d4c8148b3f3f3c214fcc73416b7bc6c556,a00fa8c14e3c3d3d55e785e0820291bb17c2afca,c0d670986c34196cbed11208b3a3e70716f8b2a4
a00fa8c14e3c3d3d55e785e0820291bb17c2afca,2e9db8d4eb80887167f6cc781452a445ce61a8a9,bd0a13faad9a29428674e796235dc1835c24c547
2e9db8d4eb80887167f6cc781452a445ce61a8a9,00bb4a19536338e7ead43de39c226099a5e24126,d9769b3b2326d76f40a34e989d416fb47e68d9bb
d9769b3b2326d76f40a34e989d416fb47e68d9bb,dbcdc25bd1637cbe5368a8e0f74032c1acafcb0f,66fc32f6aa620381019501cb4d23a5945c8e868f
00bb4a19536338e7ead43de39c226099a5e24126,f214a7b125a61a7c07f306800d3fd971f4fd006c,7a9b652b120d93151aab088d8d77a219f9fa7a12
bd5d4957224e2864d7cbaf06d554b13d142800b2,361543303247f3bd1ec67375ddf83bc2d39b6896,25eddaf87579df806ff234ca86b63c1f157befe2
361543303247f3bd1ec67375ddf83bc2d39b6896,c2340e89976bc8bd4bff909c76fbfbc2cfc01046,81c00fc34fefa328744e0cfdaf0a310830734fe1
c2340e89976bc8bd4bff909c76fbfbc2cfc01046,d24d2d92b2e71288ae7a5ab36b7638fea20f6d01,85011690032de6ded80f0d1d4fb61e130a2912b6
d24d2d92b2e71288ae7a5ab36b7638fea20f6d01,b2f19be010818e08566fe7b2f8b623b853768c35,93af505f4ae2ef7f9b4e805bbd6bdbbf9e586576
b2f19be010818e08566fe7b2f8b623b853768c35,bc89a1c39a0d19bf8cd53a963849e74036ab350d,c07e9b366f983b3b29888a3b2e3d35170ef7cad6
b144ad7077e44b87e7e2a5093ed85f91af909fd8,046c136f75e3b6e4c8b44ebc1f8e75586c3825f6,bc89a1c39a0d19bf8cd53a963849e74036ab350d
bc89a1c39a0d19bf8cd53a963849e74036ab350d,2d44f5ef627e7b98c9f001c79d0cf9b208700cb7,c41e0ba88fbf192b3ad31629faf3c7593ecfb800
1f884642e1be10fb20eba1d3d3432c4130cb70d6,6d0478cb6b124935ad3ac493d8bddfce31759ede,341d3f8027f20df2413593a24ed7552f45b5d21c
2d44f5ef627e7b98c9f001c79d0cf9b208700cb7,8f1ae204ddb54dee39f64b61ed29bb29dd8c6bbf,4fff47e05fd46b1302899cf7b7750e533ce3b698
8f1ae204ddb54dee39f64b61ed29bb29dd8c6bbf,f82d38d4c881ff6404d84d77fa4e2f86ac21a8ac,46b8e46c8ac058fbac40c9875b81fcf266f40399
33eca78467c2045ac1228a992374eab87c8bec2e,f429a818ecc246bbc4eb1f7cfe638a0ca8c45758,f82d38d4c881ff6404d84d77fa4e2f86ac21a8ac
f82d38d4c881ff6404d84d77fa4e2f86ac21a8ac,90ed2d9800dc57e4104d6dd5a2364de84554b14d,cbdee8b0e61fbf87b4b2651b1f198877a0da6cf8
90ed2d9800dc57e4104d6dd5a2364de84554b14d,6503f78a081a1364d7dc883fd0d8b96918d06ced,246ca2e0db0471a1e5a268af0303204de4a43c2c
6503f78a081a1364d7dc883fd0d8b96918d06ced,895eee24376539d8dad78a695e459e23b05b3dc6,8332892688cb958e444215ca7844cb026a79ab80
5fd2ec214579578240193f3e0e147fa8f0c839f0,cbbb639080144ef4c8ec1471c97f6119230c8416,895eee24376539d8dad78a695e459e23b05b3dc6
895eee24376539d8dad78a695e459e23b05b3dc6,90602566b5bad72bc700697c53ee8aff8895a85e,b677bf7676d6f04f04093fbb451e877857dbd74b
90602566b5bad72bc700697c53ee8aff8895a85e,83e4dbaa59e26d458022dda8a900e3a9230ee329,e0223545a5bfbe8e3f6e6fbea52366759b0137a0
a24ef8cb023eb815b77cb75a72758c3146c1e0ab,3796fb0091d5c8bd9b1bc7ac6cf1e0379d226f56,070139630418d52449e98101b8de50dbd8c96c05
cbbb639080144ef4c8ec1471c97f6119230c8416,49688918573ab54b26a0f951bfdf43957981cb78,10d5b4ea73b0f246dbe81db320109e735454e549
09641d1d8e6042bc88693513bc77c66b8d70931e,3f3a96c58aa96401aebdfdd9e6d2a86b9dd528eb,3796fb0091d5c8bd9b1bc7ac6cf1e0379d226f56
d6925173533c0336b6fe720c6b99466af3920173,6d931441eaae7aeebceaa3e93f1d862170b23820,dd73b34b47d3b0b42ffebd33c9951706b64fc709
6d931441eaae7aeebceaa3e93f1d862170b23820,39252571fd0ce5898941310763bd9490804e4463,dccb1ec6b21e02f28811856e43f5900dcecb77c0
39252571fd0ce5898941310763bd9490804e4463,fef973c345bf47b3fbe9bf2c5b4c65b17ae20ec9,aa8bcb0dd7adc488e83d8eda6f29b205d7c22965
fef973c345bf47b3fbe9bf2c5b4c65b17ae20ec9,295f18cae44db47c57ad80ae7446bad4e455f3ad,13ee59301d1cef600ce60540755aedbf9fdbf222
c41d501c1d1215844a8ae6b13646d15fc788c26b,0e50212b2b41f7b4aac830bb51290136493cd4d9,dbcdc25bd1637cbe5368a8e0f74032c1acafcb0f
6d524c3180a4ade548020a40edb9bafa10bd3096,05ddce1a2f66031e22c1f0c2b4b86a6c218b1269,c41d5084313354064a1bd4d3ad6ce544eae70900
3f3a96c58aa96401aebdfdd9e6d2a86b9dd528eb,7f5b8c8362b2ea3f3f5f050b608ffed68c49c6f5,a75efe293bd887c5c10127bffdf795f39ea91732
05ddce1a2f66031e22c1f0c2b4b86a6c218b1269,8f77dd2c6e60acf14178e1e5e5d4505906b4b05f,d8d0422321335e68086c0dda08a87c38dbcda0b0
08bc275029c95d1c9fee6b3da49bfc1fbd201e0a,458b4c3cbb512a744512679ad29bc4f647cebbcb,d7352a68c0f75013c40d2be92492f202da5a6035
d7352a68c0f75013c40d2be92492f202da5a6035,8930b1042205a61b293e4903f7d557aaaa8d52fa,458b4c3cbb512a744512679ad29bc4f647cebbcb
458b4c3cbb512a744512679ad29bc4f647cebbcb,56043040fd00df7dedc0dcdd05e98d9d229f1d7c,0dd36a7db7713cc1c87b7b4252d1b4e4028f2819
0dd36a7db7713cc1c87b7b4252d1b4e4028f2819,fc0116c7906bab0cb09f93fea683d61c24bc34e1,56043040fd00df7dedc0dcdd05e98d9d229f1d7c
aa8bcb0dd7adc488e83d8eda6f29b205d7c22965,457485c9b34774482b06ba33adb5d42fd82e024d,56043040fd00df7dedc0dcdd05e98d9d229f1d7c
2467723ca11b3bd4e042d4eb341b9b063e60b0ef,16dbd015dfd7d7301bce2c5b0ee0687b24e5ac9c,56043040fd00df7dedc0dcdd05e98d9d229f1d7c
fc0116c7906bab0cb09f93fea683d61c24bc34e1,341da000851442c033c40cc4854a08670dd8e9d0,65c36a9053f1c4710b31d8859a429e4924e7b32e
56043040fd00df7dedc0dcdd05e98d9d229f1d7c,770f18e7e659105dd1efc21f37dfc8bcedc70dad,54dcafc037053748546284942c78af05107a6409
5e121c26eb79c1cd2985d176481d2d3a1a471c70,3a8c3825533588d4bdd4d8a3707e5019cc14737d,770f18e7e659105dd1efc21f37dfc8bcedc70dad
3a8c3825533588d4bdd4d8a3707e5019cc14737d,dc5293e174d5d497e434e0aab3e6f4a07102b128,636994e07b93fb67785b964c6d753a319b62e294
24649df10c53f014755c580281393b1c72f1283a,95824f533a354b32bc1463552ffaef66b166b746,0b854613326b0d49cb091cdae72f2966dccb6ab4
dc5293e174d5d497e434e0aab3e6f4a07102b128,14800403fed047d0beb17d4b3f1cdfbb2f839c41,95824f533a354b32bc1463552ffaef66b166b746
95824f533a354b32bc1463552ffaef66b166b746,cc66b3273c8018a67543db12b3aee8b2ce7b9149,14800403fed047d0beb17d4b3f1cdfbb2f839c41
cc66b3273c8018a67543db12b3aee8b2ce7b9149,4887d64da488e35acb6bc8e888777f5954d02334,0d488babf6a6106449f582f2a16d0be60797d660
4887d64da488e35acb6bc8e888777f5954d02334,8597be1b22499dcd3e29e2c27e8aec636fe5de2c,44b15cb325451e343ce25150452c73814a0941e2
fa54ba6efca22d936e4fe9f537248b4f097cf967,fe501931cfebc2f5318fbdb9bdeee106d9aded64,8597be1b22499dcd3e29e2c27e8aec636fe5de2c
8597be1b22499dcd3e29e2c27e8aec636fe5de2c,611f421f3f9ae0016e2a795ebb50d54538687a86,6c06a9daa9d7407569ed0255afcc0cf276de1b96
287d052ba813f88fcc5fa7bade1aad220e9dcd4f,52b727ca04f8a240d698a1ad6974b098433c50cc,611f421f3f9ae0016e2a795ebb50d54538687a86
611f421f3f9ae0016e2a795ebb50d54538687a86,2e4e97af8749fd8ace90c9fcf964e2992c1a53e0,414b1afcb7b33a6850dfb062c2501f43fc1247ed
6eb1f8f91ff83fc836f8da541347450cd80eeadb,590e3893d2281a1108f142d97f9322fe9b7d0b6a,fe501931cfebc2f5318fbdb9bdeee106d9aded64
590e3893d2281a1108f142d97f9322fe9b7d0b6a,37bab6e0243b0e68eb14077196932a787dddd8f5,e4a49b41d805bf7f536a70f958ec5eea1cb10dd2
51f1da5b02d5a54fceeab818dc1385c3187bbaf0,a45aae670a4d2165a94327e358089b629207c782,ea6d95c0ae60a5002c48bce5f99f5ee041377917
05658060892a96f075b146541496021688bf3d2d,ee3034226ff971a5859fcf77cd740bf00d3acd4e,a45aae670a4d2165a94327e358089b629207c782
a45aae670a4d2165a94327e358089b629207c782,9c88b9706d435bb714896d6906f081bd32d419c9,60b4dedde5573049b09289ee2f7ce879c29ed89e
9c88b9706d435bb714896d6906f081bd32d419c9,6fc64ab932acf68b303c9c75fe888cea4ce3424e,35aeee1922c742f93dfaaa551ead4c1ffa12a196
6fc64ab932acf68b303c9c75fe888cea4ce3424e,71038c55849166b72bafdedd73474f502ce016b6,67f2ed83202be3cd619ad9c24bd60aed4eb07d58
71038c55849166b72bafdedd73474f502ce016b6,b923b2cc6740eb7978bf6b6cb7e88162f7087356,185ea1c422dcc9cd303e0a34a6d5b9877da84631
b923b2cc6740eb7978bf6b6cb7e88162f7087356,6f5710454c6ce804c4717b231a2904c98e52e0fc,8fcf38cc12eb72b667b0ac3881aad05f9e1bffc6
6f5710454c6ce804c4717b231a2904c98e52e0fc,46836bf5b0a156c268e684fd4b039843d2db7f5c,53114df4eaf7cc8114c4c97ecfe3200f4a94c8f4
46836bf5b0a156c268e684fd4b039843d2db7f5c,f10aba03128c77c20fc1b648fc7f70b510414222,ae82ad876ac692f684e573cfe3434ea01409aab9
f10aba03128c77c20fc1b648fc7f70b510414222,b56b86a6b0c199dbe02425f1985a76c5116609dc,2f6ba474f7f601f461237064eb3025364b8fbe2b
b56b86a6b0c199dbe02425f1985a76c5116609dc,2fd7b48ddc0e180b0393ee567524be760329d69b,ab793d5e6f069940df377651ff5da4204b2e77e7
2fd7b48ddc0e180b0393ee567524be760329d69b,51c6423f79a8271d1f44c37fbf632292d5dc5981,59d3cbd3e4aa40655bfc08501ee94751a8a36f88
51c6423f79a8271d1f44c37fbf632292d5dc5981,5f657fe3c1cd74d100e4d4cc5374d580ff8c8e99,6f40b43c5bc5df4c56e9a2f23a298847e68d77e5
6a26acb0ac05b2b77a21e7cee297999be63710ac,8f63d7d8958e285d92b588befe4b5aa6a187f573,3deb6def651c665f86af21a30500df8714ef4779
8f63d7d8958e285d92b588befe4b5aa6a187f573,5521b3ba7ec0f6d1cbb2c1703d8e78a42aa1435b,4b36dbb285ac592d8a93fb0da581c406a0c85327
4b36dbb285ac592d8a93fb0da581c406a0c85327,77ba61563e49a7eb28731c35c44d8b775da13741,fe5158d972d726ab6210a9b13ddc6394036b74e0
b82758c733ea472b2c472c0737d036a56f43d095,735327dfba459631121292a3ba669ee1e8b00c49,67a48841eebb509113a029dbea444553683e3f77
67a48841eebb509113a029dbea444553683e3f77,0792c4b7e8e71df8bec2a4f1beb2709b1a3fc806,ae02158658afe8b7f3925f26e851168b3c4c24f7
84977ba66188efdf86a2fb21b1551bc01acbb7f1,a0c978046f74c79a62b1dc429067661178fd3ab7,341da000851442c033c40cc4854a08670dd8e9d0
82619422d34deb9bd025c90b8e0ef085ae398b67,c79f81f6d8b537148e9c8072bb20290bb795bbfa,240f5c2bb344f87c176ff563f39b7342ff04e084
9b84d931fca688b1d72c7c01cc90d4ba27aa615f,0075aacf92600f57985c39ef6fd519621e4549c9,e1da73fe892b194ba879be77d9f00e62994fea4a
341da000851442c033c40cc4854a08670dd8e9d0,f63afff148a55d78061c881b39217955c279cb88,44a394d50255f088f7515c3c9461a1591f9a2f58
0075aacf92600f57985c39ef6fd519621e4549c9,3c3da44c6cda189e42f5aeb091a126d94941c3b2,5d83c178950b94ab5a4b5bd1a2d0dbfc21e04db4
3c3da44c6cda189e42f5aeb091a126d94941c3b2,4c5fc4af6e5a7ae3d442655def68ea47f45efe73,83c2aa313e7c2573b124ba7bb694cd4b247755e3
4c5fc4af6e5a7ae3d442655def68ea47f45efe73,0775cee214d0632283ae6179e63f10a3cec6ac98,325e2a0b0f2f25bfafd68b65b350e3746942fb4c
cda7ac406208d1b5c7a7c8b9be6df1c784073703,45e19bd9ae82b5ec141703d4093b7e94feece03e,681210d1ed683aa15d796f219cb09c3dd8d17cf0
0775cee214d0632283ae6179e63f10a3cec6ac98,cec724d2a9fc77d0eeb590ed6682ca58e072533e,03bebe72677d6fc03bb87e797e75d69d2c662487
cec724d2a9fc77d0eeb590ed6682ca58e072533e,ae16327c552507dbf33966fb5f5071580cfc9306,9cb242a4ef2cff20c6caaef3117707a58938c723
ae16327c552507dbf33966fb5f5071580cfc9306,ee116815b4dfd74c12faa6f2987802420729680b,898150b42aa094880b44942cfd571d6400b70322
ee116815b4dfd74c12faa6f2987802420729680b,b7ffefca867f1c09c96c4f1d8f24faa39c47711a,67dfb54587f1f3f485789f32117b3ee6d18d623d
b7ffefca867f1c09c96c4f1d8f24faa39c47711a,107fac90eb2de16ef3ec2123201435271424c66f,429a77b8a80289439045e4403773336c51d815f1
107fac90eb2de16ef3ec2123201435271424c66f,4accd2412294ca4769689e823704d351076eb89d,d103e7acb85a58e9a521b0c9d3c3e35375b178f2
4accd2412294ca4769689e823704d351076eb89d,08af20bf4659394db629da642f751748a8538c9b,1a35bcb558813ccb380d9f576770c301cc8046eb
fe083093b955fb12fbfdb441daea3d9c0de00949,52846bacfa0960fb19b2a78ae72fc09973e9e920,08af20bf4659394db629da642f751748a8538c9b
08af20bf4659394db629da642f751748a8538c9b,b77026f030dd7681a46a44123252ced1a423a82f,f63afff148a55d78061c881b39217955c279cb88
f63afff148a55d78061c881b39217955c279cb88,8bf7c0b583957c86e451efd117f0e47a6558086b,5f0f6b4daf44ec9283e53f7c0a58111305feb001
fa512c392ea4efba0852291faa7938cd586ea6b9,14b312b825cdf62e69f29c7c1cfb5c5c3d1481fb,0d6878e52ab116ac2cc04a1fe4d0d03f677bd253
14b312b825cdf62e69f29c7c1cfb5c5c3d1481fb,da44cba4d34bdb408482038b9c39d39010d029ef,f2b9aa88afcfd9337b7da064a2abc19e0deb707d
da44cba4d34bdb408482038b9c39d39010d029ef,ed1d304dbfc1c462abd7d8be339355e2daab96a2,9e96905d7ca287e3f888b0c8a3b33e28c65e6e50
ed1d304dbfc1c462abd7d8be339355e2daab96a2,50e49ae32731b5e6b5bf6d0985af679ad7eaf4e7,c1e17eba7d1d97a61610db59f67a7b48ae5d8aa2
50e49ae32731b5e6b5bf6d0985af679ad7eaf4e7,af23772a0980ebd6efc267a6cb5b4f2b8641996a,b4b2dd91718eed2eaca419361bfe6abcd46b0bfa
6fa93f89fae48bf038f07ad49f558cdbb0e7d53a,af23772a0980ebd6efc267a6cb5b4f2b8641996a,7208045d0468cd465ccf0868e77373d837d91069
af23772a0980ebd6efc267a6cb5b4f2b8641996a,d2fa0cbcd8bf977686f1044a84475aa9da112f9c,5bd693f3af530956cf722b642a7cabc54427d527
d2fa0cbcd8bf977686f1044a84475aa9da112f9c,b0142818b07ab9d2b29ff5aaccd516863c311af6,1d5e7603d2a1859aecd2d7bf225469d8f924a134
b0142818b07ab9d2b29ff5aaccd516863c311af6,7ef473bf35ee79f23835e236aefffcfdc0003f52,bb869075aea4c2d6622dd53370f3140da46b9d2f
7ef473bf35ee79f23835e236aefffcfdc0003f52,100d5e4d4e8417aa90fe5ecf757de417a3941174,c2f6f5f8344d41282958f859accac8dff89f1bc1
8f216ecb7f6d917fe768aadd04f39d9c8b52f39e,77d963e9a15c86f80ea1a15da300160bbb1ee3d3,95fb79b82844f48c7497baa86ba7729e7a664284
77d963e9a15c86f80ea1a15da300160bbb1ee3d3,062c99da91584cc0cf04b671102a170c73d38695,e4f992bb5d31ee6058baca72f4216e54d63210a2
062c99da91584cc0cf04b671102a170c73d38695,100d5e4d4e8417aa90fe5ecf757de417a3941174,7b61977e43067984ea48b67aeea4f9a53f17ef8c
c1e17eba7d1d97a61610db59f67a7b48ae5d8aa2,fb7278aa48e8fdd3614eb72a7c48c4a6dec3f537,a2c2068364382311686206cc1b6ab35780c8050d
100d5e4d4e8417aa90fe5ecf757de417a3941174,05b8971c9004a4e0b3f93d14853c375a57c00d7b,8bf7c0b583957c86e451efd117f0e47a6558086b
8bf7c0b583957c86e451efd117f0e47a6558086b,e5991d942cc2fae00597202ccb962aa6b80ea71b,495e44805673c61c7c9fd4306a0f486a100306ea
e5991d942cc2fae00597202ccb962aa6b80ea71b,ec773d58abeed3c8bcacd075c039b74d85edfcb7,462a3b5151db6bcc65965cd7094a9670a4b01154
752173b9f685eaf0bceedbd27b573a25d08fead9,ff0d3ce6feb55f97de1ec9724bf83a65fdaa8e92,05195a02517e862d5086389a43580e72c541ee3b
ff0d3ce6feb55f97de1ec9724bf83a65fdaa8e92,b0812a0d50c814dec2839c4bc3acc781aa596e2e,679fe2ff96c194e442970cb9959ebccd79f6bd43
679fe2ff96c194e442970cb9959ebccd79f6bd43,0a86983813b8739989e12164c1f49aa98d01d0a5,7f3a1dbae8de72b6d37bc362ffc35232e9f250ba
b0812a0d50c814dec2839c4bc3acc781aa596e2e,3f4f127be0c4400ac9467e25d0502de77b438b95,0a86983813b8739989e12164c1f49aa98d01d0a5
3f4f127be0c4400ac9467e25d0502de77b438b95,783cf68086d84201123922ed499aecbacf5610c0,bd2f3feaa3c0ca447ead6220f38ce9e59acc735c
783cf68086d84201123922ed499aecbacf5610c0,f10a474d86bfd27c6e8d93d0f143241fcc93e01d,462a3b5151db6bcc65965cd7094a9670a4b01154
462a3b5151db6bcc65965cd7094a9670a4b01154,e038c68359fd431e63d932267771c42718d728a7,14b686ece509154ef5e8573e0aca8570936387ef
e038c68359fd431e63d932267771c42718d728a7,6f92f8c74decbf368492d23db50584df3b153527,9bdbbc81cb078c9b31786d866239244603367964
f10a474d86bfd27c6e8d93d0f143241fcc93e01d,0f24cfa959bce3ca084381f480b5450607b3cb8f,6f92f8c74decbf368492d23db50584df3b153527
0f24cfa959bce3ca084381f480b5450607b3cb8f,3cf3722a80654c76adb21433bae2585d74856fce,eeeb7d88cf3fae20ad2923029fb78a88f3345f6f
6f92f8c74decbf368492d23db50584df3b153527,70ac77ab386e12ab3c0a8104411e289d7ed0240e,1ec1337acdc963ba8b0c286b2399bcc7c63474c4
124544df3e3883634c4bd88bb960614b07209e6b,ca37502390b5f94e64b57824e57071d65adf3f29,83d91360e92ffa1159ebdf4d7dc6f560839947c8
70ac77ab386e12ab3c0a8104411e289d7ed0240e,fb77c2ca9cb9be56f8d1acfd94dcd4331d33b893,8dfafef6ab05d85a6a098bf5e0fe357154cea53f
6c2ec9a4b3c05ac9146de0531234e096e7ff7204,bc1b630daea964e1a6731d2b6951d47840f833b6,249bfd0c31d2f4ea4eb10e7a4c771bba1a9b72b0
bc1b630daea964e1a6731d2b6951d47840f833b6,513a6181c0229f4418cfc286533bea55bc7fb212,b36e859d71aa47dbd79f8c41e6e3258b69dfec9f
513a6181c0229f4418cfc286533bea55bc7fb212,0ed70b333749a723f12e6e7944ed48cff69b3d49,2383f45f121c345b874f8ef42aebe7736e6d7cbf
0ed70b333749a723f12e6e7944ed48cff69b3d49,103eec631084354eb24a78d83d4bf8f39940ed02,634bee27fd3ccfdf68d2ebb6bb5e83274c22bd81
103eec631084354eb24a78d83d4bf8f39940ed02,052da4f358d5999c8c05989c5d0a2276dff9d183,04b5989c261592bb11f3ddebdace23e73fa5670c
fb77c2ca9cb9be56f8d1acfd94dcd4331d33b893,e015c7edc309d6f6ab73a5aeeadc00118ad1bb9a,09df70f3b918703404e5c453966d851af08b1462
e015c7edc309d6f6ab73a5aeeadc00118ad1bb9a,45019417611273f7d4e43eb7b583e2de67958c80,0324dd818b5459171039b55bff810317cf46b5b2
7dbb77e7dd1ca5b3a0ee75b41356582e316d97f1,15009b5d90679e1bad93124d011b6b7b087ac2bd,7ebd54ca09061022a248bec9a050a4dec93e2b28
45019417611273f7d4e43eb7b583e2de67958c80,fe089c3dc42c4036bc1629cee5ce74b31c42834f,902e60945d81d3b396c34f0f6fe88c9aafae1bac
fe089c3dc42c4036bc1629cee5ce74b31c42834f,ff86aee04d76ab451c171b6981a303512670eaaf,ca6b3e6e41dd252122bb26982db957c028fcafac
ff86aee04d76ab451c171b6981a303512670eaaf,4561f6855d88313f418f4c6d9c985592b4e0b330,abe8728602f681a71f12c072b8d5efdfd015d2ac
4561f6855d88313f418f4c6d9c985592b4e0b330,e1fe374b363dd3342c65d9c3ac802a063fa2d8da,0da0e73bbc4a9b6c7062f995398b0522ae2ed945
e1fe374b363dd3342c65d9c3ac802a063fa2d8da,27482ddbff912804ccdd169e606b9ad83d1c50a5,0dfe7be8a3e4733d64b59179c03eaa00f5a80613
ae30c2913b3bd3e53b46251727de6f6fc5c78810,28c6fb4b8d4e8fe0f3a7deba886f81217ffc5722,620f7d6737f1e2cb80fa05dd0b3ab0f6eda03d34
28c6fb4b8d4e8fe0f3a7deba886f81217ffc5722,53d04625cc514379061e414ed4e08d955fa81394,c99f38faf913859eb410b3a482bb2b2db036297b
53d04625cc514379061e414ed4e08d955fa81394,b1ef67dbf42968796d4359f70d48def809b4b07c,d278695b698fc0be53f6edd65d7edc2ccbb09e71
b1ef67dbf42968796d4359f70d48def809b4b07c,7b601abab45e04bcd16714c7a633ab31e95340f7,a132e7786a865bb559e8961e6c478b476dac014d
25cd794c4008075033042a1314ff0334b5d35975,54a703f5e5bcdf51a822603e4fdb376d1a5bc85c,1894f0116b2884a8fb247c7cda40929d1995b6d2
1894f0116b2884a8fb247c7cda40929d1995b6d2,4bdf14d5a59d28320380eca66f02c02b570c2012,5185f83934502e9d356eb97d8fc2ce0c6a1e7663
4bdf14d5a59d28320380eca66f02c02b570c2012,a5f7afcfabd3f6d6add2e7a72e648b2554891fab,6ee41034b34101e2c69a1fd23ebddfd520a94389
a5f7afcfabd3f6d6add2e7a72e648b2554891fab,21ae1a545907de8dd8a0d3e60df5c5fdbf2970a2,5cba3b425c5ce834408869bc217645bbe7f4e187
21ae1a545907de8dd8a0d3e60df5c5fdbf2970a2,d434075fc9be86bf6fb0ff4b31e125f6df6e46a3,88296547f361fc66d373ead6851a73c2136e5a18
83d91360e92ffa1159ebdf4d7dc6f560839947c8,d863939f51ca2a053d9f3fa5fec5d8855e0922c6,3ece4cab1b44e829d67eadd18a03248e28d6a9a2
7405d590d54fcff15cb05ab9b7921e9ccbccb1ce,d9a832aac02176138f7b116d0eb95012d09c0d35,e6bac09a44a6af6f039e8ea64474b19083f92e0b
015d9bc27d26276ce5648e664d55241799ffc6c9,d9a832aac02176138f7b116d0eb95012d09c0d35,d863939f51ca2a053d9f3fa5fec5d8855e0922c6
c74215929b5d3918411f3c607dbaba6f9954b825,9bb81e95c4e475c2226231f731475e47c2e14793,847a4bfa2319814f912e4f8ee8342eee31459b4d
c9ef209bc1c0112f2b87f4b05cbf9d5c4bdfb3d8,0b89f7e2637b7cb35989732e8b7d458518f4ae17,a94835684aafc7db13bb5d51ffdff8106813cc6d
a94835684aafc7db13bb5d51ffdff8106813cc6d,7c17442706b830403206d0e1106c3a49ef47510c,48175619b69a389c4fe2b3245169a810c35aef70
e67bd1fb087b811b292f1651bb9a6084dd3537e0,2ae8914b3e354e9a6e2a5ec3483109d8b8022ed0,4091d9b2905b00247a85c6c056c63c1c22a22526
4091d9b2905b00247a85c6c056c63c1c22a22526,071f0badc93af0a471f3a9063288b78137e288ad,72ca9685f94bc7e4abc2b3424d2c44f7fae15b6b
c227486cba90e6785a4b8bb1e7619811242a42fd,92ec4bc041fd60492eecd1d670b1895ffa1d423c,0661e3deb144840cedacae62346234ecf4ef29c5
0661e3deb144840cedacae62346234ecf4ef29c5,9955b68c0434af2eacb555b0ebba05bd37d33e56,249eaccb300fe40a63cb6b50c954312519f145fe
249eaccb300fe40a63cb6b50c954312519f145fe,5cdebe7d10e86e110e97559543f1bf40d4af35df,786fc1e2e78d278e172c2a559dba7dc900b10e59
16b6c2653a6c9572258bb31a0cc5cfe4ece3ad4b,7cca1f12a9cb17b0b9653f9f7731144d1a517b94,7dfa842aed2d773ba9a449a0ca1fb1d916bc33df
7dfa842aed2d773ba9a449a0ca1fb1d916bc33df,8f9ec9364b1fd9e56a3b3c18668a540d72f4fc3e,7cca1f12a9cb17b0b9653f9f7731144d1a517b94
13004cbafaa47466c55dc8ef30f070b059994787,901c7b8f32b5e1dd7ae77c63f3e568919fb6a506,0ec08890b15393262fc358d5fe70d0b920c45e70
0ec08890b15393262fc358d5fe70d0b920c45e70,2efa75577963e8cb385938df650acf2612a4186a,d4a971923d4f10299ec68060f2e9accae851f21f
723305219cfd588ba1d22f26e85e87980653d5ba,490f910bf95ee46688aea856d5cb92c88adead1c,2efa75577963e8cb385938df650acf2612a4186a
4cd3e79e8093a51f73603379da5f87ea67038837,b71010780a0dc68b0c9814bd35f6dc84ba8632aa,b5d292b7779003c88341f0d30576bd71093a41e2
b5d292b7779003c88341f0d30576bd71093a41e2,27b5293c13074206f7137a667155c6c16014fd18,8169d7420786244ea29279e0f590dcda8441a5c5
42c7ba68814164dba796ede67100d59489b2a5a5,27b5293c13074206f7137a667155c6c16014fd18,8aba2b9c4644a187c062a77367646e7dda21677d
2beaed2df96c8a7c00ab1d5c9f2d574380cbce36,900cf77aba97cd758646b2a8924d0e8849bc89d7,1813fe4223a2d099ea494d6064c1b36feb7d9e54
81dd47672516852e6defea41d5a5781007e26d0a,bf85ec0638b1db273d5e4dc4ef436b0cfc41c28d,67bf6f74c5cfba9d7038d5f348d7333930f3fa9d
9dc90d913676b56d0529fccf21b57ae36b6eb5f6,ed41d8cf6a01e9f3d9420c6cd399ae8e68a9aba5,00be7e499155c939eff747f858e2d9c42c6d0c2d
ed41d8cf6a01e9f3d9420c6cd399ae8e68a9aba5,1fd96736fbf6eefe85b76fae23c0522166d82e8b,db9730a308c41827e7677e12ec78a0e24faebd16
32b4c745ef9ce3b28916e153e209c55ac05d17de,60edcf122dcb1718c1e412552a420dca8b1329ce,3e432bf488477c95905099814d1690bfb8d2b01e
db9730a308c41827e7677e12ec78a0e24faebd16,4e3a6a46634ec11b527d7e7512745f5f2ed41a89,60edcf122dcb1718c1e412552a420dca8b1329ce
18850970aefbe57355e46b1a6b0db529a34c097d,15009b5d90679e1bad93124d011b6b7b087ac2bd,045bbc0538f2d66217f6e18529ed855c6dd4b532
15e1f4d38fa87920e73d93bf1092648632832540,39acef3264ca55356f4e106957ee5fba252dba70,b92301dcec459f364551b089ec625805a4ad9851
740bcd68c6587ec57d658d3421d958e0bdce3c84,c8d135c4c648da695b0b3967c55749f7fd9999e8,f7a18b4edc9c2a417c6ed1ef4a2d631b258dc2e4
868655a39fbf91ee67c27483c056021c42093948,37fb90f5dc0b9b0d616e51e6fc387707aa69327a,6616c9e9314a73ed7d23a76eda8e82ecc697630b
02b35e437dadf5e2ca307dd146c0b4b7de2ce1e7,6ba9ca459c00cfefd4fd8e5ed322e5dd953de67d,df2892231b465cbcf9d7a689fc0cb14a2426f224
6ba9ca459c00cfefd4fd8e5ed322e5dd953de67d,ebfb01869e254fb3ca58f8e6a5f2ca2504046c6a,9dd80152744c1409840cb1d5a64c68dd8cb079b8
ebfb01869e254fb3ca58f8e6a5f2ca2504046c6a,33c53a56ac724ca260f5948210e48b0b3f45f093,8c8974f5d21e371c8b5e18e1dd75dd3ea8c15f64
33c53a56ac724ca260f5948210e48b0b3f45f093,6e963f251301ef6e36c7b896ff3732f3110c780b,0421c2b3e34227d71d4f4b0e2523fad74ac73cf0
6e963f251301ef6e36c7b896ff3732f3110c780b,5eccb281f8df727199dfbab2d6c353d5ee1aef4c,0ec27ff9f0bc7d2bb0178ecacab4b434e5aff927
5eccb281f8df727199dfbab2d6c353d5ee1aef4c,f6a16d6c8f351103f69f6a202e5e9987ec35e38f,48db7d87704d82aee0363662e2ba82a97604ecf5
f6a16d6c8f351103f69f6a202e5e9987ec35e38f,da8d6aeb2ff7af1500cfe45a9e31a5c107d8775c,7d601383d21803dfba91f21b3d04a53dc8bb6011
da8d6aeb2ff7af1500cfe45a9e31a5c107d8775c,50c3d28322d995d4092927d5e6679539b240fb9c,d8a3218ff70ee25626b23dafe4cd94ceb8e9a16b
50c3d28322d995d4092927d5e6679539b240fb9c,b4d05c1b264b047d9c31d48378f120751e86bd68,1343644ce207305298efb79343d0d3985649922e
b4d05c1b264b047d9c31d48378f120751e86bd68,043af6cd415b0d77dc442ac862832aa677158053,40cdf71f07a2075d72af8506a391e6af09186381
043af6cd415b0d77dc442ac862832aa677158053,3ff7f33cfc3f31a6f0c07b5ecdc7974a963855aa,e1e4598dc958464b043027c253bd00af0494e32f
6616c9e9314a73ed7d23a76eda8e82ecc697630b,43c354d6681dafa65d1b75a1c584daf0f6263a05,9da313486676ed78a7a391feb57a71582f9dd8cf
43c354d6681dafa65d1b75a1c584daf0f6263a05,08b022d5d5a3f4f69f14cffbfd5f70002e528681,b58a6b17c86a4cf37ef4e865b9f6393948c589ac
08b022d5d5a3f4f69f14cffbfd5f70002e528681,129266a6ae1931c3204ae6ef9a33714439335d54,9d19db2bbbf3cf27dfe6244cd97a6605fa966d6b
129266a6ae1931c3204ae6ef9a33714439335d54,aa98c577af08d6cde6081fd26ae89de12560e0c5,9d74523e752aa6161a30be30d3ace127af43066b
aa98c577af08d6cde6081fd26ae89de12560e0c5,340f544c8e4ff4afcb9ba3d815ddcc1cf7e3fd32,3835475b19f7eed1a02d485a9199de1cfc1fd6b6
340f544c8e4ff4afcb9ba3d815ddcc1cf7e3fd32,9e2dd9343511b500d5d22450336530291b2d3118,37b6bf879115c1195e1332d33b65ff0f9ee75e79
7844471a0cf5690791fd3ccae125642375c11cd4,33fc7edcef1026040cee8ac3fc33e46b47d75471,6867ea693e4dbde657c34768c26ccf667d1f2da8
cd949caf1652daba13f88f89e8e5f1426fd6c59d,ca5f59b97d5dbc5df5766d47d42d91e8d1c7e32d,cde0cd40d4d0c459110ebffe337d779a8dccaaad
6867ea693e4dbde657c34768c26ccf667d1f2da8,0c03b2794b0a7afe46913cbcefa17e380487dbcf,5022ce3eb40440cee2a4fd1035782375114287b1
4ca0448fa90868c2b0677fc9f0748e8d9ff5a496,3ec2e500c2214462743f5045d74e91707f531af0,6ec05d686bd1747ec3739287f531cfbf6cef09bc
23fbe550247fc92fe8f00512fee6c6d1ce85a4cf,7ad5580db318e86b47103490238410529cd0038e,e75bfb274ee493f4eca33eb2d4d142bc7c8eeace
e75bfb274ee493f4eca33eb2d4d142bc7c8eeace,4672f4b6ca433eba58fe53e1494dd4406655b94d,0c03b2794b0a7afe46913cbcefa17e380487dbcf
fd61caaff6dff1f07b2e04cfc516d4b6fd1c2a79,f621237ff8bb47198a5bcf7526c19a3fc1aa84fb,b8d6f750abc3f62fadb2fd685730a35d126ff8eb
3a8fb19cd33138e25b7cd118ff6c9bd03e33631b,b8d6f750abc3f62fadb2fd685730a35d126ff8eb,5e918172b2e33d612fc2f80a28716415e3d88366
eff85fb985219a0e1678a4ebe9882a11dcdbbd2a,3d88c7a5ebd661e99e7943e01cf8426c135732f7,4e17dfeb156bdb596c641de3283ff1d732f65893
37ca61f8d10249071757d4f4fb16989525c2a035,6752bf5cc831e69e17572e91c3a8958ede8996aa,b8b06c75a44ec5c282127d20c3fc70580439104d
3dd43d675b2dde4a483c0e03d7c8aea6dc156863,d51729c49be84added7201248b163c8376f04042,bebc9f5d4f3af7622f18b3cefe648aea0733cd65
6752bf5cc831e69e17572e91c3a8958ede8996aa,9a5b562138b2e03cbaf1ba42a94dedb6038ba549,d51729c49be84added7201248b163c8376f04042
50fa59e63ef1f82cdf17727976007ec80e830f3f,d6d8dd0dcec71c5d755a27df2a1a8ea4fb3229f5,4983f2c6df26e02ee43715aac238666393f990d9
ccb051cf5ef1af4c85663ad8318ce7b0fd2f9630,8afe71bf7635736f4ea627a7ee5398389ff26d29,200b20aad88142e64aa44d1f37e4094ea84b1b16
200b20aad88142e64aa44d1f37e4094ea84b1b16,a54db1e8bfa9c8556fac66ea86848c7a45c3140f,7a410c57ba52ac4a827b210a39ef82840bed83df
5fd13d959340a5bbc1829cc498ec4af89430d3f0,7472209eb2b71a0be8f70ba0220b53ab36f4c5dc,660b0f0f3c9e09c6b9d4ecf52ca083c84cbf7be6
660b0f0f3c9e09c6b9d4ecf52ca083c84cbf7be6,7eab35d82980ed107d07596cfee1138cd4d1eed8,764767a017a9441b5f06e748cdaed0f501e14d14
2185020fe15c6e909f054570577e187ea5fbc72c,13d5dec998e554389a0b214afd3891ca831b06f3,97779bae8befb152bb1c24aaa008dd10c2116889
97779bae8befb152bb1c24aaa008dd10c2116889,467087f730b58680df768d5601fbaac91c52b6e6,ef5d9ef6c62c31f585d45678e42da0ce73b1c36e
5460532501d043e13276fe2616b52cf94b5041df,4ffb9da3ab9adb019efeac0de567a6e76a9e6129,13d5dec998e554389a0b214afd3891ca831b06f3
194c4fc0a1903751f68a170973a0b610991b4e90,d2751d839e675e7e1e08462106199d2451b90595,230f4527a286cc5dc6b17f754bee0b02720da99a
396de28528fcb3304bb7b0e23cce3ea606ca32b9,36bd0696c55acf26a3baac2c6a23e56a4551b4b0,4baaf99dae2ea723ea12cbc5f8634d1f566dfe24
d2751d839e675e7e1e08462106199d2451b90595,03441be565fa19517b3b86e98188f427256da43e,59399a696791e3009555ee786dd46fbbcf615447
eabd6fa706fdf4f699c3d8af0654ff343750d49a,c8483fb8da54cfc9a320123ffb1e456e9be7fb43,47fabca15f5cfa25d94e939cbe8bc72afd06860b
02ca4d723856c7b171b2faed1ab7edcbdb26493e,bc7fa9a98460d0edf33f7d5106e8398bbe7364d0,550e0602388de2b3066c5b030362614dc1210bc6
bc7fa9a98460d0edf33f7d5106e8398bbe7364d0,85131c19ab52082e8f3bd362a302dae09d94ff0d,8d81c2c63d26a5b00a429b4ea303887852ea6efc
8d81c2c63d26a5b00a429b4ea303887852ea6efc,b87a42f8847b2c8691650b98dd5d8dcbc33c5c4e,a4ef6d3c5c74bce63079048bd27bca6b1a97265b
85131c19ab52082e8f3bd362a302dae09d94ff0d,0497069de84e33015ad6064f5829d9689522fe2c,a4ef6d3c5c74bce63079048bd27bca6b1a97265b
0497069de84e33015ad6064f5829d9689522fe2c,59e338a6f6ee28d7c91a53ef751c4fd259acaa9a,b87a42f8847b2c8691650b98dd5d8dcbc33c5c4e
b87a42f8847b2c8691650b98dd5d8dcbc33c5c4e,5bfae9db412fb962eb0fd6122c77ed4cd8c09cbf,a2e78e1a72167bd252a76d57314d891e6e169ffd
59e338a6f6ee28d7c91a53ef751c4fd259acaa9a,ef9659269461f8eecc23ad0c59ee59729fb21645,5bfae9db412fb962eb0fd6122c77ed4cd8c09cbf
5bfae9db412fb962eb0fd6122c77ed4cd8c09cbf,c6c00d4a349a45810981b9c45a17c1420d4fa2ea,9fa0b63686bd37ca1c48f36cb355a172edd384ac
f71c9d25eab0b2575c012c8c5315c379e4ec0c30,3b83d8380a9a9ec0dafe3a65561c0b47c3b1ea74,685ab6219d831360d35a3253cd940526e5462da8
8319fe5796edf9c82b20b1ba5b3f46ad6d42cf0f,c13606db14ac5dffb92d2469f7c486edfb74b4dd,91f7a8631fdf40bc800ab9f669893396506b822a
ce180645d10ae803b3693b1677d5707908bf9ecc,843577aff8938c9fe9b04e5cba63b65e961bec0d,517963368541cb76eee1c73ecdfde3f351b4548c
42c155eb1bb27f6049ce97a94ef6e9dcb684368a,3c5990d815c39cc7ee75f9208769a7f40ea22ad6,e7782c1a081e7c94605c1710149dd40a58e620e1
caa6b56c733f5d84b897f8929bd4b9b68fe0f6c0,f63cd1b732471fb1d3808618c3109f2225835e5b,3b8c364ff4230cbfd781094604fc0ebfb1ff8c5c
f63cd1b732471fb1d3808618c3109f2225835e5b,b102af9edda4bd42f9f49a6b378b01e63e2d963a,3bda8b90f28d680a74c7d2c81fa4d16e0b70822d
c0db3355392b95d8963c5a55d666a9af3db728f7,80997967920d2d0aa218415518ddbffeddf1c99f,6ff087584d4f96d670a7ecb831a932d169e86c32
aea9036ee2db443e7a3cf7c20d244ee8eea8bfe1,d9cca0320f5cb1e39cc9322811f296b4a8e86305,0ead511d7281d5d972b06989d227408dcb62d40e
1522fee3786c5b1f1bd4ce7e4ce258e0a5f0b37d,efeba92bc8cac4bbf883ef8c4a3146c3123b83c1,9fbe68c8d8f3c78211b67e7dd2c1c456d287772d
f8092dbba515568cc3fe0dacd902cd37bf5fc277,1969a038d3410acd166bc4bbbc41e4b3da1db046,cdc8e73b1b07fc662304c1c407d8fd0738b70648
1969a038d3410acd166bc4bbbc41e4b3da1db046,4061294bd56ca836b241a78659cb7972ae1b1b7a,213d870d7b16e359b79ffd904c16dad742921944
561fb5afe1e0b0a908cda70fce87f63078fdf441,ff8d93fdb18c58a067c2880cd64735554ce606ff,08b23cf37db8ce9ecc0dcc8c091480ec376e9d20
4061294bd56ca836b241a78659cb7972ae1b1b7a,552758c876c2d4e2218123449bcd77b498559252,174592207e6955893fb5ec176f88d8493e35222f
ce3de0d95c0e4d95a0e57f6e3ca3e87ef1c94203,9b941caeda2d47c2d4f4dbe31ad0d51873c4803e,e47e048410ca08046f574bdb4809ef545d7e2011
9b941caeda2d47c2d4f4dbe31ad0d51873c4803e,646c54bf624506c094b1f45eb18cadc22c4aab98,df6585c8ce79ee304965ff7390b9567c9fe0e88c
517963368541cb76eee1c73ecdfde3f351b4548c,5d7570bbed2e08accab1b2b3c6f8059d97da0f44,5650e9cde93e6ec8862dd1aa214c3e87c536b05a
d92428332c34d2e7ea172b3470274309f80b118e,d31e83fd28200bbcfdb820b1cd87eaf8f81e07a1,6d99aee7b9d2f031f51f84d9e714bff44946bf83
29bf6d9831bce42a1ed89b72526967fbf1b73903,229cbd5121bde7f5db0a797a082669d1ed82873a,c2f5cd6e56edb2e4c38e595104f41fd50c5a71f3
01db0e97514760ce83009589be917fc4575aea85,44ec8ab87a94158760dca74325f06e3f8ac6c447,535993aa7c972810b2c2002df15c7ad4ddf6cca7
5d7570bbed2e08accab1b2b3c6f8059d97da0f44,2ed8169fcfb7f015d71ad21bb9c008dacfd734fd,3b8c364ff4230cbfd781094604fc0ebfb1ff8c5c
de8380e1441b8f6075bbba68ba09cfc4ff170840,683eb18ce196a7eb494f060656098ac12d604b65,1747495cd96c235cb16197d801d8df9483c6b78f
2ed8169fcfb7f015d71ad21bb9c008dacfd734fd,c51ccd122ffc09a1728fe030fcf06480ebe56330,1ca88b795647321378c6759a4237c141715a2a13
9d6f842f7125894e589030410a19bd66e28d12a3,60e2f85b84071ab3c9992a3a76ad5249d347dfa9,3cc8bec2c3eded6202c2015b1298051895d18a71
9c0eb46f4a3184b835ce67c567f8e025296547bb,799b06254c7c711f79a594605bc8561f1404fb98,88fed7306d3020deadebab619633649182cc0b22
c51ccd122ffc09a1728fe030fcf06480ebe56330,def5fa3cd2b3e64961f61dabdd7f494df1e4c4a4,b1a7d2211c2e5f9dca7c3425439f2b273aba3b89
def5fa3cd2b3e64961f61dabdd7f494df1e4c4a4,71c14ad24d0478eaf8ad50f596eb13a2ac4351bb,0e6b742dab2bb9534735062fdcc80725ecf09469
71c14ad24d0478eaf8ad50f596eb13a2ac4351bb,9cac28a26ab65022ec4f9a9ff33ca872583625f9,0331d2e6508605ff6330b515e6702d7a28e8395d
4abc8906a39f6120dee0fc07c845781ab8b4415b,e182e081bf595e783632aa3c225e3d9c5a756792,058503a0be1de9184737f849d9beb6fbec0bdd26
058503a0be1de9184737f849d9beb6fbec0bdd26,147168ca9b45c4add6accc966d727d75f9ead316,6b86e1d218bd3be222bb342ac662a7cc600d1bb0
6b86e1d218bd3be222bb342ac662a7cc600d1bb0,c017c9443c253fb239dda168dd633c846aa967cd,579a9b1cf148d1299dd01cce941454b21af2069f
e918466d5773c2dc9bd3ce6ae53417570d796b2a,e4b46f3c81a747cd1bd4903254b482347d382b89,3fc286a3aa9e5afd0d24323a7242ae6b5a803d9d
688518f7f17e29d09716f24c8d52a909770f33b9,493160f13bf379aea24c901845170f2a993e8e55,9227616db2b4dfd15c9f8dd0093325b378f7cb65
e6ea912eb66c09e2cfdf37760979e9f470ea573e,874e068d9f8be1bfd4610eb8fd7896b377d719a3,c0a0c8b2f06ca4a34e6cc2ecc9f96c8bb0e48863
5e5ba5c34bf24ac4695361f1e3d9cdfc6f965f69,4c3554db5d8bda1b4911b0144912e4f34fcf707b,f84a1bfaa9187c77a1c75ad9ad99131c7993ec22
9122285ae53d9582069378890504f24b88cfd426,d10350455efc93e205d0363416b4e3e557754605,c1db47499111885073abcc593b27328529f53512
c1db47499111885073abcc593b27328529f53512,705f7efb29968f53884d8019ddf9605b0a58980a,24b949d931f6ac282e31a86ce2dc398d9c3fba60
705f7efb29968f53884d8019ddf9605b0a58980a,9d13fb73a425149cd0e7d351ac2f2862f06f97e2,683eb18ce196a7eb494f060656098ac12d604b65
c57626ad9bfc3f791520202c1469c4934ebb99c4,1703cc428a961c6a3ff97bba3a15b07687a59d12,abeac917daaab30de8bb4b4aa40eaa9062050797
086e0e5d9e9798b26d1796c8f968de8a7af0ac2c,47767c44c88338c8d650f666db39f43a6bef42c4,2a394feab305431dac72fa3071a5a08d60301ed4
deed5470f3c6885cd5c88134a61418d8ab46c235,713df676f7f594c422a03a0dff04e8270a7a4822,104921eb6808e6f7483580f7946b8fc3bbf6ca85
713df676f7f594c422a03a0dff04e8270a7a4822,364f689fb353b8c1dd2c95ec9bbb561543b5b560,e2dd47bcc25975558a85f59a43c71c9790dc1beb
65b97714fa5955394329f2f565ccd67760e95ea9,a9b6f3ab095ff620cc8111ec61a5e194a20fc54c,90e4078941044ba866f8d0b75149765c65225331
af8b13dd483563c9c313d434dbdbfc6b7c122fe4,a437d1ef0eaf1c9db09e1f4399252d3622b10cd9,90e4078941044ba866f8d0b75149765c65225331
a437d1ef0eaf1c9db09e1f4399252d3622b10cd9,bd0aab25cad84d0deaa1335289bbf0ba15ddd626,577a57d4059bbe19720f3c78f43da6526b65aa0a
1ac80d87c872ab10e735a2d2014fee76bef26f32,a6c18a730a319d2e4443a8bc09d1a50add3ae3c5,1097586ec3ea165455e4249af5c0375458c639ee
da6427cd0ffbc74e3828878fbe5cbce8e67a99d1,a65b5c4988c09e004a19fad82684badf92becbc6,0e219e5a1bbf7b3efa90904a3a16187ae0163fb4
a65b5c4988c09e004a19fad82684badf92becbc6,8b4d0250c960c862601e06df0731a6fa6bc01574,ba44aa30533688953a1f8bfc6fd32dc903c446e6
f108de0bd1fe8d2b71eacb2c64fda957e893682b,0c422148d98e2e90e89c7f0d4ae50002fa1c73fc,d690c17a2b0ef45f851804b51721956175aae612
0c422148d98e2e90e89c7f0d4ae50002fa1c73fc,f00781535bff5d3da31ae460b98a2e760a9868c2,766228180963250c862d001a9c091008eff618a6
f00781535bff5d3da31ae460b98a2e760a9868c2,a10c25b333f4ec191967b1f2c7bca71c16978be1,2350f4a60bb173c05d7502392ba90e7f4b01cd57
16ba25c7f19f3f8872106f7687ee2d56d4e51b38,034d7f8b5048f500431cc3a1ce587e3db52c4bdf,ba59c9e0197c4d5a85d63793fb5669ab420fa302
6a6e0d73296c855f538058d30856a9e75fc0ba4a,76b97fde13ce4d09ae2fc53be456abf4b5206908,7e9b8c013c4d8e8ad5775062c438c842bc112585
b682cf6ad3f6ddae1ed5bf54ad7880fa43028110,d6a3043a988064bf6907810007c69b9b7e204d25,43e86f54052854bef72e75ce369c9d629d6d5af4
d6a3043a988064bf6907810007c69b9b7e204d25,05ba82c0da7b040c119af5d00907e4b8183cc32f,6bb9a2dd97e54fd577b42ba05a6e5b98580575e5
dd94b599fea4c1a2d2c6b3a613c2f8bdf9425f4c,ad288b96f43a04024c278815b5b93474043a0342,05ba82c0da7b040c119af5d00907e4b8183cc32f
ad288b96f43a04024c278815b5b93474043a0342,f41a4db9b9f5308f1fbbacba4fcc5ff7261744cc,0983d3a40a9ebb29337faa9c4b2da145176ea85e
18b6fd4cbfa18c66ddeaf48e4d2beaf7418d43fb,80dd13db90dc026e23b30bb2b8bc615373df6aa8,0983d3a40a9ebb29337faa9c4b2da145176ea85e
80dd13db90dc026e23b30bb2b8bc615373df6aa8,833d4391f45d35595222db94cd617247baa1d38b,93ed2ad2266f3f0ad579c529df1b48c53e373a97
aecb504863901abd832299ec3b01ab96026654d5,218f284f1e05b80b1f0d77ebb91ab2f5c76095d1,d1aeaaa9e034d004fc4095af638b41a9e3a3ae75
218f284f1e05b80b1f0d77ebb91ab2f5c76095d1,7d69723a2db4c043d3d87b427399a54281717c58,f74b4def45bfc07c21f3c3225c7977b10b5b4966
aeb3011711774d9d0e0e3d286d99e26a9c7435d5,db144a9290c3ef167bb04828ccd3112fd9a9c7c9,1440722a09b6f87fc07ae1dbf0999be4b2e786db
aad23db0f028c452c65e6e7e51617da01fe1311a,37353cb7c23a450d797859c33d92b42ed0c84736,fb8bfe4a6ab6568752853e5b397f215c0ed7046e
fb8bfe4a6ab6568752853e5b397f215c0ed7046e,9c402780494ccde0794082b0312ae79059764e0b,46810781e9551653c7305a40ff698fa409e4b4c0
9c402780494ccde0794082b0312ae79059764e0b,c1804b29c1ded10e0f1bbf60bc2d3d5cc8128a92,67b32ed686d487abe4aa15a9f122223557a65664
37353cb7c23a450d797859c33d92b42ed0c84736,bd7d5b23639b46ea6c8a73114905e59e4de30983,c1804b29c1ded10e0f1bbf60bc2d3d5cc8128a92
c1804b29c1ded10e0f1bbf60bc2d3d5cc8128a92,8071617d744de50a582e3f6787bc65b2d0918688,c6c89b7e0723a3ba92522a3b2c98dc9d2d651536
67b32ed686d487abe4aa15a9f122223557a65664,2ea1c6f0f36d5bf34829cab2b01c87964a5bcbaf,8071617d744de50a582e3f6787bc65b2d0918688
bd7d5b23639b46ea6c8a73114905e59e4de30983,4107b774bcadf3741001a103fbb7c16ee0e7e182,8071617d744de50a582e3f6787bc65b2d0918688
8071617d744de50a582e3f6787bc65b2d0918688,d5a44f839fc9f76b4c8ab83d41ee17ad5cfd00b5,7834c0ffbab321ca9e9d663f66257c90eb662151
d5a44f839fc9f76b4c8ab83d41ee17ad5cfd00b5,d04af78f91e86594339873dd5c8071d3eb22e5cc,c2c1f442208209919af56421b54efd5cd833c535
d04af78f91e86594339873dd5c8071d3eb22e5cc,ae0a00c8779f4232d2962ce20e93cc0a4f3dc61d,8632be22bea0eeedfc4f60aaaa2a1d00d6c74aec
3ea026ab6d803abe375b816af06abf67e3984d6c,bfcbd0c764482f4810b2a8d96d40558ebe697fd9,2effb06d9ee6e109fd411500eda3c19f8a731069
bfcbd0c764482f4810b2a8d96d40558ebe697fd9,843d31229f57c17946b2fd3f1d23deef66b95e1c,c81218f315d61d7798f27007b0634de0e768b1a8
843d31229f57c17946b2fd3f1d23deef66b95e1c,569b2a0b0d2a2d79752a930bbd65b07cd20cc4b2,96d03f575d8169be46ffad1a41acbf9ce52d2420
569b2a0b0d2a2d79752a930bbd65b07cd20cc4b2,536e4fe531f399a43ad44f6645b51dfd0800893a,920718553271b3d3fa3e010f686422b538ed63cd
2572a1ed2110f6075b77b4ba4465015e59603961,1327ca3f8625c747e293d8f2dcc0f14d912515cc,80f02aff8ce409b60185b51e6840048a1e6009da
81bccd2eb35b0482d379721a5884507caf36c742,050e827f6cfdd4bf46461fae3d92a1c0f68b8a51,8415ee55d3a6edff780d64fc5fa02216333174ab
9d8403874e7f89b3006b22eaa48379e8539cfdbb,f8fbe286aa64358966bd7e9e6f71e863ee3bc68f,f8625b9dc54f081973f5a3b7129072921d03d6e9
f8625b9dc54f081973f5a3b7129072921d03d6e9,0e952baf3f522323c137237913e7b482b1b9fe35,79f17c202ff0f36142c12d45986b2958e1a74ace
0e952baf3f522323c137237913e7b482b1b9fe35,7db5fa353062e6b47d52ffb2684aa50cf6737a58,d1878bd2c083701c1ed49cb86d08902ce2fc381e
af6e87d38a766763beadefdf446988bd6e31b337,0786356ca5ae690a8676d51293e3c7cdf1250f91,ee2d3ee08fe80a3a2b2f90fdd35c6c2add1a90c5
0786356ca5ae690a8676d51293e3c7cdf1250f91,aecd1479af89b8c18a88d2a0db2814ff3623149c,a89a5ce29a7c6c78d337953479097b435b69fea6
2ac200ead07d4be299466b2513c9e9d1b760c66d,2a76897f8f15ca7d033d1e1193c4987516e96840,aecd1479af89b8c18a88d2a0db2814ff3623149c
2922f6ea5b6c2533996ce7cba7e4b8f9f2a97b67,24c0b0f7d535006fc1cccd941a75d32116492b64,cdb68dafcadefb385ac23003bbf25c462c75c799
1e4ddf43d7c43437d356fc349e44db8b95307a83,d0d5346535041f5a92f18e141072055745c64d16,112fa2831150786d192a7451fdd23a54525bb115
8e0160ad5f15f3c9d28a38c9b2c7ed1fc48e9f8c,884fbf5dc22a42e573dc79b54c364db56b8a13f6,5f79dba1ea8f6fe23046afeba056cdede9967166
9a67e18e0813655bdb9d7f4eff227243bf232a16,826b938c0da0c9e3bc72ee04e19a9d9df4c3341b,5bb5e161ab13fa371dbe1213ffa9d77a278c2d36
66b38c9c2370459dcf3cd6efc001bef4ac7c8771,281a5a2b60ea5c312a4f8056f946e58b20c4909c,f83e6eb16bb3c152b22d703f7e69b70eb198511d
353f4354fd0c08b761a34a1efbfabb0ac9885ab0,6db030bdb46c30319ad472925748220cb7bf8775,0c06df9daedf937a08054eda007b46fddbdd7e0c
8a9c06bb4ae7ca10f0adb465efb70d6529cf330a,55989fff665cc4c46bbd1baef1ddc9b002859ac3,dc8c8527fb442f44b8c37875947d38e6dbc59a68
9a900847409064b9d05bf0c4b3b54ff1be944747,c65c16b9c83d00d072d7a255dc4f3e1f02f7f134,4ccd78f1fba741d73469b4b217e4657cdab07499
71d8ac3f3231893554f764d698ce0ee2347c9e69,229a969231ff3aeb2be41a411642f64c3ab9b2db,6abd87456afc69e8ab58f3560427f84b606f16a0
34a8106b86f90444d83e70468c38636f9aa18fb6,be07849c01be62b6ff6c331c62060900668b44e5,8b5c49281e66b3c36fdadd218ce3e6e245ca2978
c09abc9cfb2a9d876bdd583aeb40edb6219a3c17,8a846ef03078224de72ae6b61482a2ae1c8e67dc,ff6309d37b441c59d3c96dadccf16de771b9e141
b7f89ec7a7e5e41bb28d545bbcca11f3c9c5d15b,8fae9ec2bf37a27647450d18c191106293d8f156,f53e2db9b70bc87f38e014e683c1361cee6cb882
76bb81667db1cea680cc8fd1c282eebf97b57f13,3e5d1e4807e4896a2c6622c5cc71fb1ec71ea176,cdc6565da43c0753243b7a9fbb87a5191985d94e
424923641f678ff78ad8bab508d15b552e84946b,cf9bb41be678630a3d4c4ef79cdeb6ac0d1e9e42,bf3368ef05b950e29220215c98d8f30f3da6fc59
bf3368ef05b950e29220215c98d8f30f3da6fc59,6753cfb67f2c9d4a555f58580eddc72b198ffd5f,b0947dc9d9dbe007e0fa209826134e710d9761e6
c6a24216ec96afe930074b5f95384d913eb7cd34,506b78a8301a3295002118103b8ddcfca53fb218,55804ab32d3889a0566ffc85280fa6f75bc45a48
506b78a8301a3295002118103b8ddcfca53fb218,6a2c32c519a0b48172d9b306e1d8397adbb692bf,73107b2ecfc35965c0baf47e20ea5db6a07926e1
d45e50fc7e513092b026983db951f973c2b840f9,5307c8fadb1402a5e5bc61155019bce1b6892ce0,2ebef396734d8e01bad48bbfffaaee7177792e7f
9613745225afff42cfabd51e18a41ac237568a30,8c5b8229a0a8490df4ef2c7e21a14d421ebfb6fd,45dfa0691fec4eeb980655f11ae9c8c095cab1ba
f108fd105b31ea414893c896ced77f03a11b7beb,1c674642342c5f6c0b87a4f4d579051b7709c0d1,8ce5794aaaec2090748f9e32b1cc2c79aa259424
4cd94ff5d8e3859518edbbc8bd7297f698276c33,f123fe7f23114609ab255ed59d824285ab678e9d,44a3430ef261cce8bbfcfb9c5af4bcd957dae058
bd5ca282ecd42936db573d11ddeba660ccfd72e7,702388e4a36c27f8e43dbaa896edf01a337afa55,d4811353a6d5550183b440719e23ae1f759424a0
e35025adabf37d744d9d8af94502e5969a921cf5,ed80c7ad8841497e327bf87afad57e261734d120,cfb84209f2c8c6d03573980efb880e652e737aff
0d9ffe91771a7d779132abbcd319c530bd36348d,87c7e3bb1e3e83be3e527de717752b91a081b31a,444cd76624e9d0ccc8966ee415b2ff2881e1cfc7
61aeca8cbee75b2e3a858918b75463785b510f80,a6ddf517d3bd1aa47bfdb40b9e3249edfb22909a,3e9bfe23d6293fb6dfa756cac2f63ecc337786ef
42922868aa4f8fbac108fd7594727ca24937ad90,344ac53f62256e50e06fd3eb695e0faf5d1ad5de,6e209c2769e6f574bed01fbc186eb5b9e16a73d7
b7dbf22d45ed88c74e5b67494c360b095f114036,2d76b1074916a4b390d10f52020bca1b018abe35,0a6a6993b49aac40c093a62a5fbdfa7d1696a282
389a926dff01bb76659bad4ad23814efe4405f08,9a4be1601d2d3d9d1b442af9dc375a1f8dad8539,d6d21b387b0882263f810bbabae36abbdd1da4a7
ad622bb512afcfacc4eb308e01fb18ab35817d73,70f2d22952eb250c3f13101f2dc62becb8e10b00,21546bcf14e758c7d36c757162da8bca646a5eb7
97954cad8406dd99556aec0d9c818a44e5eb5bd0,ebea41d8dc3327276bdd8d7d8d6b2f6a756df3eb,0c82e3c76c831e5a04f530d2ea6828402e7fa75e
9b20638cce50698757ac092d48397639ac445470,12d0bf3612871c0f5380632ad155e117d353b310,34a28a2f5f0823ee0009364baaf13053b0d61fdc
7de6971105e9d41139c76072472714b2821e8dc0,e00f165760cd9476c41093cc10407601c845b347,9b5a9f55b828ad5c3cffff332e770324e70917d6
ae1e42ea1197a2c25eeff982ef20d8c313bf740f,0c8cf9261d8f3a006e4b9ad340b21e9dae4670c2,ef3a7aefb0aab9786ab6d5b8c58c19370d8e0b46
60f227dba05783b505badc69a2fe52953683a900,38c0a82fd5341b5529c823b5d384cd6e357f4697,eb1dda2b31e4d86ceeaa6219e16529be6359c216
d6789c0caaeaa93564b93267a72cbb31b9da5cb6,4507e22d372311b63305f92f6435489c1cd81abe,9deb24f0f2c6be967b579936e7219e8f87be0304
c1f546a5e75c66d2fe6bc040965eb4c181eaca65,0bdd782132d3fb519ae235bbcbb857f1fe768ded,4a7c0487ab3db4d195421537d058b3133f09d9f6
eb1407a39a4a7a9f2aec604b7047cbb5123606ec,631c067b16d145936a3c34af5177b60af385cc00,bce0f0f3ff5d910994a9cb427169ee6307a06ab6
c00625b2ba5292ba95f67bd870e58f48bd7c1756,06139a64cde94b32b717fdbebd7073e645781409,008ffbfdb0f21576d3d2135c53c566082fa3ca63
073acf3844efa20975272cfdb894daf7852b8a80,4464968c0448df9cd2e341fbf96976a4468554df,95bb66498f5fadc8f2341be5b5ff8d954e480c3f
2dca0a39c1ac8b326dbf6231907f5261737c4465,3e6ba6aa7f4efb8c3754f459d754b6667de57aec,e1e3f4a2a27a108a2ee03ec36fdb6a99413ebfae
1c6a2a8b30384da34e052adb6974352feb364e2d,88a7ae0a64775f8e3c1be0cbe020f6e48841400a,9c2c3c5b846678013ca9a607702161302ddf1a77
a8b080640f2a5ea3004103a89ae513da2ffb4b83,01795348967b38c96004662ab4d657700dee5ec6,eb8f9f48fb64212c2af04775811388cc149ed865
0f7ca82e1d7aa67262359d1c1311be4479cfc31b,b82bacd322f346e2657402a2ec53a12106cdb195,a6a93867005a8153f72ed21eb68558cd5bdd2547
7b00276f20e241fbfbe75c7ca167195efddb24f3,bd581612734c4ed388f1d60a0631ceff7ad292be,8a084354154b384b9335688d0dbe01cc88c71446
7b195d9f6d61a3ec7f2ba13d18d3f0027f590b39,862c04cfdf9a7d539e03603f355bbcddcd820909,d737029bd2cd33d6bb7cf53288db4476f4b409bf
2c052ac6aa978c509d6d08114ac8753ded5b3587,dff61c303c82c3c61bc2a22f36d6d3d6f6ef967e,5c3dff719c8fd972a03188f15e340353c8784b4b
2bd33fe39541360715407b6d2d2a7a7b3be80459,8d940952e990d85599a78e945ca350120990f362,8a084354154b384b9335688d0dbe01cc88c71446
8d940952e990d85599a78e945ca350120990f362,d737029bd2cd33d6bb7cf53288db4476f4b409bf,18713b6b1976b8841c3b9e4dda587ec796fad247
c146ab7787ad08e74bcd6f2e628a9c9656570b67,cd5ede7a84f6b4f316c8e1e41e8ae4ebf5786407,ac3392519d9ac22dd7640c8f9da7e7d883a27cd5
5b99f6159bca88ec5a74b220a1276fa592cd1a5c,5bbd533ab492b1740c6562fc40174f8603fc78ad,2b8f12d6bf130620f39edb0d2358061cfeea4537
affd81b0a46234656c1ba85a3541d04d87113150,eb313cc7ecca99432ebe614fa21aeb49dc836b09,6132155dc24b8aea3ca196fae3f80c9040db8990
f46328a585a66b939b9c4ec727533357eefc1396,2634e157cfd4d285aa38af992f3fca683bdda628,0355c9cbe5217cedfd7925fda9d5dfe25799d13a
2634e157cfd4d285aa38af992f3fca683bdda628,8cc955c29cc4dc7acbde79c7d84855f92089bc90,c9717f042770c532618de3a534fd77310e4ac1af
53401adab5de2e9027301bffefccf0c8dc3b3802,292256bab743684d113055e9b3a58fea06cb85ea,7b489cf7810255719a4e0d525f7694360c6e3253
292256bab743684d113055e9b3a58fea06cb85ea,35ba44bd9f57af1421bc0aab649fe99ff63d769d,a7c4b0fe06e286c2bffafebfacd9b2e7d9bed8d6
e91cf0ac25be70eec9fbb1d21b2ce5dad8c3c08c,253023d805330027031172b3e2b8242feaf1b792,a04cc0fa07b9cd01aee9e9f12453acfb725bc6e4
feed538cee62e6cc90e84e00b63a6fdafea27eba,c9011f5f22f842ee193462b371cc744ba728d0b9,8a26f292f146511346dd1cee5b03e2f4d9c037c3
251d8f69ddcd27f46cfef5547d49b2bbad306b38,ddf49f809a1966f61cd09d2e9fa3477c2b792032,f244c8a771304c5de7eda858046bcbfa7f6ffe7a
71c7fb3c51f85d88e335a1f266332ed03c8c0f91,7616098f5eb8c4dc13c015c7afea8358c5bc895c,867b030fe30ab9a53d31d51e32b351b29abfeb4c
9352d35cfcfed3f90fc05421177dd8d2e4cbda47,b34a7b409deccb354f80e71bf722347db1882b20,61313ade5d770ece74ac4cc4f4dbf847cfdc9314