b6dc381a94e1a840fab207a9a765c85853a26586,7244e45e68af39c519f76667a03039d5b24dd453,8feaae56117e0e591360bd40b623f2dea2733faa
8d88270cba5d061d1dd45f66f401ec530cb2f1de,d9cb073b859428efc2c729731a64a523c94c5c5e,91242527c33fb1cde610146fc694d3ea1d13e0fe
91242527c33fb1cde610146fc694d3ea1d13e0fe,de649dd6a8455d9fe99c369a6390819ef5e644aa,4933326394da4fba5a936addb05b5122f7ff82dc
0fd0361ed9dbf7f8471d513fd991da8d0e774cbc,1dda79156928e18ef69a69f5a7a8f5de2f35a55e,5f9b9d50d83ec9a7dc43496cdb6183665adbeb3d
ec3fa7239e48e84873de7b034692389bb48bcb5e,46cce19226e68cb3ed14a53ea7a2c83f163886d1,c5ce7d1ef93b077cdf7cb704b712242955717993
0730276166e15d2a164cd816906ea17a2a42cfb4,b5cd5634ffd6c2a78d360a7ab34ad5a70b7365fb,f70d896e1a93166cbb007e9e2135c5f8cf5edefd
4935be4b8a4bc5e94efa440e3b9333b7b980a720,32c724ed6dc43604fc41550bd817cd3ebf640d0a,07acde59483787221f21c48f48a30a152391a347
a28274c86e77c3fa5ca61fc2d1f6128e70425e83,3e6a4658a245b72b71e594f4eabec19ef102f64b,03f37a996b779b7e4f00d20aa072c71773b4dceb
7280ae00044e11c1a234348307fa0c016dc32269,51d08f92bdfe973b197c809b376ed5c6fd30956c,c5b9069d4ee0af7cbf99edbad42fc2a81df2d4d0
51d08f92bdfe973b197c809b376ed5c6fd30956c,894e1a8f926420319eaf4372d07a8f23a522a2fe,51ca9d0c663cae7ca64999138938062b150d9c71
d50f6c5a288d4f1e0d1bd406dc0ebb1b925b9180,1813b15d2c4bfdf6bc57b0afab7e7ceaa27c08d6,a155af92239950b52e68df4a5a743bcaa47bd65a
1d678a7cc531be23219b72552c257ea3f368ca38,44b98b051ad580ddfd3ca5e757b85ea676e0d2f9,dab64a2c662d01765352c0b67fab589210fb26bb
9db1689a9f79e93a54b6379b426bbc16b919a65e,c36befc7361cd61538294048c387a8a407b65dd1,33d9034a0c954849b8f9c52dcccf6b873d908a79
18dd2b97bac6a95cbbf40d17051640170a53e752,bf0f88b6bc67faff0a95b89f4d911fd2cfc08fdd,17cc510c66123b678509d2c8e4847a01db710176
bb9c4c6913f9b22d0dcf1959ea4afe3d648c5e44,9f96bf53adc04af1abf5649f0216ad33bd232a31,b5dc7e27c0247cfff955bfcf9b0b8309c805421d
e7652fc14913b512ff619875162ea23e7251b9d6,b516d77fb8566b576088e73410437494717ada26,223b4f53622716f3db9cb6776896e5adc2df2dd7
223b4f53622716f3db9cb6776896e5adc2df2dd7,394add4eb2d0eb1c9124210b2b83d97c7bf37714,7cb4dae9b6413066c32d65cfaa3734a038afe94a
b516d77fb8566b576088e73410437494717ada26,7e92b730ef4c5cf4ddc3f9606eab6b9b865d01f6,fd7c000db41db4976c61f488bad7fac89c607014
7e92b730ef4c5cf4ddc3f9606eab6b9b865d01f6,45a20644c194a06081517b1d705018955bfa43d5,629d298a24e80e8f22e71f08449b5a697bfea022
45a20644c194a06081517b1d705018955bfa43d5,0d639efa9b78775bef6b1b5c59d6e7da31e85e72,959da21882ad7ea5f35f851adb629ae7a29d5a38
0d639efa9b78775bef6b1b5c59d6e7da31e85e72,d5a677b2d4fed6c96ce02367a3114a4cef2290ef,cf038c0b68c42297f9635025cb86d1f14b81edbd
347b1b4a34d0bd774e8f7137cd72037992ae485f,a6f66e9dd37f764403fc7c1f26be09ab4af24fed,8b377358fd47daadeaec7f41bc4b69f69c78e65f
9edc7f2f5a9fecb3cdec8e4292e09b62d8006f78,80aa000a4c9382c29ab0fa463cfa6f1e542bf0ab,bcf63625811e213ab3f9e893c75beda87b355a8d
7523dba0edeb5567a79b0a10a2a3e718c5b25574,de33875212f56845bac584d9441048e3c77c5ba9,dbdd82dfe3dfc7d1a2819ff327ce390bc3510382
a2521445819ca2132361095187c36f65a8d5b9c3,4616c1d55c676cd51377bc6e1d12de037b872cdd,e79a89fbdf7b66f96c55b3a1635872a1d9e96a7c
82a26bf72b8faaa5544e7636ebb9429dc934c876,07a87370c5c734b5337d0a5f5f61c86a9f1d9b57,7eaf442e494d55e634fb4bbbaa54504c04258b10
ca6e944aebcfa59fc4766851f5b5d28f79a8cba6,e06d041b1e5b9664fec901b310d1bba07e2ef707,1fad2e0cf7fba217eba0eadf3cae17c15090f1dd
35ca58b21a0a42fb85d829a393b7aa82b84254e9,4616c1d55c676cd51377bc6e1d12de037b872cdd,a29cea0f2f619abf6ca943422872475dd16b9540
ceccf9f2661790ce324e90fd1493ea274a33e1a8,d4e1f61a55f583a4d1435efb7d6ea1723a3716b2,effed55656ba5a5d685a8b74a4c22e1e04d994cb
6a27427bc71be1cb82cb1b0c74d56b6fdc8a0a13,dc11158636427e7814e0987ab0f47d7081374434,2ea070dba6834a2f063e641d405d07640a806b56
dc11158636427e7814e0987ab0f47d7081374434,5b981a18db32938206b3579248c47205ecc94123,28acd11a242245b8bd32cfcdaaa8d7d382c6272f
b48420930f3848b1498c034387fac2588903d7cf,78e0a4bb81a6565bf61e3ef1b898ef8377478766,4df4091e5660d10f7672828807011d513c6ff7f4
4df4091e5660d10f7672828807011d513c6ff7f4,00b215bec8639bb7125a6de82b56050f894fd920,30431b15ffa4f9b1871ba8199dcb86fda21f06a1
a6c77a86bb791f37dd82a1b23c601db2b6730622,52be8c5b9d1c314ddc917e443dba16faf4049a89,cbc8290ab3f4141e53c8eed2a612d456e7b17ce7
52be8c5b9d1c314ddc917e443dba16faf4049a89,78e0a4bb81a6565bf61e3ef1b898ef8377478766,e06eacdffb43d39bb0b74d1cae6a2e2674330d26
78e0a4bb81a6565bf61e3ef1b898ef8377478766,3cd0df27a69697c78b87d9132585166a03b92841,d0750ec539c5a14ac8a81aee70110f91f6e4e3fd
3cd0df27a69697c78b87d9132585166a03b92841,3abb00113662463e5c19eb87cd33f6d0ddc23bc0,5494b5f7a1e08fca6f6015400cf0dae2f683fcfc
3abb00113662463e5c19eb87cd33f6d0ddc23bc0,0aa17c772b4d30231312b91b4f5b8d4230379b16,12340e4c0e5b87bf689670cc36fbd78550c4f9af
7edaa2a2437168266cf5525bc00ed204b27c71f2,aa8605bf578c7f909f69d7fcc29a2bc20aaaaa9b,31c6997e08530cf04383b3b02dd090111cd6413e
aa8605bf578c7f909f69d7fcc29a2bc20aaaaa9b,01bdf124080e62a489d712c6ebccf576495e44d8,5040473a9fd9c9b19abe5d6a638f08dcce3d90df
01bdf124080e62a489d712c6ebccf576495e44d8,d908bd1fdef1742fefce7377d0b9b79d9b35eba6,24fb691f0a568a1f6cb42063e7a794665fe8cadf
d908bd1fdef1742fefce7377d0b9b79d9b35eba6,9a46f23c5ef08f0317710bd4449a73aab929d7d6,0169236b406238d4215e9fb1a6d61726647e98b4
9a46f23c5ef08f0317710bd4449a73aab929d7d6,ca0b7cb5e893618b62f8708080fd3e490bfe3865,c258e05f9853ca089a8843623a7edf792e64ceb9
ffc1fe9494ff1eb251f405e78e6546b3017651fa,773479b81bcf8f34ebb12f3802feb1e5e9afdd5f,2c852adb420b77b430f51aee1cbccfc1c9f3b408
773479b81bcf8f34ebb12f3802feb1e5e9afdd5f,a38dfa8b4194db878755a672957d0f9524c1d460,743276d0c23e798eacf9535bfba76e5e6b93a83c
a38dfa8b4194db878755a672957d0f9524c1d460,d971d1fa3323a24556488a6caa6a7a3d05253a4a,a8734737f482a9491d87930726104f0e7a4e8950
36fd5340cbc90fcb24c053df8976ed266ee3aae9,4b6bd05a3256adae42b4e0ed68839ff9f317ba1a,82a0f01137eda0838678a66879259adaef7bcc19
de0429f12e2b0aada4048bf1828f34f3c492e4dd,2b9b4513691d83879868acc929569e20d0b8fc7e,64383b786e13b6217ef3563fabcbae0a882cc4a5
08026fb632acd236fe56165efa5a3b0a90c911d8,60421eed9d8522aa1b8681783e6a515eba6ef64a,ca0b7cb5e893618b62f8708080fd3e490bfe3865
4a4c3cea1a50ee24e2be1e5a0fd2d350e38c4735,8a0fe7f2d206c817c1ecb61b64dc6d6ac3573fbe,ee0e2d7ad6bc3ff3eaf7e07fdd14e1b305895084
8a0fe7f2d206c817c1ecb61b64dc6d6ac3573fbe,737a9913063ba3d0156555d63e69147284506825,d316211810fd9034d3f0243de0ce1310ba102fb0
737a9913063ba3d0156555d63e69147284506825,595088cf1e546b6215a2ff1f00cde26dbaacd273,23cfc1f4f29f046797ab21fc37fc838150f672c3
0f9e0c9037d5c5bb4eff49cb26e8f590047b7471,97bc2fe356476aed4157bf6e69dd2ac87a838a96,edc17c988a4999b95b3e244897ae2ae9691f71ea
fbc15628ede96ca459811495d9774dc849d6e1ff,c1a786ed023002946e9733aaf136b7c7eea9caaf,595088cf1e546b6215a2ff1f00cde26dbaacd273
fcd87f6b34b19720c70dff7e68a61e3695c81dff,94168faabc8828973d7ba33e33f0dc89bb8faeca,0f03bdd5993b4eac3ad20a745a66b7b731ddd1dc
7042c931700131db762fb5049511d9897ebbd253,3fb2608e5ffdc2b151f0c6fa11ab0cfa86d247af,f8021704d2de4154fc01b5e8c58f162702d3d646
1d4c3f3b19122c087f2e1a2811f1daa65b2ed2f3,80e9f3c814fbd0985ec39eae88d92cbc2729afb2,19e009938c2c762399d1e9d09023ec7170cf9951
44f4985c6c42407d0df119beda4c63cb2e86f4e3,493f2ebc5b65c78decc753c16a781fd8cfa4a467,6cc03db0de3777f034dc910a7cae2cbecb0ed099
493f2ebc5b65c78decc753c16a781fd8cfa4a467,802ec82bb997d3a008963b37254160f4d733f47c,4612d2f8e1d4ef20b75e9cee854d2b5f9c0d34ff
802ec82bb997d3a008963b37254160f4d733f47c,617cedc6efc64902029b6e2692ddf361f5088ee0,f2c29d6b04bab66c419f0ac7f13d18a1c6f4a803
617cedc6efc64902029b6e2692ddf361f5088ee0,b683163c20567c017cbe43352343b22899d848a6,c1588ced9210204c4dfdaa7be6960b83f0b6934b
c1588ced9210204c4dfdaa7be6960b83f0b6934b,f82dd6fb414a15bca4f9c39c7c9442295ddea416,3d8797b94f4aa60ea39253aa9d32779fd5b40c32
b683163c20567c017cbe43352343b22899d848a6,b42de3cf219041054bbe5ec00f62a9e31ea860f1,c4aec8eeb00f387cca35928b173fa74202823ea0
c4aec8eeb00f387cca35928b173fa74202823ea0,f82dd6fb414a15bca4f9c39c7c9442295ddea416,ac5885b1ccda4ec45985d5017f30a8742b29a060
b42de3cf219041054bbe5ec00f62a9e31ea860f1,7f83273e77562cf1b4653937a698d1dd4be14a7e,0022fcb34c91cd96efa6fc0eb26ee085957f0b26
7f83273e77562cf1b4653937a698d1dd4be14a7e,5ad464799ef3889be18af7adaae8d90b420ef8c3,688fd6d9d8b537e335d3a3eadf29b560e454eef3
5ad464799ef3889be18af7adaae8d90b420ef8c3,e0a6be6af60a3303316b7a31b40a0867018b9a13,6467340af91f1e9c57e3a2636fcc95ba488369e0
e0a6be6af60a3303316b7a31b40a0867018b9a13,534866e270a08948c89a76443b62ef154b7bbb25,9bb8561d4e1dd8ee12d0ae48405c57f35db7b6af
534866e270a08948c89a76443b62ef154b7bbb25,27716541d3065573f4379ec521893c504d3bcd22,e221ab0a41f43ceaed5cbe6d01a6e8d3e7bc24dc
27716541d3065573f4379ec521893c504d3bcd22,2db7e92b20495ae978e730cbeadafa0fa29e6b46,2d48c8a61dd4bdeb2fa4768915b9600c68690fb6
2db7e92b20495ae978e730cbeadafa0fa29e6b46,f82dd6fb414a15bca4f9c39c7c9442295ddea416,135a84abaed028a686276fb715d20b1d7be17f78
d6598447cc972385fc34ca10f542fc53ad174183,9364923ee2b35ec2eb80ffc4bdac12a7930097fc,0e5a8c172ee5222ccd765219c84d915adaa875ee
4612d2f8e1d4ef20b75e9cee854d2b5f9c0d34ff,44f575205c4cde066dbf7382c15624a87790e344,9364923ee2b35ec2eb80ffc4bdac12a7930097fc
ad7e17d4a968701d8b884dedfeb92d5efb3ce66d,f1bb5690746b74edd1c59790139459544066baed,c3ac0e9eb02f017fa1063888d9e13171202963e4
f1bb5690746b74edd1c59790139459544066baed,2af1d306406b2afa8e1d3cb2f237f9d662bc6f21,28c65bb9ba231aeb2694cdd68e7eaec9f8dbd3bb
2af1d306406b2afa8e1d3cb2f237f9d662bc6f21,669b934fac3fe1214ef2563a7b2d58c244450e93,037063c41cc2fc57cb2d225ea8ef2330b9d02d0e
669b934fac3fe1214ef2563a7b2d58c244450e93,c4870f4e7240cd33441a3b423c2243a5a6399f9e,d21da02fd20b2833a69e3e76eb9ec87fe8144086
c4870f4e7240cd33441a3b423c2243a5a6399f9e,8852a1c8ec0b504c1d9c9e861edb9d2d8374d78e,35e26d58b7b86f97849c0d3d4b67d358e850d851
8852a1c8ec0b504c1d9c9e861edb9d2d8374d78e,4c62314c3d59d67070672c7327ba284d1aa76342,0a412f620e6ac3a040334947434a29d6ca7ad884
4c62314c3d59d67070672c7327ba284d1aa76342,a18b3f33dc6b588f226c8a30226d5c9243334a73,b6b80f7270aa166ac078278f919aee322e985df7
a18b3f33dc6b588f226c8a30226d5c9243334a73,84e242f9e9a02d566e7fb5edc8d465313b4b47bb,eaed66d4b6cd03634ca2ced2006ba0b7fea75d31
84e242f9e9a02d566e7fb5edc8d465313b4b47bb,a64f6df7b20f5ef75bf769f7c014a2741cc27a30,cd21deaf800d6fb5f31512cde608793a2ecfc973
09f43b1b4f7a3594fb54007ec09cd62127119080,4c14f5ff6a944ef70a12fa054787c07f8176a1ad,acfbdd4946af8cd1accb049483fe04cea2f8942e
5c568759963d8344eb7b0fe187ead6ed2ad32406,d9e141a154c545e32949328df2ee30960e3e18e0,80e593a39e0c8e049839c81aaf7ef6edf6a56bc7
dd371b0178b42442fac7bed8e109bb4130662041,f38ed05731e143cebd022024f94ea564210e5f43,bb77211ddbcee41703a1b8af5f6b87f5c9784dbf
9b747deb237fd3b5728fe495729b74afff993d08,056c4883504b29352762f240bcfbce6a7831cf1e,6b61f60e26e68fcf21ec26cff98934707e0c2371
056c4883504b29352762f240bcfbce6a7831cf1e,98e7d4bde2bd3ef1dbcdd7852bee7f2cc69058aa,03e74cbe72364f6f7d554620d6b480382d6cecf2
98e7d4bde2bd3ef1dbcdd7852bee7f2cc69058aa,3bbcd57b99c547265e27a86cebee1743209d6724,519f258ff478af0ae058b440f8503853a57bafd9
3bbcd57b99c547265e27a86cebee1743209d6724,d62f3d44db6880a565bda094ef6ce437634716ca,f7d39bac48663a9dc110d29c815aea59195a38a9
d62f3d44db6880a565bda094ef6ce437634716ca,2d83168df39e428a6e871c55a4262b9b13362834,08353a40bc71ad7daccd9f944d6a40f31d22fa25
2d83168df39e428a6e871c55a4262b9b13362834,b5ddd2b07ba9a7fafada38b1fafa7b5850347e75,a35000b74492b1e46bd3db136cebc4a3b7844676
48ad44fdeef32b518c6271bb99a9aed376c1a1d6,a30a79ae0a8b9ce9a677fa0beda0e03eca1d94fa,f5c380b8fb126c4ba04323496efabbee1d4a5271
a30a79ae0a8b9ce9a677fa0beda0e03eca1d94fa,64f0156a7a19f70f66fcec4122373f033641c843,0622785b00eb77aa1c0b8cdf46f651a348fe5084
0622785b00eb77aa1c0b8cdf46f651a348fe5084,e2bc377edbd15e9181d7c51f6adbce697fe2bbf2,7f2d63e3c2394716833e7dd2f367d083884c6823
e2bc377edbd15e9181d7c51f6adbce697fe2bbf2,64f0156a7a19f70f66fcec4122373f033641c843,4dc91785c3729c351c7bffc5f79605a0ce264705
4f1a5b24fb80bbc32129e081da9e7316248b91fd,974a62fc8261e78a6071b8989a96e1c9f8c75473,f98db95219e16254baf415ea836966fa8c91ed17
974a62fc8261e78a6071b8989a96e1c9f8c75473,db8d30584d970ef5a0a9b3f57ea4462816e80872,18e72cee55f867ce10cbbb2dbd971dfc1947fdcf
18e72cee55f867ce10cbbb2dbd971dfc1947fdcf,c71cc9742e16580492e781f7a1bc4df39336f9e2,30dcc0e9a358c70c017e1c02759a090adc471b84
c71cc9742e16580492e781f7a1bc4df39336f9e2,51f6bcc12563e26d3387ecfb3ba5c950ccc2df46,54ca304673db6cf1c8701cea451aa1d2537ebdb0
51f6bcc12563e26d3387ecfb3ba5c950ccc2df46,2c6e7ec47442c3847c0b67f209e20f506bdefdda,60633083841b83a4ed6afa1122c3286106191339
2c6e7ec47442c3847c0b67f209e20f506bdefdda,086b5fc57845105db8adc393c74cbbbce588d30d,35584baa1743a831a018118801d2d14f817e4d57
db8d30584d970ef5a0a9b3f57ea4462816e80872,61c568f8185d3b1eebf525cca9aafcca0bedf296,6b48969618e7ecea5ce279f1b8ba9555f91b5678
61c568f8185d3b1eebf525cca9aafcca0bedf296,6dd366a307838ce81a5433d79773edad6ba06823,1b47a8c9f2845c33d71e02d6c003b18f3e4da945
1b47a8c9f2845c33d71e02d6c003b18f3e4da945,356d94fb5b9208e55a48ef03fd8aa073f28e5927,1896136dfebf48a135c4dff4bfcc9146f248f8c2
356d94fb5b9208e55a48ef03fd8aa073f28e5927,6dd366a307838ce81a5433d79773edad6ba06823,31d0712f1ea3d1c986a3993f6ca837c97aa6d745
f9ec9907a93b23277f4a17c804a5ed6a39bcf37f,49ba8afebb2ae813ab66dc2f48f533aa7f333c3c,e159b8118663d3739622145cd49c13487268df26
49ba8afebb2ae813ab66dc2f48f533aa7f333c3c,624f21c94e59946fe52b3612df14b5670216fe10,55dc3a20c34a423d86f0f83fdfc07ff916a1390e
55dc3a20c34a423d86f0f83fdfc07ff916a1390e,c693847f2f4ae78ef43badcf233acd212a5cb089,c0e84e2ca0ddeef7ba018d40dfceac61abd54b3b
c693847f2f4ae78ef43badcf233acd212a5cb089,b0c2edfa4af0057729a197d98e806d1da5cc0d88,00d7183a3ad188fec33659c95a4a485f6cc2c02f
b0c2edfa4af0057729a197d98e806d1da5cc0d88,624f21c94e59946fe52b3612df14b5670216fe10,4c9f77d2574dfeb42a4db95e1cc6cf50fe80eaf0
92c9d9d87aa920c67ad21067d692ae6b9f6608e0,fa55eead411a3c1b01703cb1ddfd59ccc0b23124,378526d91c7ece361080218e27ee80ff96bd92a2
378526d91c7ece361080218e27ee80ff96bd92a2,253631cbe890567a3624b97ebc30c5344f9a6a77,a264d55e1507c2f9fdcbfc75bfeae937a2b085ff
fa55eead411a3c1b01703cb1ddfd59ccc0b23124,adeaf20195dc45dfb80cc44dc4a93efd551ec839,994235b3f992573d230e6518cdfa2031b0ab56e4
adeaf20195dc45dfb80cc44dc4a93efd551ec839,d3cf1ef94e503badab9b6db25a2ffb73cce8f17b,17e1f967304f75637405133a4d97cca7b6c31c54
d3cf1ef94e503badab9b6db25a2ffb73cce8f17b,8e1ec1e74ba68c0bb68ccd0257a37064e03d7b50,a2fae346b01bcbd7f9de3d779d494889b3b9ea96
e4d5da3dc7cf3d0bde8e0afc945b8e7be04a2392,17b4acf410dea7553ec460dffbfc5e4b1fa36dd7,cc64f19b947dd16718b5a8046a54190d0cd3e4bf
17b4acf410dea7553ec460dffbfc5e4b1fa36dd7,a120375e56259b9b3c4869582fa71b776e5d1e99,eb404805a6bc91c8ebaf05511631445e62262cc5
a4bd16705e2a054f570310d6a8adac663923ab92,04fa5dd3856de768b43b4aac9e34c112f1227a17,bef5de751097c490332b5425415c59e71c8e480e
04fa5dd3856de768b43b4aac9e34c112f1227a17,aaa35858daffc943db8d388b1435354396a9c45d,0cb6cd9283bc8601aee42e397d4cce40adb08925
5c3d51c51579654960fd07f7673f47ce06ce2d83,aaa35858daffc943db8d388b1435354396a9c45d,d42e8c7bc56259735b5affed8bde8b48c63567b4
aaa35858daffc943db8d388b1435354396a9c45d,b3d9f5e63b62974acd4ce5848e4da3e241cca649,92c831befe1c0d8f66fc51c9d16d6950b394a49b
b3d9f5e63b62974acd4ce5848e4da3e241cca649,13293dfde07674c82b12cb0f6f06383efbe134d7,4e4257f076f5c4f658ae97d2d11bde45fcb0f044
13293dfde07674c82b12cb0f6f06383efbe134d7,441e8a4f4dd286f10a4572a8cfda10aea69fdd1c,613824b5d29adff4bd74b4ac8d92d820efb121df
ba170a50541857ebb22d5351f38722f9acc15e17,c7c447578b659cc965252e1b35a5324d3ad055cd,8b1e0ea9fec70b0c68498f12a797f69d8baeb884
c7c447578b659cc965252e1b35a5324d3ad055cd,e4259453f6a59a02d81bed76325520496881f0a3,8f919c4fe74348cdeb995d88c21673bc957c55c1
a18c8a23fb960b604fc5cd8cadd046e30e0ae994,f8b79c960535361d9ba568213f926a6502612140,cc74ee022b7ebfcbf94d3dc3415e3c92cb349be8
f8b79c960535361d9ba568213f926a6502612140,534d44b0c15a235ed83c7bf7fc6f27b24f4fb25a,4c2917d30cb803bbce792cbfe4b4f346fe68910f
534d44b0c15a235ed83c7bf7fc6f27b24f4fb25a,9e778009aca3a1354fdc2e44ec29cde98ffe8e67,997471e945f3271829a8f66cf5391e7f53eddbe9
9e778009aca3a1354fdc2e44ec29cde98ffe8e67,d0a047ae80f67721dd0e107751bb7bfc99722ef9,d7f2ce3a9ab4920def12fc561a7c948255257429
d0a047ae80f67721dd0e107751bb7bfc99722ef9,aee121427df6a4e72054c573ac1861c151daa015,19789b6821aeaa4917bead0c5a24a384eac58539
e44ae3c0ca5584ca1e985088a68bbc1634409803,3234f47ad38f430b5165d3a242ed1d57a1c0b189,cdbb9b78384e9a7cfae8f26630cad322afd0d339
3234f47ad38f430b5165d3a242ed1d57a1c0b189,840a2d1f16fc1c3fd022b83ff52f7ef20259cc1b,d5b18a658913e56fae0a13bea928c09adbad0649
840a2d1f16fc1c3fd022b83ff52f7ef20259cc1b,f46d8d2422e210d35e2bc416db6e035dc3be1699,bdfe06224df2d89858571f9037525349627a2564
bdfe06224df2d89858571f9037525349627a2564,b1dc5c38692680691dcef924c7c37bfc202e33f1,8b67f00b6bc623808ac9c969095ce411cc9f0d4b
b1dc5c38692680691dcef924c7c37bfc202e33f1,261218129829d36febefbc77674909d622bfc044,0a12e31fe2b95920e2bde82ea92c9fc8ee3fbbe9
261218129829d36febefbc77674909d622bfc044,f46d8d2422e210d35e2bc416db6e035dc3be1699,c5e2d3d843e2a5f294fb3dc86051364b305e0ea8
f46d8d2422e210d35e2bc416db6e035dc3be1699,4e9cbcb32b79c0542d81dc21fe10cc93bcb69a7a,97d9cb30a833a5b9f1e790f7a71063c43c9539e5
4e9cbcb32b79c0542d81dc21fe10cc93bcb69a7a,65ec4c7e326936a1df2d5f731c9563da75a709d4,242e3518d32c13249b787f7001901b6762dd5013
9ade1b443a5024244120774333d8846211931a1b,c606f55d6218c1348b5f618748952e6957bfe953,525cbbfee88d5203abb7b19592046431079c3d81
696c6d8461847b16335b47db4d68cb3d26447f90,70a16b58b0b567688843b801a9b352273c7d8ead,c73116f1b785b013ca9021e42e6a630bf11e2882
c73116f1b785b013ca9021e42e6a630bf11e2882,e9033c5938b89ef4b8defd85d70eaae537f743df,17a86632be62c6cfede704c94c9a989b39558c72
e9033c5938b89ef4b8defd85d70eaae537f743df,dfdcb3934425b2136da788ca62b0724b90f32184,32e73ca18ad01d9d6e92930a478f5e254f5d23b9
17a86632be62c6cfede704c94c9a989b39558c72,70a16b58b0b567688843b801a9b352273c7d8ead,748c28186e8f7e7078f314a7b6b4a99f2dd23e21
70a16b58b0b567688843b801a9b352273c7d8ead,f2347b4ea1e25f18ff1864576d8e0180e823ba38,f2525e9ba5b3ea2e668df944853dc1c5732c2910
c606f55d6218c1348b5f618748952e6957bfe953,6571cb92421362a0aee48680b7aa6c6e35b2116f,f2347b4ea1e25f18ff1864576d8e0180e823ba38
8c5ea716005eb914295da9c4cdb6b8bfa7b7a660,764365425f9c7800d98298349df96e2d4848928d,36d8060d8dd8084bf19e8ec3d0b87f01e7304b08
87acef2e6f989292ce3cd82210212bed3acf2807,ed54503fc7781d8bfe9e9fe125b76b9bbb5ac05c,d44de8f0bff452c2687526d42811a4dec01b3fb7
d44de8f0bff452c2687526d42811a4dec01b3fb7,19d98c620520ca818d1c048104215bbd60cc387d,91506b31eab565e632b7e6a3014bda766ce60efb
19d98c620520ca818d1c048104215bbd60cc387d,1dd2f402c9face560a27188379df9dcaa3cfbf03,d03648090cdb20457b5709dc7bfc88d692c13573
dd62c56d596548f1ca9e39e5388ef3c2adbc313d,ed54503fc7781d8bfe9e9fe125b76b9bbb5ac05c,4fa78bb0275c411b751032f7127bb72ef5f07bbf
ed54503fc7781d8bfe9e9fe125b76b9bbb5ac05c,bfcdc045a53fb5f184236c7e3b687b62327beea8,99e42fea525bf259cd7fdbd6df54f0476c73e01b
99e42fea525bf259cd7fdbd6df54f0476c73e01b,d0e63e9e966e7a414efcea396f23cb6075cc6297,c8a7d3d5be14f525a8dff17aeb5253237ee6cd3e
d0e63e9e966e7a414efcea396f23cb6075cc6297,6fd46253a3cd7689611f8053b23535fcf3f23bc4,378d7eee3e08815755fefd08126e3f9620e5e29f
af6a4e027e188ebc5f1b4490d3c12de2fc43cbee,2c93d9c1924461708876781cdc96f139b205c33d,0103e25850b3b1faedf581efd010416f300470d2
8c1a7059691c0b93680aba6f08ffa6fe29bb4e7f,7af610b89fb851467f40605a280b1d8978aa1aa2,b641eb58b387a1e9804ba6ff35ae70ab494c2b09
7af610b89fb851467f40605a280b1d8978aa1aa2,ddff8719dde47acef40d4319b9fdf35b5fd5737d,0136ff9a39cb2f47532f4abf2999980d0d04309e
ddff8719dde47acef40d4319b9fdf35b5fd5737d,261940aa54ccbc0eb1cc82407ee24a8bdc86ad2a,c9e0b679485c54aa55f75c0758975600965da0e8
261940aa54ccbc0eb1cc82407ee24a8bdc86ad2a,dc8a61595f375c45abb2c9a01eeea2fdbe1fc554,d23919fe82fcaab224c143fd72f518f6862f185c
2c93d9c1924461708876781cdc96f139b205c33d,7bb322f645de4766b3ea8acc6f65470330a9d035,c6f9932035449a7efe942b55aa57a0eccf6b4fe7
328cd9f17f27fa1df7d6d58269ed1bb0b85b93e4,d2ad436fed9f2238b27f7978ef72efed76f12ed1,863f618e4d445e5294026a25d01faec5edd1fd8b
a76aed5852a30a860176d3094bd0fc0ffa413ced,0bf3fc1721e6aab8e76172e9131a46797525b642,ba48daa1e44b17d1597d381af8956864d6a5e826
7bb322f645de4766b3ea8acc6f65470330a9d035,9ca071eee7db9720b41f860c626c11351462f488,113032bc977ec1d196280597b060e17083bda90d
9ca071eee7db9720b41f860c626c11351462f488,5f8056c1e4f41339c3d4d862545d7e21bf4d0e46,0d57d390b3f234f7b81e823a7d984791914960d1
0d57d390b3f234f7b81e823a7d984791914960d1,874bf961168277a733da66ab7d8d8bf8fda02403,90d06cf08d18c46b0e1f0f51222d43888f6049e8
874bf961168277a733da66ab7d8d8bf8fda02403,9405e4518a09aff706165ef38ea869e473cb1942,06e2077ff84a1db94b8e0d9274d4e5bfad82cd5d
9405e4518a09aff706165ef38ea869e473cb1942,25630484b8f895737e8a781ffe3fb850ace8ef8b,eff0a11615ba84c42fe021939007f6b3c629486c
a83ff054c93d172482be15ef35a87d07be92f43a,fc5a5864148fa995969aaf8347e48b82e4b3de5e,e67138acc95db35c0316d4ee3bc4bad3ed1058a0
e67138acc95db35c0316d4ee3bc4bad3ed1058a0,2378ab8f792446456522d1e98ec6ffb6e6117056,637fa991629de13eba4b9e35aedda25ca0aa1cf3
2378ab8f792446456522d1e98ec6ffb6e6117056,d512a78d8586a6ee4bbe94737904fff05110ad61,39cb7e6df620b2b36c201e81d73f0896f3d85ba4
64eca0ae47610ff6c9efc0692d993ce11e5036aa,16e4c01405d9482f1ef6176a6119d6ffd0e80aa9,d89ba560d8de6dbd6bf1dd0cc3215e3614956791
16e4c01405d9482f1ef6176a6119d6ffd0e80aa9,23a2d7d1f303a4d1cd8e1515ae9757825dc95598,7b63274795fddefd828c8d6b7837fec0625499b7
08d791f69dc1a802c31307b51453a5629a4258eb,b6b64946ce7760508c537fd0b2653ac3850e1938,3007e88970903bb381ffd9be2f9a6eb876b09e94
b6b64946ce7760508c537fd0b2653ac3850e1938,d11205b4d931d97709918001cfb2a3c45a0822c7,83c882419773967e90449bc55bbbdea5e6034a64
d11205b4d931d97709918001cfb2a3c45a0822c7,b82d85ca3d48cfe7498ce133b41b9a1a20d3b939,1462c5f6df9e277b8ecc9d27c9d434209a9c8132
b82d85ca3d48cfe7498ce133b41b9a1a20d3b939,5203dc132cc497becb6438d66e52e107329a6307,7169511d5ba758cce42d57e585bc25029a012e7e
5203dc132cc497becb6438d66e52e107329a6307,2fbae9680dc854f8fedfee4079b118f1b06c8d56,774a081c0d6f66280211dcc52370c5bbbfcc0dfa
2fbae9680dc854f8fedfee4079b118f1b06c8d56,f1e796a99f3fdf628233285e355c6b1a09e0289a,c7461b0de365dd8b75dfb83825557f2e124481ad
9f59f949f3dd91d9776b966fdc59e103f24fc862,23ee2c08a66bebca5373a2c034fd8f7858409645,6d20d95c913ad6644511bfb603cc52bade5f9c9d
23ee2c08a66bebca5373a2c034fd8f7858409645,c247e1626118de41b3d40e2a711354f76e004343,4c6b28d18f2467c74b2e768891921c9ec00ba082
4c6b28d18f2467c74b2e768891921c9ec00ba082,b56349531c9f55345c325fb1b9a6bcfde9df3afb,4b839b655d3c013b98043b22df2bb1a59e4f18ae
b56349531c9f55345c325fb1b9a6bcfde9df3afb,af85c4e4972fdda52af63375c715e99d9fd37e8c,43f439e34f67f1a6ba0cd09d0ae96c70000f6f40
af85c4e4972fdda52af63375c715e99d9fd37e8c,7f03c05c2d0765b08f1f7fb7761402608f9e2419,0015231c076457e1c3dfb3927adc8f1af8b25e04
7f03c05c2d0765b08f1f7fb7761402608f9e2419,4530a2e5263e03508779eceff9aea335648e8fe1,9192c11ba967ceee105cc6ff3cd1596ca6864fc4
46472b1d67aa6c2eaf4d932dc8468d5a2df2fe4f,c234c58bbf93adc4f9510bf3602f27c613c3e628,ab68440f2e84570171e6e7af7c859431d874b3a8
c234c58bbf93adc4f9510bf3602f27c613c3e628,e2a44099a5e0fc64225455d118d26eece68c575c,fe5b68d096c9388f9bf7a5359aaef78a8049d363
e2a44099a5e0fc64225455d118d26eece68c575c,c247e1626118de41b3d40e2a711354f76e004343,0befad2225d5a31cd7fbf19f6b3b31ab2473f9af
268af88a2aa981ba532ea0dab2a013897ac7fe67,95bc9f412b445010dbe9df048eda7c025d662fd1,f6039353606c611d01174a09f293e0d0455e8a48
f6039353606c611d01174a09f293e0d0455e8a48,9c50a1b2042c7007c4f5dd49e4fb27b39841f5c8,2bd0ad9a6425f9c5227198d5d6d1fecaedf4baf4
9c50a1b2042c7007c4f5dd49e4fb27b39841f5c8,07360d74e4c4684b843888db2299b5135b38bbed,be2bee767a21e4f4c84f34662fea5521e26e2a01
07360d74e4c4684b843888db2299b5135b38bbed,c49570f4bf4ce55161817d984157f43cd18ad7dc,e89b2783b6c26c32b0119a64a4d193740e7c8d26
c49570f4bf4ce55161817d984157f43cd18ad7dc,8c5558a6bad01dd58c22bd9f459dab83b81af41c,940d38d3aeb70d38e36359c27ec3ebd64a4a4288
7d813c96e1cf7ab45f2e94d427f11afb2003bb41,f2cacbca7f7a04c4243098633ba9470a6fcdf3f3,08d701cb3c5f5314d8da1ba141a845180bf4303a
08d701cb3c5f5314d8da1ba141a845180bf4303a,5329795e1d46bc0c042d90e7e9fb338fdaed78da,5aba2e6864a5ffa9669b64e57167ef0334877188
5329795e1d46bc0c042d90e7e9fb338fdaed78da,da25e589493e5ab84017d4ec1ebac5d8636cfb50,ba1a41137ab48c7cb99d101370e08dd6249c490a
da25e589493e5ab84017d4ec1ebac5d8636cfb50,f2cacbca7f7a04c4243098633ba9470a6fcdf3f3,d96316159dbab4cf04423d916b6b7019f58ad8ae
5fd964bda115d35299846adda0814b1659d0e6f4,d49321d2e3af3549199796ee03b857d13ab90e11,14307a00ee781896ab5e0f99306957aa55e1202e
df18a153cf5a2881d337bc734ab9e4f753b8177c,09b020f6654bddf19b2c3b4ca1ee54b7b9431aba,581878945db152ab139bd28eb3cf51b86fd59098
09b020f6654bddf19b2c3b4ca1ee54b7b9431aba,87799fece4a242cd93494186a2bec455b0d50e8d,c859340ed16a65176808396bcb376334a45a3a99
87799fece4a242cd93494186a2bec455b0d50e8d,2f4d3d82925083a0af1d6b1e4914e9b5eedfcc24,ce6526cfe3b70a8555bbb7b2f235af9c916d34a0
2f4d3d82925083a0af1d6b1e4914e9b5eedfcc24,248effcd077d2a0d345dc21f859485e222f755d2,27a7252dcea105702653587423e25bef832d9aa1
248effcd077d2a0d345dc21f859485e222f755d2,68809d3dd3b8aabb560520307d079686d93096bc,c6bad2fb6cc6d4ae499870da208b6b8b0275961f
27a7252dcea105702653587423e25bef832d9aa1,6fa6e04ab61c605dce5c62e66f23d7db30756bd2,747c523e0204b02d794e75b92dae5c58b3e639e9
747c523e0204b02d794e75b92dae5c58b3e639e9,580577badb1ee0ef9c2735f7f27a1b0188aaf77c,a8057e3607b5e94047f000b31f936cd3b52ee004
a8057e3607b5e94047f000b31f936cd3b52ee004,3bd33a5580daca0ec51f960e6ebb9da53456730a,e0ba8027b6991e8d0b80bd1839201fa3116fd475
3bd33a5580daca0ec51f960e6ebb9da53456730a,2db1fe852b3331ba0300bb224641064aafa898e8,a27d2d36001d3c3830193365047c925d741ac1a3
2db1fe852b3331ba0300bb224641064aafa898e8,ec0f410cbde655dc38c7c30d5af1c2a1d60e576c,fdd6c62050fef105c81d3e6007727581884dc272
ec0f410cbde655dc38c7c30d5af1c2a1d60e576c,580577badb1ee0ef9c2735f7f27a1b0188aaf77c,afede9f189a2ae9f4361d6f1e8dc675d24925020
539a9da57532622550786c5f4037d32dafe332f1,e05b1e769bc46426a5c5ad61e14ce00853208c91,6baa166f01a66beaf823d3d5ab30df785c61f17f
5b8322aa18d442684d2ff208a4f731b9b1f0f629,1042550bd045a9bfe0a3143d43218402b751967d,40f52157108fff6e7d46fe79b7c9ddcc478cca24
d524fe5843148bc97d63a5a2684bf8e7b7c4445e,35f65d80f5e8eabd40514316c9cefff9844dc314,aa75127ff6553c99ef7115e14b4b87c0e3b850b0
35f65d80f5e8eabd40514316c9cefff9844dc314,30552f4dc9ad598bd79e400c256c0c271ea4b963,0b83ad6315a2ecbea3aa2928a679c5a7b2aa9820
1177d1d84811b5d8fc3daaa23ff94999cf0ddbcd,84f4a62c019b4f591383ccce6a6582da1a384f9a,7287f357d7d9d7f6ca7fa6e9334a59078e2dd56d
7287f357d7d9d7f6ca7fa6e9334a59078e2dd56d,61bd91158f4b9d8d014aa4ffb6c403ad544c0a7c,065029b13c676c977479e61b3853b44898a3fa46
61bd91158f4b9d8d014aa4ffb6c403ad544c0a7c,8a59a8c4aaad12a4077440702170ce3d3a88baa3,85d156c3f7196ef4b251b85431c7178cbd51f855
8a59a8c4aaad12a4077440702170ce3d3a88baa3,301b6d3b420c5c5c9b4afb58092eedd14285325b,5a6cd73f5c284426e08af6429b40460e6ba374f5
84f4a62c019b4f591383ccce6a6582da1a384f9a,e15ac86caa3fa88d82cc6460ea88e42529447e08,f6108db93b46754dc82b8c005966adbf58b5feec
5adac77b7598cd44c13171eccc476be1e49f8a0a,a8952189ad0d16adb9f567b28d173535294603d6,53cd4d46b43b0190310f2b8c9e9625eafebb91ef
46f5f47b0a501c55756d51990b34a7bf3efe9985,3952ae4683616f7a2e0be4c11229185ad40ade1f,590d8030a0056cea6941046f5c629049bb44921d
7e5ccd8b36f1dc2c4e06c4ff202062df75bb574f,deb6c3e2f370ddd04a4374a3d0de3a7dfcc61c92,a5ae46b8022021ae9e0ef8459af98e9f30b46f5f
37f3d8da563b2026b23b2dc2d0479a3759f9583f,f0398675b3e36c8e87089ab66194cf297f55a010,47d7cade203f4f2d066c898a7fe3461b1ca3a06e
d976c80449bd420216237df7021abdd330b0438e,34633ae1d41b00ee3ebbb6f2ef89610baf47e155,c4dd577819c31081fded8c26815169fc28c25d7c
ae8320940991945de6bbfce33440fb89304f70d1,12875f46b259637f8a5cd14a4a6ad56bc3cd07bb,8a964987d336730d610c183677199cd46cd26af9
12875f46b259637f8a5cd14a4a6ad56bc3cd07bb,fbf8880a6f118277128a15f3b631ede8f6ecf550,fdf5f937979e1f5ebe54ebf5cd9f95dba16d509d
fbf8880a6f118277128a15f3b631ede8f6ecf550,26bbf05a67eb0538f1793bf599866606086f645c,c9844a6ca420f58100287b2927a5a6cdbd9044ed
26bbf05a67eb0538f1793bf599866606086f645c,d3c949de522022b9e5c3d0a01a134a24b3a81572,a53c8512e3e66c66170a1703f04f0bde73bbfe75
d3c949de522022b9e5c3d0a01a134a24b3a81572,e3c79e46ada99d118fba48585010f60ccca0e910,b1091b9c50cf81bbc52ca109ec2f1c2c6d631282
e3c79e46ada99d118fba48585010f60ccca0e910,c4e4927dd431f8750c53acbe5027673833ce01b0,29fa1d87305f18622821944990a74e7eb4133216
c4e4927dd431f8750c53acbe5027673833ce01b0,af273f42a56af4b3127a0961938e2bfbb52131bf,662ff0269677eed34bad15a0280692b90a651563
af273f42a56af4b3127a0961938e2bfbb52131bf,f5b72cb5cfdb5fb93f85f00767e5a13cfcaa4489,3847172c6f1199acfb94715064eaf027298c4958
f5b72cb5cfdb5fb93f85f00767e5a13cfcaa4489,cffb1197463f67f2d1cc6df85b5b871cb5702758,14b17b3329aadd116383b2b920743d7fb20fed62
cffb1197463f67f2d1cc6df85b5b871cb5702758,7e1174f4da110bc848c456687c728eca48ef982d,8dce4f0b88506d8bad305975591596ca2ad6df62
7e1174f4da110bc848c456687c728eca48ef982d,54dc1d8a16566b52e5cc5602a580454e7b6fac50,201b540d93f2ff1acc32119a4abe33fb4bf448be
54dc1d8a16566b52e5cc5602a580454e7b6fac50,efdbe2f794d84aa0a3f45476e97ca0c45246bf05,7617cfa717fe6963ce9061ef31b5ee823fcc3fb0
efdbe2f794d84aa0a3f45476e97ca0c45246bf05,735af6ea53176f7639ef2caaabd5c36d8438ed11,73fb7632485ad43ad6463bb8cc57c02bcbe417a7
93b8e9d4c839869b6e3e94d8abeda4847c922763,e15ac86caa3fa88d82cc6460ea88e42529447e08,398b283275a15867ac0d8b58de16bf1b82ddbbde
e15ac86caa3fa88d82cc6460ea88e42529447e08,eb384180d0e25278e20cfe35d574cc376dfdaf62,fcbf4f2f0154973a774c78879a1b5f86f7116d88
fcbf4f2f0154973a774c78879a1b5f86f7116d88,32b1369c9974c15363ee39bd41f23f10af492c32,76c958a7b4ddbec99297ebb7c2231cdea834ce73
32b1369c9974c15363ee39bd41f23f10af492c32,e50fcc433c9bbcf8f13217cc294c760345694c02,64f300141d257494b9fdb37ae8edcf2debb8c7ba
e50fcc433c9bbcf8f13217cc294c760345694c02,ac011e35fc45bcaefc63d10b60061c34c55b4c52,29252d53a14e6676c9c2cdbbc99da6133a47350b
1bc5905cae6552a8ddccc047f2af244d2b8b0067,eb384180d0e25278e20cfe35d574cc376dfdaf62,2e277897f97194241f223f3197ae54eb1f904a84
ab3149e92a5a75c18c80b77e391931dfc2afe370,d1d71e168904d00a8201fb4052561f3087733c2c,c0dcd06f42b8c571dc6d33ae3fa68c36f394cc31
c0dcd06f42b8c571dc6d33ae3fa68c36f394cc31,3f9cebba45321106fddddae0c56a64409d9d2662,b7f5f30570079fa78dc2bd44b40b7622d713adff
3fefb4a48ea09242d8ea3f275a25e698f107ab80,c8b916484043353dd9de4a8d27b9de937da03585,756ff5c77ad9dd6473ef66f671851b4e94676cad
c8b916484043353dd9de4a8d27b9de937da03585,0bdeb763d46025760e8e62857b7d3b816058cb8b,36ab0dc25af292363254cd0f1fff37a61c8e3873
0bdeb763d46025760e8e62857b7d3b816058cb8b,f91973283f46a84943de50296a1ac9c8c1c5313c,3ac09d2a17655df09e538a634fcbd79826b0f13d
f91973283f46a84943de50296a1ac9c8c1c5313c,6e650062c00a7cdf2f1f911ed75bf05da9f8a13c,3eae02e3e64a1867ac9c0a8db14dd8db44eba4f2
6e650062c00a7cdf2f1f911ed75bf05da9f8a13c,58fd5aa299ad36702ad629d173d764da0b0fcd85,e1beaab051c441c2a5ca8649e2e4f119c8126ae9
58fd5aa299ad36702ad629d173d764da0b0fcd85,67dce478dabaabf0f291556d51803b0c3ab1fae6,f69040c9d2b21491e33a9676a68ce20d97787ab4
1d0409e9038eddd6e884c93b2bcdfb66d369d127,d8c14b9c2a0c147a66e041966c21caea9ce8c06e,42da3ba98cf2b46279e8bf294e1e048480d49836
42da3ba98cf2b46279e8bf294e1e048480d49836,7d81f05ff572e015d53948920bbe5d21c1b91cc0,ff5364d7dbd1aca4fff3ae30cdd3e9037786c97d
7d81f05ff572e015d53948920bbe5d21c1b91cc0,92e5cb77de61d686ae23bde3f4b176ad55d8c91a,f76f56445179acd4a0415a83da4fee4de0afff0e
92e5cb77de61d686ae23bde3f4b176ad55d8c91a,03f3d876e2165a89767980c2ad1c3346cc3e5dbe,9120507d4783313dbb62f77c2f7c9fe10f0cfeb1
03f3d876e2165a89767980c2ad1c3346cc3e5dbe,7add1117cf25ec0461b86f168d5fac4553271de7,d498fd53b6da03560d4836757cb16ecbb48b7f75
b45595ef4b942f9975998ad0cf64f4b7abf92161,43d09afd1ac78f0776eb6bbdc78e3fd1278d567f,18a25be11a146450f2d3c2b8035dcb726acf2ade
43d09afd1ac78f0776eb6bbdc78e3fd1278d567f,ea284ebf6027b8ed038858fce2694c7af46130c0,80a1dd6f879a2577dd812a85a76c1bb5c6e7f3e2
45c3b4bc7bbed63cf10a7e77509ceb887566c737,deae63e6889d2db6252d88000af975eed09e6125,636c3dbb6a66fc48d387a56f756e67ca5d81a2b7
deae63e6889d2db6252d88000af975eed09e6125,99e98988dde508870b7d62496ae3e512e98aa398,ab7af35db970d14ec569b572b78e504c73d663fc
99e98988dde508870b7d62496ae3e512e98aa398,ea284ebf6027b8ed038858fce2694c7af46130c0,6c0c0c2bf48011ab55358bc9bed34bab0ef5c43c
8a415b439fcedc69f4f9a2b3169dc4568a95840d,144a2e9cbffd26ec21ea856b0a561b9e47f14b1d,608ef120e0e25b4abddd0ce30f388a425d8ae027
d729f7c968d346c239f67683ef396d8631199d25,87dd8a5dfadea35dc14d86abccbec2ee143746f5,bec7098a662060b37a3cbb40a2b94a46b4e16671
37a9152b35a6186afeec0cd6221a93c2cc59283f,18105839c59c24cf52caaad58ec304b0a9cc0df0,636412927fcfa61ccff81f632e20986779889066
e1bbecde2c58888c91ddd0a453c1e0467692467e,91d35b4205d4ef150c61c415b7379404bced7267,f598ed5bcd829590a1b619b2a56b87d43c792a96
b9e35eb5ff2bba840c4ff46abd2fde20b6b4ee49,51228ccc4b54789f2d92d268e94716d1c016c774,3de9ef311eb837cfea4a64f5a159725f6c7fb581
51228ccc4b54789f2d92d268e94716d1c016c774,8264f44d37beb07db7aeeb214a96c31d1cfc4e38,b180995ebecaf75375838e8982bc86d773cf6360
6d3f829e4600e0782cd1397eee9664800ed72328,09fbbc77c58fe1b7f0e96c7e57fe675dbdb7bdad,2cbeb7582235e955d3e89361c1f87065b1899c84
09fbbc77c58fe1b7f0e96c7e57fe675dbdb7bdad,8b2975dbefad216cc9c647a96ec08608dc109f36,5212a56ccd787a64fcf7e47de9de4bb3693a0911
61a1651d182a978805d330ce02a74c6dd59bf65d,29d60556d5bf2325e242049b43997dd6962456b3,d93f45ee82b2274cfbdcdfae81ef4e423e6053b8
a82fa305bcd66449b118624143400e56837dc8cd,9e24c9dd18c292c0c65b918562fa58c266955ccc,63a95a390a5825962efac583de3319174206f823
ed81d3db2f5e523aef5f40ccbf6b52f183fa6391,13e2781206c1fc29b8a3cab4db5e3d8844649462,759947a2ad4d56efd960cbb01bc216662b71f3f8
1071c71b888f8ec9dab87417930a14dc84e48403,f1c8b090da2b6eb4f83fe7f8046823ba6eeb6476,5ed6583eeecef8a146c5be172d613794948dcd5d
8264f44d37beb07db7aeeb214a96c31d1cfc4e38,a3bb93a7492df517d870cb24de9296912671e95e,a997600163abe281f017f1ca122fe3f06940a7bd
c58471c9a91d40eb4f84f9a774ffa2f3999ab171,0dad7994880e0c7432e37e1e98485d5115752739,50a552093f33ce05583af066d0257c192ae75e54
0dad7994880e0c7432e37e1e98485d5115752739,aad49698074e7601eee900974bddeb17a0d0866a,1a516aa576135874f85dc787776bf88f138d43f2
aad49698074e7601eee900974bddeb17a0d0866a,d80cc862876fbaf4510209bf922e976947fa834e,873db8d8930998ef92141f200dc967e9358d39c9
d80cc862876fbaf4510209bf922e976947fa834e,01f681213f1b8dfe4b2ec8ffb2c9e955f20bd90f,4571fb785baf4228bb2043905f5d7ed228cbf92c
01f681213f1b8dfe4b2ec8ffb2c9e955f20bd90f,98d09c8aa7540d155312f7b9ff549e1a21e96d23,88c4a86e714280476a63ddb71bf3d8975ed842a6
98d09c8aa7540d155312f7b9ff549e1a21e96d23,66ca29e17a3d81a6ab67efc7e2e69d083014b0a3,04e4b57e2a785fd0f04702b13453ddbb3b336c6e
66ca29e17a3d81a6ab67efc7e2e69d083014b0a3,e8d8b13498a0687e8c8fa4d8419a43243d0d2eea,cb9977430d7da6d0aa561363a549820ec5a97288
e8d8b13498a0687e8c8fa4d8419a43243d0d2eea,995b69946b336a7ac59d8d180bba715a39dddcfe,f4a4d700dc906664606ac15ed676b8c335198ad8
995b69946b336a7ac59d8d180bba715a39dddcfe,cac8883fe3d435ded32d7455c530c031f08faeba,dcf6b26773abe8ff9150fbf48a0f8ad5ec0ee25d
cac8883fe3d435ded32d7455c530c031f08faeba,a7294db37639f8c50baec5e1807fd60418ce0080,4ce9bffe91bc7264024e41a67956b36ff11962de
a7294db37639f8c50baec5e1807fd60418ce0080,f6668a804b94b5097fa5a41e11743cc1a28f87a2,1f422ae3e990c8c68681f95813f3ea94e0a31efe
48f3fa871639d1cf0744f3c7c0cb608a9f5bad55,a3bb93a7492df517d870cb24de9296912671e95e,5c9b90ce078c8035de3385f2d74ed0fd4f3cd188
dcf6b26773abe8ff9150fbf48a0f8ad5ec0ee25d,9323c2314fda1de78153dce95b119672d49939b0,a3bb93a7492df517d870cb24de9296912671e95e
7dbb732a6f0d6e5a3bf2e3bfab1a93563621655e,4648db5bdd809a13d3600330a152c381b5b659e9,3855a60b86db7807c2fc12f9b523fa18f5d8f2b0
3855a60b86db7807c2fc12f9b523fa18f5d8f2b0,ff137ede764014eb214470f79961fecb0f1cdfac,b2c2f2cff27973981d247891d6b325c92720929b
d7454e5e33a3c96a5334e9ea507af7354afa5ab1,889aacc43d076382d11316e65646a316161265e3,86b59d40f659311d8be283bda1898afd2126782d
2c019c300c0377fe38bb3b4f262f45c0091f12cf,4648db5bdd809a13d3600330a152c381b5b659e9,4917fa86ca03cb6ba903640d105aa21d62f6e366
4648db5bdd809a13d3600330a152c381b5b659e9,1e0eb6e2868b36dbc4451470c5b1b446c8a1d611,4cc7599b5f19ae8630e0085a226f00e6bba39049
35ac9dd9aeaa96fae7b2a05a7c150724d30ef7fa,183060d40ffce8a8bd233feeedd80f84d4707642,a7164684b2161d3f0c973247a070872fc6c24217
a7164684b2161d3f0c973247a070872fc6c24217,0bfa933c36fcc7ed8c625a57e28db25213f0e7b6,b9bf5302b4f4bd6724ba57df397865c68ecfe955
0bfa933c36fcc7ed8c625a57e28db25213f0e7b6,8ad35ce03b3fa234c877afb0714848fe9b9999d2,a4de685aad096f6d1924595ce2e26b51244ba69f
8ad35ce03b3fa234c877afb0714848fe9b9999d2,ed71f475fd4636a26fdbee72c7980ba36007985b,2e24cf9be8c95942dca2b56d4a5ed56451f41d5d
ed71f475fd4636a26fdbee72c7980ba36007985b,080f67c7deec1c7004a7fe1587c43d37d83a23af,72f7c95883319c0e34902c6804b496137ca55cc9
080f67c7deec1c7004a7fe1587c43d37d83a23af,aab354aec2b09c5e9a32e9c8e909337c3827e4d9,45ca793083b69820c3ebb4bed3969ee385a73ae0
aab354aec2b09c5e9a32e9c8e909337c3827e4d9,e35f3a648433a7f6c55c8616f882d49befe57b56,46a586d4eefbf26c8dc4f19ca3c18805442e4dbf
e35f3a648433a7f6c55c8616f882d49befe57b56,5988b1daf17b0bfd992485075039c8641c9a9d38,d287b63511390dc403071b9b8dc8a29fa1e95d21
5988b1daf17b0bfd992485075039c8641c9a9d38,093bd8485af3479b8b42986716b341196e58ae7f,2a0e2a12667b85279cfeaa653cc376136a5202e0
7b37e7d406f1c3ffd08a25dfc3e56ff2bd0c4a6b,772009dd43e8c317d804ae94b9cd9683e8dc337a,53897c846c29e68c8cb03f76985d3cd8008d5733
62b9153a321cddf38c37c2e5d2c500205bccf47d,183060d40ffce8a8bd233feeedd80f84d4707642,fffbb81739d087fa58511cf1422d40f8cabb23e7
11a19ec03d21a2908ce2d0ceed954e6a41a58cfc,baf78553069cffa6b7925a5781872024fe5d1eac,58fb99d589426e717fd882f3196bfb117a5292c7
baf78553069cffa6b7925a5781872024fe5d1eac,63979e25d7e1082d73de3ae4e54387d98951b07d,c96250ecb77c1681077f093d0af527c07056cf82
c96250ecb77c1681077f093d0af527c07056cf82,ea4579c82f385703a2043ee944ed292bcec03788,4e167cf1d593eca535537a4596675aafd95578f2
ea4579c82f385703a2043ee944ed292bcec03788,475b18f2dfa96c399f9197609033819cc4cbf3ff,679b9b94bfa5e9b2e6c7a68af789a039495c9432
662226bd842e9acc4cc1e0c30b4c8acfb972b718,d2ad9f7942d236cf1f14fd4cde1764e3252fcceb,633fd273bdebd7bad8af480079196f9ff62c613e
633fd273bdebd7bad8af480079196f9ff62c613e,2e072713e3cedcbe265198bdb7d8df90ea96abfe,f6891ef90191845b59b138810ad9e88746621bd3
d2ad9f7942d236cf1f14fd4cde1764e3252fcceb,74582d87d81dd7fc78070437c183080c1390de9e,8b0c10f8e555a5a94f77550de7945bcdd2d229ba
8b0c10f8e555a5a94f77550de7945bcdd2d229ba,cd1b2d06961e8eb19e34788bb86bdb3634fd74c4,1aa504645b65549d26ef12be64b1ec209513a944
cd1b2d06961e8eb19e34788bb86bdb3634fd74c4,963a5e862e6abf34d3518f057c5dc5440032499c,131c883c6fe08fa883c26e1a9f7d3646de7fbe0c
ca1451655e23392e4a484ea4698d47126ef5927d,abaa6f1645911216627bc8a68ece7abb471e5383,44e46209bd1db1abceff8d7abf629b3c6514ced6
32e13768bde686d17c4273d804a6a18935e7f140,2e88ce7f034da7bd4942a39be71abfde02d608da,33e24962be72df40aa2c010d675c177ac5e40898
32213255d6bbc767a47c7c5f53d879e31ca10cea,61ffb8e0c8b4ec2fe4d8bdad5bb8f9a7cdc84808,7dfdcda0b246b39a6aa8919205798911f6a51079
560a0918f57e7496bccc531ed709f25ec95ecf22,09094cf3427a08892eb035341f2b13b9ecda0102,86e159872f567c9c45b147942434f0cbdf118b7d
61c0bd0d92af84b02b1d5f3565683b93a13045fb,4140d558645adf0c970c605542443672aa2c4daa,bf67747e7580661c24ab83bce56fb3626437a4d7
4140d558645adf0c970c605542443672aa2c4daa,75e4ab519f5c76a068fcdf146a7ed506803db1d3,915f044b8fda78e04a845a71585c2d0529fa46d3
cf6b2fad9010187fefcdad7028be6c2359ff3548,2fc940787fc9cad68f4d75218500fa3d1dac8684,0eca7e3fae80f4bbcce58b95dc259f774e930168
b262629adadc13285a17b3d0da85df65aaf3b4fc,f684d1e8bbf77cb917464116b8b7c3c7def48dbb,fcb658b45aac761044126bfcd1d9e67a53e51ca1
f684d1e8bbf77cb917464116b8b7c3c7def48dbb,f011f213543385aa977d2061af26b341fcc9de65,5c97ac1411a054ee887e4abd83f4011f8df894f9
903fbb0a9bae2c17942c8dfb30feea35ef5ef7b1,6d7b74241a560d29f182a5c9fc5c46dac3729911,4946a8cf33faae4d61cb04d6fd6bc3ec810ed926
6d7b74241a560d29f182a5c9fc5c46dac3729911,9b1fefca81b3600a798311e59a300c0fd1a9c64e,9daa61fb70ec5ef024dd9bb1ef22a03351e734b5
9b1fefca81b3600a798311e59a300c0fd1a9c64e,9828afda19124c61840beec329289e199966cfbe,e3f4b90aa52a34271893f8973ddb1615abe6b821
9828afda19124c61840beec329289e199966cfbe,92ae464cc9ceff7a3f113af9c6ab7030955644f1,c0f27752a3a3a0b1f09d1e2061a69617fe417ffb
60c6204f5a35d1c630530e3e84013bbca93ee841,2358fd0fb43d74cb72ddc4dd2218ab9153d0af02,b04954bc9f5532a9a5b49e3c7618353cc7359e14
d580a64eba0154ff7b160f1e9160497ea7880c9f,5fd98b63f38842c51cdad09aa92c7e1a8d3d0694,b97715b2d1fa41e83c39c49f19e5615d0e2251a2
3fe30782daaea7e38863ab81b3d0b2a45562ff7b,c3635192d87c3c8ad573224283185c1b01c6b69b,d10868bb69b40fa964599833f68c10ad8d92a7c2
aa2e17e94c58445a1d2947d6bc7fc47d81396aa0,044f61507c7ab8dd38d3ef1fa8e04f25b3d889a0,c4deefbeaa3a8f3482ddd9b2f06a4af1df1122d7
044f61507c7ab8dd38d3ef1fa8e04f25b3d889a0,019583e3168b5d66435d5268ebddadf508d430ce,09297b0983c93b423f50859b921718fc13d372c3
c4deefbeaa3a8f3482ddd9b2f06a4af1df1122d7,3b527ffb1e5700e296977724b728b6632027baaa,427c02c3a8ac866770c850b0d63f3b66c84f7eff
41fece5a7d7f2280c4c160c7f52af91f87c0dc1e,e01f789017e7de784811c7c97edc3ddfc9568111,443f0e648eaa9066350935c1058ab771877a3cf7
3b527ffb1e5700e296977724b728b6632027baaa,768685693ee2f70090b3433eed5b60ab55df4e8b,10fa451d8c34c0a19b2df09be9bc919200c91aa7
b681740fad234030674c2452133eec02b05f4664,1dbcadd678bdd1cd966e5c8d6001da76aed225fe,893e0091a3da7cc6ae9d1a22c9cbe322da4d9c96
1dbcadd678bdd1cd966e5c8d6001da76aed225fe,fcea0f1f48d70d8b3533663dfd6e577640a76271,b6d7c5e49e72e638462fecf1c33eee44f31700e7
cdf79a464898ba8a25f85799db5ddf3a57eb9a57,a8adbde339ee854a3bf9fa116e0e874f92f06ccb,14235f4aa61d40c99c997aeb6895510363526e19
f91bf692d625b982aa119cb7b35d7d3a2ee4eb16,547f1ed6a1f6263eca01d538ba91326849862c11,fb449fca26330097ddbf5e68e409549947b5c7f0
547f1ed6a1f6263eca01d538ba91326849862c11,bc05aca4b551b3307447bc13ee72666cf240736b,a0ef36d5d58cb9672fa819effb7d5449aef400e7
019583e3168b5d66435d5268ebddadf508d430ce,b8c58e99c0909f0eb7401e98d89ae605edee1154,428ea4ff924180768b138961f438c036f8ca99df
e3b58c4550a3124b61bedf9ac39f926555ae8900,67c4bf8b3ff64ba8743686ca2dd57011dd32eef2,8d326607ff84c34fe634d5d0d74ba81568272f06
e499edf5337cebcfb22f4163d8463c724c5b7ab9,650ebcffab3fe486fa3f7fb41f090867d90c181f,a91954bbac70bb43d21006893b73855a1d159bc1
9ac8ad3c7da201dacaa295744171a4b1b9a2bc6b,e4ead4e0082c99d60555c5fb07ee0ccebb21765a,7af288439403bf2b721a4771f401fb2d7dff2803
1b7c291179b88376152aa5b263d6fdd56e429f12,24d1f6051b20fa45da3ea60ca1c1ec426f697136,e409935c660c84355b55d2df1167d4e99fadec94
24d1f6051b20fa45da3ea60ca1c1ec426f697136,714f47cd2f8da08b85d2db11016428f3eea5f2b7,5cf9d299ab0a8dfa5b01b08b077d8a954057d5a0
af6f24a269e2e9ee81ae9c74fdb098133b7e5b93,6bba6a1868f9af2bb7a9ef94880c60fc92c40c76,3d9d05f33de1fbff67c73316f00cd723edc5bad2
b8c58e99c0909f0eb7401e98d89ae605edee1154,1bfd9a48d383d01497561aec53eda76d42f7d459,e01f789017e7de784811c7c97edc3ddfc9568111
8bfd4e91b53feece0069ca1675de8e4e9886eb2f,72d5f9d5c2482d8c731f3985bf8e6ff9c03aeea4,67e04613adea74b267330e1d3924be9e7517f03b
39347b4c53e8b3610db5afe4672d368535937c15,38a6c302de152dedc69e4d614c6eb457e6f5669c,80009768b63c2f40283115be86ace3fed8e1e0fc
ce502a4e5a040cd5085d31c4268446f4a2e7aa60,22689b0671021622c94f61f82547e5b90f5049cc,31d205cb7bf8658668c7bd543a6ed2f3e3a6eb5e
22689b0671021622c94f61f82547e5b90f5049cc,d12d79ca0a38d66ce630e1e319451861214137ed,05da7af849af2af81ce4f567caee9eeacd3aa9a3
d12d79ca0a38d66ce630e1e319451861214137ed,bc998554a15c7483a8ac249dcb2c036e3570e7a3,abd6f89bb9a26d19d58b0845e686ec4b7efb8a36
bc998554a15c7483a8ac249dcb2c036e3570e7a3,8a3a7ebc84cdd4c4857c5f967914d06294e2f511,e5ae048b613f98b96ae8e6c7493516c6d1d07512
8a3a7ebc84cdd4c4857c5f967914d06294e2f511,0c1d23d384ea3ee65929cf100f7d3138dc3ae7d6,82af000cbf65ef05a52566860bef7b25ee944567
38a6c302de152dedc69e4d614c6eb457e6f5669c,b0686e2a5d6ed18ddae52219224895640264db06,7a2553dccf2c057ddc80fd76edd0161ec84ee2ae
b0686e2a5d6ed18ddae52219224895640264db06,108d65da0eebd431425bf3aa51f0ed234d04975e,ee03eb6cef18daca5c59a9395d8c58ce39ab0482
ee03eb6cef18daca5c59a9395d8c58ce39ab0482,cded852ba4c6bbe3c3f2936bf97d5a9248e558a9,e4181f39b2a1ccbbf7b0f7baa3ba0312fa979299
15ba641fa35022a3becf48c1154a9f319fef0f47,2d9fe177d0f89324552319eb8914314c2ae3c111,48570c61bad7bc102ff5b2b2d4b9553ecf8a7050
79a3c0d31cdb7410fc2da417405dc0cfe02c60c9,7ac1ae7c77f2d1321b19e1cbcc56f922941baade,47adcf5d098dc8da03b246f24fee80721fe27ae5
7ac1ae7c77f2d1321b19e1cbcc56f922941baade,7c6a7fd0d524da68aac61d76cf9beb271aa821a7,66b439d4336110e4287b5c5d336567696a240df2
7c6a7fd0d524da68aac61d76cf9beb271aa821a7,90ae6c0b2180fb0d680e180a9a5213de4486d558,fd6c591b76283fa291da0bf8b0c2a5709b1ebe64
90ae6c0b2180fb0d680e180a9a5213de4486d558,f06934831d39ccf7ea94490df4a8788639589375,53fa8f1a4af1d37e5f5d94ff980b6acf46a44a23
f06934831d39ccf7ea94490df4a8788639589375,609ab913de9e63f708a504f3a899343721252319,91630afcab4cee316817ec930b9bfb034b8e10e0
609ab913de9e63f708a504f3a899343721252319,6dd99394d5ed32d5844761f1cf416afff7b847f3,fbcc82bf34c5a24dcf594e6aab13ffd3ff5545e3
6dd99394d5ed32d5844761f1cf416afff7b847f3,4801b69a7610726ea514bfbbe411d52db50aa03a,da3131c87614b2a9924aa71931e37802eb0efae1
4801b69a7610726ea514bfbbe411d52db50aa03a,b484273b46a211205410469265ffc28da0821311,7133162c2a2b20a1fa32c65776beba08f378c759
108d65da0eebd431425bf3aa51f0ed234d04975e,fb86373a3d6fd8e88624209a180313bf3a1aafa7,540d3ace3e4e4c25ff93c011b62f157684c510ca
b878f258e01ccaa1f8dc177016e369486f8cbaa1,06deb8f86b642446dd202b1dd625052b1d38b3d2,20d38f82114e8f12358cd84cfdea4b7de64c73c2
ea48a4a5af7d9822210dfb12fbef79bcb947de5e,cb832c147b9999db5d67982163d0df1ebae3c7b7,65a464582d407d7ef6207623fec2782d9391cb00
7905b83694a5d6eb5cce6cb8894945a79c52904e,ba009d9f3b04e001e0ae2a60eedc98c978365942,1e69f5e7b960ab4290827c6c41c5b2045aeb96c3
43360e48ff91d2b7714ac344a409e2025847e516,b102a485fa8cdffe9e5ca28fc4c0c43f92f01bb2,8c9fed492bb7fac1aade18a660278562445e7673
62d18a111ea47074079ff8e6918128950573bf3f,4c66d7d16e402db28cc68de045a86f1d4d80bc5e,e0275d537f62e3023c4306f8c7a0672cfaeef391
4c66d7d16e402db28cc68de045a86f1d4d80bc5e,ef8672cb7d2ab8c70a15285f1ac60f3f88f7bb5c,fd308af6ca4c1032904feb710d21b9385624509a
14ab1b3d019b0e53887d72dc91b7ded4e3a8077f,5e7c5dd665b373935657201ddf7cee0b0f61727c,29a674b9736be9384ec8e077edeba475f3a892e3
5e7c5dd665b373935657201ddf7cee0b0f61727c,90bfec5d8878269da2bde7d95b4e8ee69c388240,7c3f2cce20c152c576717fea43f682d33439d0f7
90bfec5d8878269da2bde7d95b4e8ee69c388240,45f742b4129c6d86dc6df65e3f0fd553d87b794c,7442d957985f9891f1ea11a77cd56035c16d1757
45f742b4129c6d86dc6df65e3f0fd553d87b794c,3d6acd074f96cb9ebab430af775dc5ef13df2b52,69f02eb5fc849a69941cf56d3ead70a9dfc4e26d
3d6acd074f96cb9ebab430af775dc5ef13df2b52,e74a925e2c59ade0c27be3a862ce8bd956abb21d,9cf2595fd1b17f9f2bd693cad2a998f105f10be5
e74a925e2c59ade0c27be3a862ce8bd956abb21d,151d5fe0547a28fc756194afa6573f560aaf0fe1,fe803629f1cd5460b385a34e7ae205dc842c6b96
151d5fe0547a28fc756194afa6573f560aaf0fe1,d449be985517211951273954a1fd2ef3ad5e5e25,e8f5d860e2011c344c8e445963c3c8be35eec3c9
d449be985517211951273954a1fd2ef3ad5e5e25,313c5b37ccd3c1d4a5603eef21398e555e0bdff4,aa3e38e398290cd6fd62905eba887300baf38606
313c5b37ccd3c1d4a5603eef21398e555e0bdff4,fb86373a3d6fd8e88624209a180313bf3a1aafa7,eadf003d2f17d06bbd9d19fba21b45ea881724dc
7442d957985f9891f1ea11a77cd56035c16d1757,83b5f459979a062a1da38d4675be746788697883,42b9253f96aa5704eec941d34f5cf17a6bf71a90
c5d230d16eeea0d9cc1328add3bf2c2dbe658571,e71de33e31bf0ea539e5085566cca6061aa17c88,2643a869a4cebb66753e8e056a06980a03abcbcb
2643a869a4cebb66753e8e056a06980a03abcbcb,3d40415209fb7b2b872fa34de22174651c630bfd,f7ed0304bfa5fb3162974302a8c2a1ef851359a8
3d40415209fb7b2b872fa34de22174651c630bfd,306a3e35cbc3537533796a1ef83ca0c0bf324ef9,d12f42d8a3581b94835a15d61fbc1e258bb2bc35
306a3e35cbc3537533796a1ef83ca0c0bf324ef9,d0b0af50b6d369b3b7a4af7298034c981d364814,ae1fed7f4f7c9a585190cfa08f30d4878cb311fa
e71de33e31bf0ea539e5085566cca6061aa17c88,ad43a2e843a0d1fc8a7d25a2f740cc0971656e16,a3ab8962953437199c1d2b79f2ceb84a95a96c79
a3ab8962953437199c1d2b79f2ceb84a95a96c79,9f969390224a94dec113eebdd47a74752bdf66d4,8598dc40bf25514f5ff25bad1daddf78d15cfd1e
9f969390224a94dec113eebdd47a74752bdf66d4,cc359a9329a2f89ed917e722ea07807d23322e31,4142e432c4d03c006a3f657b29d196c95542bded
e4f4a312529503bcab42c4f93b106121a4528b16,4059d3b3f5197075686821aeaaa578fbb4c478bb,ad43a2e843a0d1fc8a7d25a2f740cc0971656e16
ad43a2e843a0d1fc8a7d25a2f740cc0971656e16,b6153d213d520cbe7064beab423d70ca767c45f4,4ff1d6610dc644ddb288f4a96daf9bc7ffbaee80
4ff1d6610dc644ddb288f4a96daf9bc7ffbaee80,554f26bff37794809fb88f7341313b1484f6af44,8e17e0f3a55c81e579d151331c2f6d2bf9ccd6dc
554f26bff37794809fb88f7341313b1484f6af44,49d3c6fc390f1d405936cff8392d38b2dfb75bf1,53d117e6d3ce611c7f0d7f74a07e2506c9c1caa1
49d3c6fc390f1d405936cff8392d38b2dfb75bf1,b6153d213d520cbe7064beab423d70ca767c45f4,40ca7f2df7c3360f569d0208609729c1a587e484
b6153d213d520cbe7064beab423d70ca767c45f4,dd2a424f2bdb8fae1dab5ac27168f5bba186a0c4,0d31c17360b2a59158b173fd5583fb4a9d3aa5b8
0d31c17360b2a59158b173fd5583fb4a9d3aa5b8,83c6f20dd9e15eccddeae136b7784ab7831aa9f1,0f12c1b8a8302d05464dd736d347f044b8e05156
83c6f20dd9e15eccddeae136b7784ab7831aa9f1,bc9ac2d660eaf014ba4068b4ce645a43539e6528,3594c39c29fecad9677b7ae18b41dfe3229f1c7d
bc9ac2d660eaf014ba4068b4ce645a43539e6528,dd2a424f2bdb8fae1dab5ac27168f5bba186a0c4,fe6d0fd2f28566d4c2995769d0b2532972f881ed
dd2a424f2bdb8fae1dab5ac27168f5bba186a0c4,1affcd21783f3143d07383c3aea039b2a6c01bda,5fff2c373d5a38d440dbfea5179276e9cabf11dc
5fff2c373d5a38d440dbfea5179276e9cabf11dc,7827bdc83185ab7e075286ee0e0c9a8126b29681,00bc3f05a72a9f9f7cc262f0903b16ecb2fd6f88
907c5a50f0f7cdfc6a1f3eea83d8af72b9262d95,1196f55b4327e8f655c1388ecf50b4d646f22a26,d165879534bfbbf682842a5c55001eb6d2d6360d
f87f85b9c6e236f20dec8151ae11438950aaf967,c9b77a189415e372155aa4e72c9dced8f4198af1,df1bacfedc9167868a5b53be222b81fd64ef83e3
c9b77a189415e372155aa4e72c9dced8f4198af1,4ffe6b40f367c696107b9c01a67812559159633a,e7025c7e4ae71118c80fb99765eee7e1422f61c6
e65580968ba516d2cffc8a60a15837a5bb809dd1,c790c3346861730664044fe7cdad5381a16feea5,cb3767510729b64e3a77ce25c24b46846f602a9e
9c3038874e0fd1b3662c6cf7b1a36337f2f549b2,39a74f49aed1865f411b3ba6ef9626d0a5b17f62,76d353d3bedd6c776f452e9c23eade14d5c7723a
80628239d5a1a43ca7e13c1919928d495f6edc5d,4a01fb17e28a677f4b03fd467138648fa4454acd,f16141517aaafa8917dbe677e73e00bd652767ff
40657dff993dea662944be2e77d535676731cb33,d46ed98306c1e6004100f07f436cf2041973513a,b906667c243c76db3d839622a00412379da5a5b2
d46ed98306c1e6004100f07f436cf2041973513a,2099501dff7ee86efae62535b8799d216ba405f3,ce0de3d7d88cbab7f9ab08f45e0d034e69083048
2099501dff7ee86efae62535b8799d216ba405f3,b9516e0eeeaace092f4888fd018fcd4c961c9355,9cd23f82b623da8a10fcac56665c988392379409
b9516e0eeeaace092f4888fd018fcd4c961c9355,00268cb36d05d104034b87afbea1541814fa5b1d,2b0a3fed5673999f1fcf0c03313628f2e6f2bc12
00268cb36d05d104034b87afbea1541814fa5b1d,8f20ae46ed1509288e3683ca986b8af059e46ac0,21fe6d10f244f1dc7a7d71d7e628253af4ff2ef5
8f20ae46ed1509288e3683ca986b8af059e46ac0,3d701402bf46018e979671a1c653c92c53f89f93,40c731d6885b51e469b02c2f6b65524410c8b097
b906667c243c76db3d839622a00412379da5a5b2,18724b081ab75b0d86e067edec77e4651260b15e,1196f55b4327e8f655c1388ecf50b4d646f22a26
2b0a3fed5673999f1fcf0c03313628f2e6f2bc12,22b1c0ba49161767441dbd50269f0f645257a99e,1638d96d72a0002a165357a345f457a4479348f9
8ea41735d9e77f5474b39f43a1d5cd9bbe59e12c,9454e667755812fe317b973b8dbd1a751d693d4b,3da58981bd6d2c6bdecf93edce88d47c667361c4
3da58981bd6d2c6bdecf93edce88d47c667361c4,d3c332438611a8c85ada648440081220b4e77ca6,6f509917f5af51fb50a297f7dfdfe30954979ee4
d3c332438611a8c85ada648440081220b4e77ca6,af2af6ac9080529d102aacfa57807371fd983d2b,2737ec3617022dd7fa8b2835d4281cb2ce64c3e2
af2af6ac9080529d102aacfa57807371fd983d2b,e46b1615a10fef9e56cf62fc581feb5a135b383e,ae1622f1e4630624328c63883b9d8a0f0ad8e1d9
ae1622f1e4630624328c63883b9d8a0f0ad8e1d9,4b4010363bf994ca6e0e71820ce733846b5677c3,af4d9e4c1a376941f87ea7e65de7310602c8c689
4b4010363bf994ca6e0e71820ce733846b5677c3,4f552825ad81555e0dc1fe54bf2edad7b3f13baf,41371adc98551b339d760652db49d2ffb09e06bf
b42e818ce879bb8980c3831bb2308c9b2850ad59,0bd675ca49583303bde0e238bff256b55605a02a,eb607a51747a76dda4cb8b18b5dcad52d8eb91a4
0bd675ca49583303bde0e238bff256b55605a02a,3081dd45efe27067e7b1f9677a6a2f1d894b651f,b59f117341b842abbe4624f8b4a17473bc39bc8f
60e8fb5603eab39ad261e8ae3ad621c0e3c874c1,e5e24305e2a6d4d95841c7d93b01e91ef5424085,ed0f227c41350bce5b43e25a5d59c29d70da19d9
522e269663f6ea57eca55750814d0f28df3766d0,0aed1e403df57156e32be3972959b4849b6f3e4b,56818fd258c2c9c682c869b15428faf7b266786b
0aed1e403df57156e32be3972959b4849b6f3e4b,34667bf5e04bcb39c86a1db3b72f2a919f96743b,321460eced80866513cc68293680939df6628f05
34667bf5e04bcb39c86a1db3b72f2a919f96743b,589b12f768862bb6abe645ccd569a6ce9860a7fc,474dfecc9d88d4fa482b34c974362d953fdea394
589b12f768862bb6abe645ccd569a6ce9860a7fc,f13d60b2ab303324f053d53f086b83f66712acf8,9960e12dd0a60f8eac778d0fda19021afeccc171
030a48c154b1c6f45da984285a7a6bc6c8e5f005,a1c5ada8f845d7ab27fab5728ab9929ab9b17259,00eebb3ef08e66b2cf8484f50853aedc30175dc2
ebab983b8a644b4e5a7fe3d392be67d44c3e900b,bb61f88aaf9c6a6226a0a35034fc963536e857bd,738b6347898aa7789936bfac8e5973f5f2768e3d
4889a08e4c98e2966e2aa8f1876a3974cb259c32,d728a49172fd1e3621f0a448583690e289bf2daf,b9170fb3947fd89e8c31d5e692b47c5bd63f0e1a
1fac89e74fd287961104865cf3d7de391cc03677,c2780d5075cf1a929b03c30b1097077de175bc70,064822630ec25d284802d2a1ccf37d792ecd80a7
0b48ec4a9ab533254a0512329ad7dbb57f497806,380a2f4eb6b1c69c752efc91c50376e1f7599e3d,2567c25cd384b2a42e5919b88adf506271a60699
380a2f4eb6b1c69c752efc91c50376e1f7599e3d,4af8633d8852a68138ebf352bc4d698ad96f30f0,b54181e5da16691732cd0fab02e32700be185374
9c124a687e8e4ed112d99530f39fdfd1ce30f09e,a59ade5f556952781884c306368b58b6404ae128,3081dd45efe27067e7b1f9677a6a2f1d894b651f
230d8e908095a5650ea63bf29179f9bc1f842425,80e0e781273fcf16fc68072d2d3fc2c5ee634dfc,1643aa9b4610165bcbd14d1a6857d367242b56e0
1643aa9b4610165bcbd14d1a6857d367242b56e0,c3516c06a64da5add803d384bb28e2118904c402,8178c2961ba0f010ad6fbc891d3f9ecdf56d2a43
c0424312229e040f6d624fe20e79d918953a14aa,cfd59150359f0201f147f5ef63a587a919c79268,3a4f45fc5cf7d4ff8894d14f4cfdce40c144d6b4
cfd59150359f0201f147f5ef63a587a919c79268,4949310bcee4eb6ff762cfee058275647c933ac8,8182f8dfe72d303008c0ad27f77cef2241a72e8a
4949310bcee4eb6ff762cfee058275647c933ac8,4345a0ce02c1b5a5e0c459d2b992d165f6bb76e4,744aa9696ea9e7eee780cbfb2316ea82111c3ba8
4345a0ce02c1b5a5e0c459d2b992d165f6bb76e4,80e0e781273fcf16fc68072d2d3fc2c5ee634dfc,4f37a4869b54063b3376a10be7e696b25dbfa6c2
0b93bee13fccfb509ac22a72c89e1134190e5d13,1ffbf9721f557225684419524aa6c040ec7b6a9c,ef46aafd0633ed4fead7a0e29371f9b9f9cbbdb2
80e0e781273fcf16fc68072d2d3fc2c5ee634dfc,7a4a8ec8fed601f9f4e51c18aedb00b29fdc8458,58e640cbcba1148e97d43c2bbdec99ea31f6b2e5
76400ac15dc62aa37dbf897b00705da44c04fe7c,f67e89597db87f017c3d4706448ebe3ff8528853,feb1da151f639baa6094256930c2200413d1214a
feb1da151f639baa6094256930c2200413d1214a,85ad3c16b031f2e21969123fbf3749f796623226,ca113b6cca79b6821bb69a8f0761c5679aef3a0b,0e5bca1e0ab2a9d00b6fd6ee94c12477c147a515,fef4f911dbe4f78ba0cac61881982f3bd9ac4a57
fef4f911dbe4f78ba0cac61881982f3bd9ac4a57,f67e89597db87f017c3d4706448ebe3ff8528853,e85eefe8ba52ad534d57473155478b2ec267ca6e
303478b90be1a12479c093561f00176219ac8abe,ad76418aee189ef1fd60fb8b88b19a0310c442ea,cc5de6d7d17668561608ac3b7ccc90cbe93632ba
42352b259de8420edc866ea546dd4536a1a10c8f,4206b690d16821303086158769fc7964c20af6d7,00ed4c41554031c129c35f52e0dfd2d8112558c7
4206b690d16821303086158769fc7964c20af6d7,cdcde01615bc76a2132c2e591cdefbfefee3f9b0,714a961c79f5220cb3e18bb592ce4c0b57e6b6a7
cdcde01615bc76a2132c2e591cdefbfefee3f9b0,1a74fa2b5838ea6f4e97b588e79f5350cd797ba2,1708e5e7a57dcc856ad0352f3a76ff62c2366a1d
ad76418aee189ef1fd60fb8b88b19a0310c442ea,fbcb0281e3bf0e7c90d5f51cf7ee62b3473ff4e0,be63aaf92887d96227d1042bf6ab7c3277365b63
fbcb0281e3bf0e7c90d5f51cf7ee62b3473ff4e0,5bae5f47889e751e5ebf3560814c8cb1c57af6e1,f21d6b826bfdf74cfe43636e9755e66e0569759a
930029ecbed412018c55fce39b8bf9a2f33fc7ab,d3d4ceecbbd020e3552248d8661920f3333f096e,b9a03ad84a0418db368a68cac3828469e5f8d5be
be63aaf92887d96227d1042bf6ab7c3277365b63,a92f8b3ed092f7b1eeb5c92a473121e67836bef8,1becccbdf625abd06ab8065bbda074d1bcb91b49
a92f8b3ed092f7b1eeb5c92a473121e67836bef8,2d660756bb14ad9e54ff7f20f805133a3a90b36e,1a8e8758c4ddb1e3655a229932e2ccba7e9314b8
1a8e8758c4ddb1e3655a229932e2ccba7e9314b8,f7c98d10e96387364216c462f8dc75c6e86e0db9,f217c23472660d37537745b2015d6b8d5a4057e8
f7c98d10e96387364216c462f8dc75c6e86e0db9,394d3846334cf73910e336e671380fc7d07d1967,d49c499c68e6dda9b5c4a8e3559470543057d5a4
394d3846334cf73910e336e671380fc7d07d1967,6220d3068980bf737b1638c5967bfd857cbd6fde,23bb946a5c7f5fd23ae6d0613e3a44b9cb1c1a0a
6220d3068980bf737b1638c5967bfd857cbd6fde,22cdb642cdcd5ae22169cdf50f139ea713449c09,ac7e87e0a788b6bcab5edf5602dee006f3493585
22cdb642cdcd5ae22169cdf50f139ea713449c09,6c80963884b88d32d2ced16c56acd7343518447a,adb57e2aa843926eef5d641bcaca9d095da96472
3e6969d0a492fc06b3bdffcf2c34f87701e21492,2d660756bb14ad9e54ff7f20f805133a3a90b36e,6477daa9ee0b1a099df00458301b221c6e48a2f9
5804a833a5667be9c645036f99daa8cf95ab677b,7d298c0e8f0ee76e60fbdd967a2e7eff532cda97,2aecd70a364b564c223781b38334bb5059ab6dcb
05d871b71628fc55b0507031f3268372aa0961c5,fe671a70e236710412a514fa276e59f875f3c617,b3848afccabff7a9d37c491c8eaa264054257951
1c1cb35aed28c14d10052a1f27fe1c569b1e60b3,a6f87e751cc24070ea0dc9b3f498c44b76b133a8,9ae8feea6f05862a9c76c897d5a99334b25a0b18
fe671a70e236710412a514fa276e59f875f3c617,817358a7b270c5fa80a317910eba20ff06555d4e,33ab885baa17fe62ced00020f13fc602c69d8843
33ab885baa17fe62ced00020f13fc602c69d8843,497211376bb85d841edbc82b35f581f578bfd2eb,2be4efd609575bfbe18bdf8362f66ea5ee5645ef
497211376bb85d841edbc82b35f581f578bfd2eb,12711f2e49aecd5b71eb576ef26464035586da22,a752b9627f9aeb0d743ff3e6cd0b425cd70855f5
9523f9499866f3d249402140962a2e0b2e669c4f,2df8c62c14487017481f755c4149471528c962a8,9c9266606cac3fad011ccdcb54877cb746064640
9c9266606cac3fad011ccdcb54877cb746064640,ee3954c11f75a688d9709761a3db10acc1d504b2,3d6b4cf2fb12474a4c08e13efa866e4d821ace36
ee3954c11f75a688d9709761a3db10acc1d504b2,0404f35cb9cae5aa5d2b512dc998b291dc62a2e2,532bf71766904a11b5b2ec4f4f2dcc18c49f3475
0404f35cb9cae5aa5d2b512dc998b291dc62a2e2,11c1e7a906409d7748dec3193768c58739b26e45,faec4c8befe2bba9f565b50c92b5118b80579727
cc3f5da0bb6d1ddede62834e1afe1b4fede1a10b,a35fc5541021f0fa55a555de25ce2934baca39dd,2df8c62c14487017481f755c4149471528c962a8
2df8c62c14487017481f755c4149471528c962a8,5d57fa73a5cc99464fcd92f1fa8c8650c038b84b,1b3a3b3cb3d234e550cfcb46bfd776883b5d458b
b04112af83ece9c50af43bee81580d73be3f0833,4090261597d83fa94c3755b1b2decb388e335db1,b4c6b00eb260923086242e400f465d51fb15f13d
b4c6b00eb260923086242e400f465d51fb15f13d,64c4e787e2c7fbf01515c0f048f5c7e335cb573e,3007db2f43bea06b13c7f9c90c7e5892398c688e
64c4e787e2c7fbf01515c0f048f5c7e335cb573e,3de298bc3723f896a59810d66076d638ba443ef8,4090261597d83fa94c3755b1b2decb388e335db1
88c6f28a8e6138b627502344b4ac41be21ecaf82,2f16227ebdec059170391e870202e29148fb2ca0,4090261597d83fa94c3755b1b2decb388e335db1
4090261597d83fa94c3755b1b2decb388e335db1,98b6abd484e59c272faa9a7d78aad4a078ce4953,5ae34aa9a07daf9bcddd435fcf12a917f419630f
5ae34aa9a07daf9bcddd435fcf12a917f419630f,af5fccdca1ab23d719e88ae16dca8e76f2270cf8,4d6b5bc342da33bcca23b1cda529d6f6f8951d69
8cba1d7e1ca1c0e1b6529bb494f209243a271762,98da365557e25d98fdd582d2119d93f0b986a660,7ae28f192a3d6b6d46b456499b51dd350e079194
7ae28f192a3d6b6d46b456499b51dd350e079194,8d68572f79fcd9e3483003ecb781eb37b265128b,9460e7f175eaa964c7ede00d78cef166b9bdc651
8d68572f79fcd9e3483003ecb781eb37b265128b,ff8225b2085fae217b0ec4c293bba75f0912c7a8,151f0ba0765c2bdd7d8d03f61b41eb9671f398fc
e78cd68acc740434c3bfc55aae027941031a50a3,6fe70a81d4bc394ac32a48f77d8010d4e4b7f2e7,e60bc4d525267bd9ba0619263cba2a5b69d9db48
557abcc7c544d82398e5828ec10122be1a22e008,4cfdc9488fce50e91d6f43628610148030da5776,070b463ac097079f468253ed17b8d35a5643e163
83f9b82794c9d30fe2b882d6d0f8593d47cdc0c8,d2c424aa099357e45699438fd4ca3afccebb9222,9006592fa39bccbb52de608d6b78b8d814edb088
9006592fa39bccbb52de608d6b78b8d814edb088,99963f0d1815edc1f777a5f9fbc091b93c2df4ab,14b8d482ebec37108416709584ba03ef4e7bc5f9
99963f0d1815edc1f777a5f9fbc091b93c2df4ab,4882a6448b3c53b351ab6e8d15eb96e0d380c45b,81db54c26310f0d31322246edd4cba3fef26469f
a9043b9650ce35d69ad0a243086f7c1277e1ce7f,2b42dec9301a271bf702c6778b15c36c5da0e90c,d11b5d9e4d2d804726491f51cb2c34771e083fee
98da365557e25d98fdd582d2119d93f0b986a660,fb07750993711b6e30ec56e47c9c7a71310bd2c9,c0e5b96336e676fd84cb4a7bbb70686a3c809359
d11b5d9e4d2d804726491f51cb2c34771e083fee,a4abdc3c4510c878e811d1fc73e83d3b8e71f9be,2b42dec9301a271bf702c6778b15c36c5da0e90c
6ebc2fce95508d4b87a32bcbe99545d405224f88,49c5b60d42af209d5014d20a2f8c43531ea1120d,6651c1785a2c94bd5cd6eaf9a46791a152ed6ea7
eda09f41c51db8c210c68d2f5974ddf2cdc1c8d6,392ded0820247224b549cad66053a604d5b02eb3,8f98f81958387693b4c5660f1d9894645991a7f2
6bf2071cc5fa0c59586a2483925940a97a8527c1,bb19373c87b3c639e0d18bc541e7247b0dad3b41,d57e2784859bf0f8b96934acb43da5a9253c5567
bb19373c87b3c639e0d18bc541e7247b0dad3b41,9d56825122983e904515de1922694c66c95e5b1f,95a4dce0232a37dea9a6fce7c381b768b312d733
b073edfc08908feb1679531f4cd7f490515e65a7,c0e5b96336e676fd84cb4a7bbb70686a3c809359,06e9ba99cf7f7be610d7344acb1954f8518d0f6d
2f6d2fa07aa45b3fa081bfe1ba72ff61d442775e,a62bd527ca7030b72d615daa217f958d73871695,76bcd2a92f655d3140c28190cd009d9072d563d2
32907ec505b0adf63525a2a861dcc296b9cc7c4a,307016e843af7c0977216eb6c91ca03bf6def501,639f802d22c56651e8d886b605014d09c5929839
639f802d22c56651e8d886b605014d09c5929839,2adcdfe9d0afb212957df5565d687b7e886901a4,b5a1c34cdf0dffc30ee96a0c7d6739d009888e16
b5a1c34cdf0dffc30ee96a0c7d6739d009888e16,307016e843af7c0977216eb6c91ca03bf6def501,d2943a0724ee18797f7ba1265166f452d798176e
672b331283466feb0e7e787658fbcb57f728e4f1,50ecefd734720e89b3a5182ab8697a7eb33a0f6c,92524e9796c3d486f3e252f4fc2b3d08aa740418
92524e9796c3d486f3e252f4fc2b3d08aa740418,1f20609a41378d1f78a746b84494df88859510ba,b5dc45a87c4fe9052ad77180251dd2d7ce4af09e
1f20609a41378d1f78a746b84494df88859510ba,32d871c4a03499fda555a5aae683889d37737ea4,9d9a3f7ca6c76dd4fa8d7154ca671a35e9d262e9
32d871c4a03499fda555a5aae683889d37737ea4,d2ba3b2d2cb73807ae2713112a7f3e9849beed1d,31cb66f9f158ee67f59b01c562d8ee6a06b0b426
fe83f16321d67e650003f539eb0196190efd6833,50ecefd734720e89b3a5182ab8697a7eb33a0f6c,8914a389812644fa3b8c89157ebff02ae8fcc7bd
9d9a3f7ca6c76dd4fa8d7154ca671a35e9d262e9,50ecefd734720e89b3a5182ab8697a7eb33a0f6c,f9148ed4f430c7e75d106e39201b63566b6cc9b6
9523c4d2d16585c7caad9d5049dc79a533402a7a,50ecefd734720e89b3a5182ab8697a7eb33a0f6c,da189667c1d2979da85671f6081c20d01621b2f1
50ecefd734720e89b3a5182ab8697a7eb33a0f6c,0e0ba0890091071f55270ae37ffba50c212c6326,7a8460ede088710dc7f41c6480708be10b4674a3
9edd4bc05833d15fe9f0f671b4556f899782b455,fe6128180e8741be1fd40c60175a129fbc41513a,05e9a39837e4c07fe1f2482d8001c82a49c1def0
9e303516f094dd3ad516b36314a956e3a41d0ddb,440d96155ff797478c0872ec89291846ffad7c15,cf882501efb75850e073a8421bf573a35c4d6498
440d96155ff797478c0872ec89291846ffad7c15,87c1f831cb6619b7f93d91fcfa9595fdeec0a8c5,6b83af42565e0e2b2652019ca0e404f088428100
87c1f831cb6619b7f93d91fcfa9595fdeec0a8c5,0b852dd89243fd4c82a1aaef94d38dedc90a8f0c,4d1de5e175eb6a6d349c7fc1d2ae9017e45cfeda
f70ab33e853d44b01819a7375744548000d9a38e,fe6128180e8741be1fd40c60175a129fbc41513a,f3b8c0ef041adbb871f4bb4462c9716e5fbbb2f7
fe6128180e8741be1fd40c60175a129fbc41513a,bbb126fae73e74dddeacca12ca646cbf4ca7e882,ad066cd9034ea5045ab09ace6858f94f8ca41802
bbb126fae73e74dddeacca12ca646cbf4ca7e882,ace525c162aee751a8e18b5b5422ab09074dc250,c7f58466ad83cefa33afe3ab32f2d178839bd873
ace525c162aee751a8e18b5b5422ab09074dc250,6804a60fe4899fa83586bad51b45ad94ef215203,68f555bfc23f4bd9c07f008eb8bd3c9c6784459a
9e16bee0a5feed109df5454f345a6e1ff397bf00,151d09d47956d507f2d0a67f56b135c233a59d83,bbcaa27732b4d6be464c900344e6da61951e4990
6a65451b90edb379d2f374cdb720f5d9fbc1567f,a70975b2485a34b883a2bc1378d0d42bc64c60d0,11c110465eeb1b6fcad9e3b6d1819a11426feb77
a70975b2485a34b883a2bc1378d0d42bc64c60d0,fd0759f02aae14ac97bd9fccd664ae72e26d0108,9e913399004324089a0d920a9fcd7c70404e692d
fd0759f02aae14ac97bd9fccd664ae72e26d0108,4c179d9386b04f58e23188581aeabfcf67ed826b,dbd738353db760f3c592d22e5c229c79bfddf645
4c179d9386b04f58e23188581aeabfcf67ed826b,dcb4a4bebbfcf54d69474f1f809002df068c7341,7895afbda5d60eefa56c1851561b6a5c90175a21
dcb4a4bebbfcf54d69474f1f809002df068c7341,886f6b8dcf39cea4c2ff8cbab0d97f69d1ffb5bc,612d23780c6eae7095d0c338edabacf909ab0932
886f6b8dcf39cea4c2ff8cbab0d97f69d1ffb5bc,7d93964615f8d8322edb2603be930fda79897deb,a7c318b138dba8651dae8dad604c0e7d71a49411
115caa63e6e2f0cc396b4fa65c9fddb99fd1d765,c9b8384aafe3c46685111b2a650a1221aa08a81f,46891e93eb1cf8f49d8e2d4beaee2e10fe40fdbc
c9b8384aafe3c46685111b2a650a1221aa08a81f,151d09d47956d507f2d0a67f56b135c233a59d83,f1c6adca8fa11fb9f9bcad8d53223e1151913491
151d09d47956d507f2d0a67f56b135c233a59d83,c974d3a941cf04900011cdfd4a6752df735ce0fe,80fafd527c92464e52fd9842446ddd2cb6521c1e
5d0dbe29cf095a0d30c45166f6944fbde76e5298,c974d3a941cf04900011cdfd4a6752df735ce0fe,b4c086061e184bf0e047a13a4700d2db5dfb0683
b678e0876de05f7503f3bc528f7af21b19b07715,c974d3a941cf04900011cdfd4a6752df735ce0fe,d832335c6dda6437ad7b2a48ffc7e753bd8f0f57
c974d3a941cf04900011cdfd4a6752df735ce0fe,fdcf3079543ddce2c4cda69c9aae9128bca11a0b,9a8b38370b8d8df63537d9189ace3acb5dffa470
fb38f19b2e0811c0fd0bc67bf06c8b94d1248038,02da7024d3686abbe1cb456aa8f90b2406338a36,0a7af55aa9f156a8a62b478bb27eee71e09961f8
8a58b52c33a96846e8545b82aa0eb622fd46aad6,f8ce5235e115b95ae44d02cbf6c567dc7c4e6ccb,93863f86070177e6ea673b993de5b50b743e804b
f8ce5235e115b95ae44d02cbf6c567dc7c4e6ccb,ee10316d970c05aaf534721e5238e8988962442a,a97464fa784f79e5b4cb942345280ac4e73dba5b
ee10316d970c05aaf534721e5238e8988962442a,76b718092a0f0aad73300371c2ed43f5388c9dd3,5a69dc80aa26114945d7ea6937a9a2e1dfd1c862
41329688c23850c28e885fa438dec3635658bef2,be57c31753fe9a919ca1c882578bbcd21cda395f,8d6511a2d08bcc406854f884df14c671e27eeeb4
be57c31753fe9a919ca1c882578bbcd21cda395f,8f7803977380faeed55db6151857f8bf047f1715,8436904cb3a1ea1bda5531de9d0c9c4242332681
e09f19c91a44580b54a33002a88b00e67e458e30,f90bc4fd50cdf8d9e47fa01fd3428e6b7705bcd3,3c0cdb2285e8ce82df2f0bc6955800d423ac4bbb
7a1f67b1b62c166efc409bb0dc4593d13fccf197,69bf26e6dbf0dac601aed044892419ac445e0ed7,897b0b64e2f06abd5979a060aab3645436bec257
897b0b64e2f06abd5979a060aab3645436bec257,3d064526d4bc21dffbd0024f7a099bd49e8aa3f7,e7ac548105765301eee615859d5c415bc11a6f30
a9160b539d9c7044adce66eb3527adb01ec6efd1,082beb1eb903d43ea2bbb09b2f7f13c876dbbe68,ae8d50175f1d54543c0a86a154a6e0ffd25a0a42
082beb1eb903d43ea2bbb09b2f7f13c876dbbe68,cd135d5e90c188d7cf06b7b455ceafb64d10b6a3,0d6c2e76921201a411fa7058f647a2409a34655c
0d6c2e76921201a411fa7058f647a2409a34655c,1e600103701b2b527305235a1fadfda7c6cae451,70c61684407b14f6587540c2afff8beec5ac2ddc
1e600103701b2b527305235a1fadfda7c6cae451,fa312bfdd0f1a9ed714fb953f152654e8d175deb,c06043919f5595f6f483af5f0d9341cbcaf0b939
fa312bfdd0f1a9ed714fb953f152654e8d175deb,a4038b87f9a570487a3b818fc8a11a76635d92bf,c2e37352ac84eb8b4be89feed90bc2249866f715
a4038b87f9a570487a3b818fc8a11a76635d92bf,4273b224b90ce4e8e78444b02573a276675af264,55759258fdb5e01a2d42c6a1101d687f0c5ce01c
4273b224b90ce4e8e78444b02573a276675af264,855c971c4a89383c49d713bed2c237738a093f41,874c6f4503361fde7de81c7618d7909728ece3d2
855c971c4a89383c49d713bed2c237738a093f41,51f66413142bbc26d5ebd2d50fd245416709a16f,5390ac3f853e6f48b4db66dd81e97885bbea530b
ae8d50175f1d54543c0a86a154a6e0ffd25a0a42,cd135d5e90c188d7cf06b7b455ceafb64d10b6a3,d1d1fc7f1bbc3557aec07f46e73953cbfbad7c72
1e0b80fb3a8d3fe8133c1e89b6f5cd4d738c80e7,fb7e69f75ea3b524d87dae454375c200a360cd2a,18519d9c2d65481ff7ce9ae3f519e27b98996424
18519d9c2d65481ff7ce9ae3f519e27b98996424,88e1a6c781699e01f3fe3e947bf2c8fec84daabe,364bf941ca7efbb223d75932484242d8b5c8bc71
88e1a6c781699e01f3fe3e947bf2c8fec84daabe,522c66a45ce1e1afa1bbfab73281c26a7658a878,5aeb3121965c5273577cf3e8e175321519bb127b
522c66a45ce1e1afa1bbfab73281c26a7658a878,fa12a736caf7389764753b7dae9f7577017cc8a3,f5302518995acc931aa882ebdb9112448b14f8b2
fa12a736caf7389764753b7dae9f7577017cc8a3,f1bedbb0b0b7f973beee7c116d9da303f0913ce2,04d2d546cfcd6616944cf23a0ad8eb935694e620
3f6fefb557533429a3177f8e7073f84d89e53533,6c4c7d8aae05f146276ee34ee67c757ca9620c63,8a77b18d849234a641d6c0066796945f91e499d8
6c4c7d8aae05f146276ee34ee67c757ca9620c63,2db0875d75c708c6167b4955ec146136b9903ca8,c63abd74a078f1d1afed35c575f73188cc38c02b
c63abd74a078f1d1afed35c575f73188cc38c02b,9d4b6a02fb7ef49444d0456e5861184e34267fba,8223554e50a862ef5366b4461683b43578766799
2db0875d75c708c6167b4955ec146136b9903ca8,3ea08db753a76f0a7ac7ac9b22a069cbfb059631,ca159bfda8631f89d069b74a69f3b2a039f8eda4
3ea08db753a76f0a7ac7ac9b22a069cbfb059631,c421f90dc0af22c9da0236499b7700ae336c479c,2af6fbf1727329f62d813a6434ffed8d0bb21a48
2af6fbf1727329f62d813a6434ffed8d0bb21a48,545e9de74c5f0da285001cdaae314beda21f0e16,95805adc9bca297fdc202aa7e0a2af07fef232e3
545e9de74c5f0da285001cdaae314beda21f0e16,c421f90dc0af22c9da0236499b7700ae336c479c,2ddc0f62e3210f37fd9b35bb82242f02d13eb5c8
9dc97e87fe3c67973583684b6a266e29f706f7ef,eecd123ecc7dc1365a3342077558694711101fbf,c421f90dc0af22c9da0236499b7700ae336c479c
b21cc8138db1e3ad5b6e658ac3d144b45fcc85e6,402c2e49221ceca40fa43ca542ba8b0d9ac03632,66598632f9940a72ed13d4bfbe1213102388dbc1
66598632f9940a72ed13d4bfbe1213102388dbc1,51c84a3b51215c5e199fc1bc2b7d94309c3a30b0,dd2d490524045ef37b743612a3824922c482d301
51c84a3b51215c5e199fc1bc2b7d94309c3a30b0,7ddb3ca0ea5921c13f444ec5a71a8734846a21e0,b275d26e385404bc2e267d9e03cb27b575bec1ea
7ddb3ca0ea5921c13f444ec5a71a8734846a21e0,07affa2265a8efe0dcd498d28b5e462e40e02dc0,debf96c742934543e210c48c7c11199aa614e381
f55d002f03cb70d9627b2c6490b5fd30cb0f8d87,434b9eedb973eac885527e5451cc74f34b4ef7a1,83f491483125ee178d279a57b51dbae56e882f01
434b9eedb973eac885527e5451cc74f34b4ef7a1,d2b152ce7f1d09c5eb8c73ba795695b11496f539,402c2e49221ceca40fa43ca542ba8b0d9ac03632
83f491483125ee178d279a57b51dbae56e882f01,f5c1d54b5741029d1fff3f218da6fd78040fff46,402c2e49221ceca40fa43ca542ba8b0d9ac03632
402c2e49221ceca40fa43ca542ba8b0d9ac03632,377e9e6065006a4027567a143ceb0509e35f664a,3c0f29943c5f6373c34c1ccd51a2fb230c32bb51
43aeb6018d5d6eb63e15d6a9292c09654220cb1b,34d5d276ae29a2e6440bae5264bfb50c7ed1c5a9,bb289bbdf3ebeda2b3099d6918fb58dc8f61af4a
2acaf4efbc19eb25dcef93fe622592afc91214e1,377e9e6065006a4027567a143ceb0509e35f664a,2440287d4558585a6d4673a2317cb376078d401a
c513f515c6a00d40293b46049f4b2d18c8d4f3c1,5d17075bf3875c7cda7e404ec0dfe1ca0b529eaf,377e9e6065006a4027567a143ceb0509e35f664a
b7fb05ab0f54878bf40a163d8c2a2a541454fb5c,ae4306eaa6f788e3b5df84d34c2411f493e57a1d,00d8bf71a3a0851d07eb7d7a437108a8e73b9e34
ae4306eaa6f788e3b5df84d34c2411f493e57a1d,41f769e36c1d5a93cf1b0f36a5d6a0e35ad1fc53,e3886060b956e5d1ec203bd19b05a1a62c1be4a9
41f769e36c1d5a93cf1b0f36a5d6a0e35ad1fc53,ceb5f7cc94b3fc8400ed900a6dc6a7354191c5b6,a0e3e84972f3ca30e0ed4acfb62433b174119a69
ceb5f7cc94b3fc8400ed900a6dc6a7354191c5b6,ed71513b99efa509598183c0b08decba35bfc3fd,80a4078e8dbd0a7014be1cc0723f784233f57073
37a84d9117fe2f6295f61bef6967d98b6aa4846f,59707f967eda5345b7188e69f1ea80b60a885ac0,c7ce6279ed644a0df68e677e5dcd5f554a3bee3c
c7ce6279ed644a0df68e677e5dcd5f554a3bee3c,23d11dadc157377d984197590bfd42d43ac382ce,3269658557e0c98bba411ad943c11aa1c45ce1d9
5ba1c2a06640d7ad7c39d75255bdd415b9dfa7a5,2c52c37b8cee74ad714b879104c079978dac18d5,9cd6a46019e9eea5aca93e24365cd1efc699d27e
2c52c37b8cee74ad714b879104c079978dac18d5,65d6d9005a42efba97da91006b89437746b1c753,ac03adf0c5b4f9a87b4f491188ff19c59fd12007
e2346ad471673fddd9a023686c5fc884c66b6a8d,6a9eda0b57b0ed30bccdb40d7f360f33682137a1,94f4ed23beb96d7138fa3cdca36860daa0db550e
6a9eda0b57b0ed30bccdb40d7f360f33682137a1,a40876cb5501064a18d1fd36b6cf832c5d0fb555,a8558d9d40ac8b6dc6a330456f015d1d9e580faf
a8558d9d40ac8b6dc6a330456f015d1d9e580faf,9af66f9acd92b2d57e4f36e653c429fbaad07b6f,4aae4f7560bd191f22990fb0a5d9c2faec898a35
a40876cb5501064a18d1fd36b6cf832c5d0fb555,06ecb617a272d3b23faaa73240c4f2ec3fdb265c,0afaaa248f4f63810456b4f72d6f8723dbcaf159
b691732401d86b3b19e5bf32ada5ca635a1ed1b5,edb8ef17d8c364aae83bd2832bbb2da159b2bb2f,5d6ec6b4a7074250b43d2c98a1d76eb2b8b97662
edb8ef17d8c364aae83bd2832bbb2da159b2bb2f,0deffc9597120d82c2283463136e136415927eba,475f49b6ee536219335b7372f731ae9d53df80cf
0deffc9597120d82c2283463136e136415927eba,3d6eba8d197d0aafee7ebadd41bf3cd854a0d5e5,1a456a90c77b38ad46bdc61b74e390036e8ef1b1
3d6eba8d197d0aafee7ebadd41bf3cd854a0d5e5,c31902dd3ac3cb1ccec624fe9c31f54df20b5c80,54a14c7c68ec5b23fbd8cbdb7ac3bc39d2903475
c31902dd3ac3cb1ccec624fe9c31f54df20b5c80,25aa1d4df67a6d4c8f624a551fae4f80c84fb26a,45d376dbffb84e2519fedb93276de2ecfb9eec38
1885dd55c8156607b0f56c5aea1b2ad929035b50,3c8fabbd650ac9b0901ee85b75614e1f4c1d9f4e,c1d7fbc1721717cb4b78ab1bc39e518c56229c28
c1d7fbc1721717cb4b78ab1bc39e518c56229c28,c6c70d4730e182cae80277f0dc7ba1fb04cf296e,c29a12168770f34dd8117d698521d7a320c4a659
aa928b6c3ed95ff448b9e61dcc7d9be9d1a19f93,075a8789a414f1026f6fb3386861b27b39c4d651,02b478367aa103e90931daf0930533dd77db521b
0bedbd739f4f7bc3edf45523ad68219292c43781,3c8fabbd650ac9b0901ee85b75614e1f4c1d9f4e,fe11bc649368bd09063c7c06dd80da5cb3c89c7e
3c8fabbd650ac9b0901ee85b75614e1f4c1d9f4e,489eb0cde7e31ee84b48b1ad1f79d699737a9129,b788ac710f322237f1bf73c5a28d86e7b40dd3bb
b788ac710f322237f1bf73c5a28d86e7b40dd3bb,629b13d806fe3d98f923073832c341a77d0487d5,4cb00f4e923a42e9c1bac9f8a15a35ece7de5c9b
7c461b220523d2b25036f210287036cfd690c057,d9b98e282cdc3fd15bf4645ca4bf8681b2b7a9e6,489eb0cde7e31ee84b48b1ad1f79d699737a9129
b6983951e12e48417d802f3fc37d33f5f70f350f,1e64727eca30de37584c7157b4ab4ec52021f361,598cd6a08cef6b93085c24a802b5d1fa0c254c44
94e20f74f8cc3f750a89dca67ef18b723bfe5444,a42e4e14ad33186b41af15672464a6c132940538,0696bf089f6606e1cd1adaab2c716051d457c49c
a42e4e14ad33186b41af15672464a6c132940538,96710b4aa86951583847ab764c3813a16e1aa35b,8dcbe9e2dcde04d1efa45fe5c5bb1ddd6d5293a9
8dcbe9e2dcde04d1efa45fe5c5bb1ddd6d5293a9,96710b4aa86951583847ab764c3813a16e1aa35b,6b9d0337a5197e41843ee4bf05ba01f775e27531
7927a5739a087d7681e8d0d464b009827a4d16bf,68424aeff4fd0436033d66b6cff17c913ff56e41,779de6e93e79c7f2b61d7f8f49a5c0ce9496a24b
779de6e93e79c7f2b61d7f8f49a5c0ce9496a24b,2eba0320407442e85be97b2cd84398fb6c626fe3,eac8831208f16edfc897ab02b3d61d4fe87c92b0
9619d8795361c746abcc0b18c737ec96991a7315,906e7eefc386f7fcf139569b3514e63692b31c45,cb3ffebc896eb316a6332ecdc2a6b8c71caf2a8d
b5465489e7efbd880db2ed80b23d292671488e8c,886c4db94dc99425f96431e37fbf9f889687bfe3,0752a014afab5df9dc652e24c31cb47f617b25c9
68424aeff4fd0436033d66b6cff17c913ff56e41,e2119b8ccf092455e728fbfa19385dfeaeea4032,27158fdeb45099d7be81a98e1141283a9c25e30a
27158fdeb45099d7be81a98e1141283a9c25e30a,de92ecd6f34ef2398d9786a6eeeafada1064d0d5,b7e20a43104e83f8c4a5e0ce8ef38890286962c7
de92ecd6f34ef2398d9786a6eeeafada1064d0d5,ba6fc569978412e874e8f2013270e5bcb18a0896,8e2d4ba59934cc580a2f3f8d094863086e3b0c37
e2119b8ccf092455e728fbfa19385dfeaeea4032,563b6d1cc388611f90d5ecbec58ef464e5905298,1cbda3067d6c11a05f08fcd4afa46ecfcfcba528
563b6d1cc388611f90d5ecbec58ef464e5905298,24431337d77712c672c9b2d4738c319678f61df4,cac32ebc58be23913809827f63e7c96ea59be365
02700719844a7a2769b1fec85256229da0ed7f81,a8bc56d9145334c06b619c71fabc839aa930e890,fe9ed1bd1d74d516b0164c89bc897676632f2b92
4964bb6362b875a7175dc289a66d93857a62e5dc,7dc7fe4f53f02a65af18bd00613fcbe26081d633,920d980b3bb7f4b333bf8945aa9ee1043e99b654
852ac949d210159d24a3dcb4465a8557659e8d22,8be719280a4a09fc557bba867f12b9d6de4f735a,7dc7fe4f53f02a65af18bd00613fcbe26081d633
7dc7fe4f53f02a65af18bd00613fcbe26081d633,953bebb17c339879a96c0edb09f73f4058529bea,3f6e2e2983cf571b772afc89d6c52e558dc039bf
afbeb4cec16e22f58d9e3511033fb9dbfceba314,54ac5e6749282fa17beb86671d9f6dfa77e2d7de,093089fd6b628e2eeb0a7675b12b1061d0027c81
54ac5e6749282fa17beb86671d9f6dfa77e2d7de,a9b5476da7676a4ef35810bddbfd89512821ee4d,0607c580be8a24655d1298333c02acba3a68c12e
a9b5476da7676a4ef35810bddbfd89512821ee4d,d756caa0d852d981d0ad96ec65cb1b4cf4862ec9,de35e0d094681d3b9362818de4a69d49b8ac64bd
8be719280a4a09fc557bba867f12b9d6de4f735a,96837e4d0dfcd4d338b66fdfc65bc91c5090ba97,b0d8d439a95b5912c57c3d8fa21cc834976843b5
204e00efde1b2813dae62fc1fe595d6f179146d5,15d75692161434c64f7c956016a4baa1e112b481,a1cc8cbef259a1d80259c172a47c431f888e3482
a1cc8cbef259a1d80259c172a47c431f888e3482,e2fc8bfe5267302143ded4fa05c60f003c609c8a,15d75692161434c64f7c956016a4baa1e112b481
15d75692161434c64f7c956016a4baa1e112b481,98ef2d185f5b027e888134a063b82ad4846106bb,f73cd15f171b092148b058eacbd923861a7861ed
f73cd15f171b092148b058eacbd923861a7861ed,c7c2af625fdf18b76ead65be82733bc4c29c8295,6c5a1a3b0ebd53a08751bbfec6b7f8252ae0211c
c7c2af625fdf18b76ead65be82733bc4c29c8295,a08625dabb38ac243618ca1eb389f8d0e042d698,d8c8b5ddd6d433b7c80bc5e3e469fdf277c1aa16
e2fc8bfe5267302143ded4fa05c60f003c609c8a,b9eff658a3244a92489ba60f725aaefc50034141,98ef2d185f5b027e888134a063b82ad4846106bb
a08625dabb38ac243618ca1eb389f8d0e042d698,0eb59e7c98b22ebfa2c03f5b91adf58331979687,92a0ea172cfbb023e12d915f17709fb99ab380de
0eb59e7c98b22ebfa2c03f5b91adf58331979687,8f54652b4fec97d21d2087589b6e594a5a92afed,c75ebe10a99bdcfcce3aa4482bd41fb5e8ab3729
8f54652b4fec97d21d2087589b6e594a5a92afed,16c40a1b3e4f9a55b073317d1b221f6800be0fe8,909b1650b6e6ac8adc22295aef016f13de87085f
16c40a1b3e4f9a55b073317d1b221f6800be0fe8,98ef2d185f5b027e888134a063b82ad4846106bb,3941be193a3391ab90272738bc17337c0cf5f58e
5f03fa2276b382345e68f64b592ebcb6eff23b74,266452fb7729ac9b9f4ffab78a8a57666d3377c1,71264282b4930124dedc4cb2e1a499998fe87048
71264282b4930124dedc4cb2e1a499998fe87048,173a936d689ba61056b778527b354f227fdeb437,5bf17dad6dc11fa4af789f7d2c90b99e8fcd902c
5bf17dad6dc11fa4af789f7d2c90b99e8fcd902c,ce52261abf781bb2e1cb8ba15da8673a22a8570a,392aa11e9b25b5c90875a51cc816328030fe33f4
a5d46990c627ff03d1554f92f4a1cd619601815a,1c46ff890957955f6c06ccfe69dedafcf1587fc1,173a936d689ba61056b778527b354f227fdeb437
1c46ff890957955f6c06ccfe69dedafcf1587fc1,86a4f6fa3d380b0f4aaf92e671edc8b5b81103ab,1eb0932d04ce966cc034259f97334c53ec49af22
173a936d689ba61056b778527b354f227fdeb437,7c518c547c5628063a5e2f136fd2caaa24a7207d,4c998ba2cc3abc996cb78f2c37f64cd1d6a5d138
bdc70237767b7e7cbe6ed08551dc5654cc29ff0e,3018f873c147bc885b2e999e81ad0a286281e7ec,ab28a0c83321f6fa96798bfd2b6cd9470dd3be26
5259ee9dc446f4461fe5f27983e52bb79b5034e7,7c533d26ccaee4271dabdcf9bac2098b6f050883,86a4f6fa3d380b0f4aaf92e671edc8b5b81103ab
7c518c547c5628063a5e2f136fd2caaa24a7207d,5d05154ae620d5450eaafa9788970fe891fe681e,7ead68822bf2e00dc61df2b8e22bca1f554892b9
5d05154ae620d5450eaafa9788970fe891fe681e,0f2846ef1701ee11ed1d71e298775e8073f2975d,978a3ceaa834d0cc91bb9a9f139f974a86f985c9
978a3ceaa834d0cc91bb9a9f139f974a86f985c9,e1c6c74f70887287539056df5a648724e4b77bf0,01bf83601fe388274cf21e3717ad2f0f9954d12a
e1c6c74f70887287539056df5a648724e4b77bf0,ce808da5b3845febe3e1917b235ec1c45bf19539,6827da7ec92039bc9f3a8289493a6d70256650c8
ce808da5b3845febe3e1917b235ec1c45bf19539,ef905bcf1b43fac307e3102c07c8d147404354df,995ab7e64b2f1c6d7c044fea1fa52a9313fe1f6c
ef905bcf1b43fac307e3102c07c8d147404354df,b1b6b14143b8d0421e9b3faa4d174bbfbd06d1bb,09cbe4d82b5373b1b4644c1c678e89a9f6c9078f
b1b6b14143b8d0421e9b3faa4d174bbfbd06d1bb,8aa986dff1c6d51f847e70b02666f1a1776ee4bd,7367df8050d5f08aca00f26c3e7725a38448568a
8aa986dff1c6d51f847e70b02666f1a1776ee4bd,bf5374423ff987747387eab1e008e5e9eb8a0e68,1c413cda331988e72e7478e4cd4255d6c7e2e14b
bf5374423ff987747387eab1e008e5e9eb8a0e68,316526a09e32400a589795aad0db17037a80557f,6a2c0ef05330268ff81a2a2e2d0026d0ade9790f
86a4f6fa3d380b0f4aaf92e671edc8b5b81103ab,0f2846ef1701ee11ed1d71e298775e8073f2975d,48a40eccea6cd466e7d382b9f8be0f54de253832
a3aebbad5689061bccba3373d5c46ff916ff7817,a0d4d0bd8e49a48f6fd55809c9df02e310f796f0,ae5123f84b264ea19d3020fcd12bb84e00beea4d
a5586726f09b2e9b0e1941946957763701b5de44,1893d286e70e0ee1b35e50eafa49a55c7ef2ecae,f76e5159b5bf2af314209ca75b9ef95ae45c9d7e
f76e5159b5bf2af314209ca75b9ef95ae45c9d7e,1eaff450d5d3eec4a0f943534b443857479368af,71622b7cdbce681a0d2b01acb5d84d846a5fe67a
1eaff450d5d3eec4a0f943534b443857479368af,7c1530fd4167449cf226eaf43175284cbab511ff,5069739b0a067519dbf03fbdddc28e890c366707
7c1530fd4167449cf226eaf43175284cbab511ff,93ac0c0b144856857f9ff24edc80ad6089954282,a92535ce8b8d09851b08a5395f7635b49e088710
9d80ac2d4699df58aa27161ecaba1fb757742e18,020aaa53e1fe89d318557b1be0267777cc0127e8,f19d26581917421770ca38cc0dd2b234942122b7
12440fd54324d5ffa20de508e690178aa46491a6,13aafededd89a3588d62c3400bf8b76d53102820,7a6f04ed528d3e53b17df63530bf9a6a3e5f3f2b
13aafededd89a3588d62c3400bf8b76d53102820,420fed15d38b4916bf0c2c4f3fece5aebb3f61dd,379b8ad3626de51d28a078ee6c84742d838d4a15
b15a273327b017dfc2574c22ed1d59801af417f2,43e2ccca4141adfc8ca64764dcaa1a44e2b0958f,62f03644701bdb326c935d12718599cfb22e81e1
8e3f8104ad42db327291c0c5ff7499a563aaf734,d26d03439cbec3e91e1ebe07ef3d3e168bbd4ad9,43e2ccca4141adfc8ca64764dcaa1a44e2b0958f
47f9ced9aa6fe1631be8c1d2d4a1130432c582a1,9f71e4e211dd29cdd77212ba05004a28fcbc152c,2eb4573f4276be7626af65e31a10fc5947cc4731
2eb4573f4276be7626af65e31a10fc5947cc4731,39dea0102f9a8a1b889e909d2ba2c9b0bb64e724,4356e4fb21538d982ff5eba750021207ffd3e53d
39dea0102f9a8a1b889e909d2ba2c9b0bb64e724,f7521a18d89858b16ad4ba7699c892b943f66952,126e625d21ee7b6e67a7036b0be952a395871482
f7521a18d89858b16ad4ba7699c892b943f66952,2c80b091225340ebb080490fa94293a3f1186bb9,c7109df799e1bec465a4af3fc34d7b6cec879fc8
2548d4fa32a10eda21855f6532216a45a0cecf63,26030821a9842201c5f3139b245f6b2db060a1ec,9f71e4e211dd29cdd77212ba05004a28fcbc152c
915be32ef7117c688652609eb7e6de6e32d7b024,a262ba78a4eb075a95ac7528faa0a9968f24878d,597443b3b0b723943e70dd3fb3e326aa253b582c
a262ba78a4eb075a95ac7528faa0a9968f24878d,bf180dc9afa60c945d8410002eab60dac2c4493a,c687cc1672eee5ba740ea24c2baef6c397d79daf
57f2ecf2c1dfc31e84aaf5f14d1304961266c4b2,213057576fbca844dbf52d2bfeba412a3ab85fe7,674ededfa15481f7a398c42ed695e304237a191c
a2ca0f704edef0e0692655403564dc7518c70e01,448b72622ca39e79ebeb45136b314f986b86546e,8e6e43374580e7957e620709d2c858ca264d7708
8e6e43374580e7957e620709d2c858ca264d7708,b31c8a650a792d0a63841877c693ab36d75bb0bf,17259b94ff0773315659d4bbe9d74559e3145d0e
b31c8a650a792d0a63841877c693ab36d75bb0bf,5e24c151a2b231fdaab8331ed8a38306abeca396,4fda3a3ebfd0dd8e7113dab60e905bd61c715e53
5e24c151a2b231fdaab8331ed8a38306abeca396,ccdbccf5634e65a50928072a9b569419e4482926,5e42387a0585e9ec3cd0faa9004f8cec070d6919
4aeb42ba433d6c7a4cc5054b2a2daed72c087385,f4341fd678dbd3492a5d88bc95353c79c6b89d58,1b1a9485cb8204c0dc3eb5576479884271832136
8305844af595dc59e3a1b9be93708d29699dd84d,7fba63734fbe0b40c54c3aff6bef163f039c846a,a0a42f54dc628e388a0b584f39c86dbb37d244d9
213057576fbca844dbf52d2bfeba412a3ab85fe7,b6ec18374ba0220b6d9b06e67429cc8fbaeaaeb0,96f6374f722f212a0d7fe50f6d0a191b3790a55b
96f6374f722f212a0d7fe50f6d0a191b3790a55b,b6ec18374ba0220b6d9b06e67429cc8fbaeaaeb0,1dfd3350dcd78ce29f76f4f15da0f94ca219ffad
b938171e7a57bdeecd9bd58515df7d149ce3318c,286e3d2b061fe97ff7c65c9525e157bfb0471f7f,33ac608519344b957483daefcba1d391e1873b41
33ac608519344b957483daefcba1d391e1873b41,286e3d2b061fe97ff7c65c9525e157bfb0471f7f,787e80a25c70c6da9b6ee9fa2049c05bacc605b8
286e3d2b061fe97ff7c65c9525e157bfb0471f7f,99c2580971c8f869c6fd31ea38881d8ff249243d,3b2a08a77abef4eb53d681161a19ad8b82cd8628
39a32e17d1023e878ac39976c2a363645e91fe0e,4fcff607ab031bc3df0a1863435796b8515cfe5e,87a9b002e501f7dc62874b5a9d3f958b12f6bfe0
87a9b002e501f7dc62874b5a9d3f958b12f6bfe0,4fcff607ab031bc3df0a1863435796b8515cfe5e,e6d21d4d1222a33a3bacef81f3a7ad4850d8605f
937529eff38cb065b4bf028ee873fe35b3f2ad67,bb6f3c6ca03bf9cd51a2cd963edb28a3406be7d9,f7cee9c225d9ae1477073b839f08ad6fe37c095f
bb6f3c6ca03bf9cd51a2cd963edb28a3406be7d9,aa0b9f8c3e8305bd0c61378fa20649984e59f670,5f4e950002202b4108f1091ca1ee6c644b35aa15
e6b0924aa8eea74f20f1a23c2d908bfe57738146,3fbded484a254ffc9e52ffadb05b1134b45971b6,a00c9a5631934c2252c40613341548c3e0229cbf
2ace7e68146fd3ba047752dcc26edde716da4ace,4bf129f49eb608e34e46f60edb1d23303dd2ed27,3fbded484a254ffc9e52ffadb05b1134b45971b6
3fbded484a254ffc9e52ffadb05b1134b45971b6,11cea2e332a5064a2c868a9ec6ad886e82197616,26662dec2a4475d320c7efff426210a29ae5e954
26662dec2a4475d320c7efff426210a29ae5e954,42237509de7e221b32b1c8454bf8dd04a307a75a,a6d5b6f4de1284acf9454dad2ccad3fba7ff1b1c
a6d5b6f4de1284acf9454dad2ccad3fba7ff1b1c,996e21eb1bc1afcee719f79ac1d6ac3c9b5eff5a,651fb56c0a0b1f97a643f9e268a8891cbc22bf4b
8ce5ec60bb618874dc68370f54678739b6905907,ae0cddd9f4e75959d75fd1d5b2f251ae70450f61,d2ede7ce6991e0b5ba5cd3d8c3bc07a6d36bc0d3
d26d03439cbec3e91e1ebe07ef3d3e168bbd4ad9,87adc077b99d16bee383c6d7a81c78de9b9040be,42237509de7e221b32b1c8454bf8dd04a307a75a
11cea2e332a5064a2c868a9ec6ad886e82197616,7c7be4b17c38e2baaf8c7a54f27d0d34f2212d81,42237509de7e221b32b1c8454bf8dd04a307a75a
87adc077b99d16bee383c6d7a81c78de9b9040be,92ad7c065c58272e47071a6cb4cc9624840bc709,50ebc155cb66a2d941e82c401bc7af96f9940b01
32c06207a2aba686eeb863b9ab198d6e111e4cba,6b8839eab69f1eae4b59cab8925d4ab4dfb90f50,07fe0f5d90561293d43baaaeb99efde1a197498f
77f81a01faac011f04a4253a927a520ef6783e7e,3ecb7534ef3150dc465cf1024ce0114d4da52e12,59c32fc669875fe77b1767113009dfa477450e98
6d8a51b7de4f43e841642d28babdb082af6a4b81,d563b53d1385739ddb9e34542c3fd1f01da7fa74,e6bfd66443d147d91b63be7aaf77754fba82cb3f
41c91fd0375579cb43d8d55be04ce37885e901ba,ce07649c53c42367beae63192d79454128d6c8ce,1a6163cb1a147da02ee3369e7ae74c8c4355d0a5
487037e1af6b653f4274cfc2886761562135b787,7048af6b028528017cf4a140c9e6965897e2ac91,5067f0a35def83803178966ad900901ea5acce57
70cb5359c9a5e5a2ab8ba3309f524a7a35a3cddb,b9ad0a4af1acd107678e2cd92be0678bef1b2e61,8f757c2ffea0184bf8f0dbf690d235b5a5970f30